filepath,class_name,class_index,split
D:\Plant-Disease-Detection\PlantVillage\Pepper__bell___Bacterial_spot\00f2e69a-1e56-412d-8a79-fdce794a17e4___JR_B.Spot 3132.JPG,Pepper__bell___Bacterial_spot,0,train
D:\Plant-Disease-Detection\PlantVillage\Pepper__bell___Bacterial_spot\01613cd0-d3cd-4e96-945c-a312002037bf___JR_B.Spot 3262.JPG,Pepper__bell___Bacterial_spot,0,test
D:\Plant-Disease-Detection\PlantVillage\Pepper__bell___Bacterial_spot\01940b6d-7dea-4889-a7b8-a35f4e9bba34___NREC_B.Spot 9120.JPG,Pepper__bell___Bacterial_spot,0,train
D:\Plant-Disease-Detection\PlantVillage\Pepper__bell___Bacterial_spot\01dfb88b-cd5a-420c-b163-51f5fe07b74d___JR_B.Spot 9091.JPG,Pepper__bell___Bacterial_spot,0,train
D:\Plant-Disease-Detection\PlantVillage\Pepper__bell___Bacterial_spot\01ebc916-4793-40a3-b5e4-a32687e4fa3d___NREC_B.Spot 9125.JPG,Pepper__bell___Bacterial_spot,0,train
D:\Plant-Disease-Detection\PlantVillage\Pepper__bell___Bacterial_spot\02baf62e-11e2-4dde-97fb-e369b57d55d3___JR_B.Spot 8971.JPG,Pepper__bell___Bacterial_spot,0,train
D:\Plant-Disease-Detection\PlantVillage\Pepper__bell___Bacterial_spot\03bb7042-3fd5-42e1-aa2c-d51d6843704c___JR_B.Spot 8925.JPG,Pepper__bell___Bacterial_spot,0,train
D:\Plant-Disease-Detection\PlantVillage\Pepper__bell___Bacterial_spot\04d46cfb-9cc8-4083-82af-ca2bb57c8182___NREC_B.Spot 1814.JPG,Pepper__bell___Bacterial_spot,0,test
D:\Plant-Disease-Detection\PlantVillage\Pepper__bell___Bacterial_spot\05287bcb-610b-440f-9337-c4ce98bc3bbe___JR_B.Spot 3327.JPG,Pepper__bell___Bacterial_spot,0,test
D:\Plant-Disease-Detection\PlantVillage\Pepper__bell___Bacterial_spot\05af15b5-fbda-4dab-a4ba-c783d531d24d___JR_B.Spot 3150.JPG,Pepper__bell___Bacterial_spot,0,train
D:\Plant-Disease-Detection\PlantVillage\Pepper__bell___Bacterial_spot\0a0dbf1f-1131-496f-b337-169ec6693e6f___NREC_B.Spot 9241.JPG,Pepper__bell___Bacterial_spot,0,train
D:\Plant-Disease-Detection\PlantVillage\Pepper__bell___Bacterial_spot\0a4c007d-41ab-4659-99cb-8a4ae4d07a55___NREC_B.Spot 1954.JPG,Pepper__bell___Bacterial_spot,0,train
D:\Plant-Disease-Detection\PlantVillage\Pepper__bell___Bacterial_spot\0a9cfb27-280e-475a-bbb4-8eeaeff38b8c___NREC_B.Spot 9177.JPG,Pepper__bell___Bacterial_spot,0,train
D:\Plant-Disease-Detection\PlantVillage\Pepper__bell___Bacterial_spot\0abffc81-6be8-4b17-a83c-4d2830e30382___JR_B.Spot 9076.JPG,Pepper__bell___Bacterial_spot,0,test
D:\Plant-Disease-Detection\PlantVillage\Pepper__bell___Bacterial_spot\0b27c03f-b3bc-4d96-9b76-6fbd779404b9___NREC_B.Spot 1799.JPG,Pepper__bell___Bacterial_spot,0,validation
D:\Plant-Disease-Detection\PlantVillage\Pepper__bell___Bacterial_spot\0b47ce18-7cfe-45e8-b21e-b83cb6282455___JR_B.Spot 3162.JPG,Pepper__bell___Bacterial_spot,0,train
D:\Plant-Disease-Detection\PlantVillage\Pepper__bell___Bacterial_spot\0bd0f439-013b-40ed-a6d1-4e67e971d437___JR_B.Spot 3272.JPG,Pepper__bell___Bacterial_spot,0,train
D:\Plant-Disease-Detection\PlantVillage\Pepper__bell___Bacterial_spot\0c1eb1fd-9e3a-4396-81bc-7d1d3eccc5ed___JR_B.Spot 3369.JPG,Pepper__bell___Bacterial_spot,0,validation
D:\Plant-Disease-Detection\PlantVillage\Pepper__bell___Bacterial_spot\0c2392f6-3e69-4baf-b9f3-197623f6631a___JR_B.Spot 3176.JPG,Pepper__bell___Bacterial_spot,0,train
D:\Plant-Disease-Detection\PlantVillage\Pepper__bell___Bacterial_spot\0c4e75b2-e4aa-437e-815c-636271d66bec___JR_B.Spot 3244.JPG,Pepper__bell___Bacterial_spot,0,train
D:\Plant-Disease-Detection\PlantVillage\Pepper__bell___Bacterial_spot\0c6f6805-490e-438c-b9cd-3fd7ee29f31b___NREC_B.Spot 9123.JPG,Pepper__bell___Bacterial_spot,0,test
D:\Plant-Disease-Detection\PlantVillage\Pepper__bell___Bacterial_spot\0c99cb45-b4e0-4ade-bba5-fab3b678f0bb___JR_B.Spot 8912.JPG,Pepper__bell___Bacterial_spot,0,validation
D:\Plant-Disease-Detection\PlantVillage\Pepper__bell___Bacterial_spot\0ce74db6-be9b-4c43-a104-6a3f9bcd2de2___NREC_B.Spot 1827.JPG,Pepper__bell___Bacterial_spot,0,train
D:\Plant-Disease-Detection\PlantVillage\Pepper__bell___Bacterial_spot\0d2635e7-df23-4ceb-b3ba-3af50bb58357___NREC_B.Spot 1874.JPG,Pepper__bell___Bacterial_spot,0,train
D:\Plant-Disease-Detection\PlantVillage\Pepper__bell___Bacterial_spot\0d524d59-fb02-481b-9034-64f1de0da914___NREC_B.Spot 9060.JPG,Pepper__bell___Bacterial_spot,0,train
D:\Plant-Disease-Detection\PlantVillage\Pepper__bell___Bacterial_spot\0d8421cd-eebc-4018-b591-12352dd970a7___JR_B.Spot 3234.JPG,Pepper__bell___Bacterial_spot,0,train
D:\Plant-Disease-Detection\PlantVillage\Pepper__bell___Bacterial_spot\0d8445ac-6333-42b0-bf32-950a2dd83908___NREC_B.Spot 1862.JPG,Pepper__bell___Bacterial_spot,0,train
D:\Plant-Disease-Detection\PlantVillage\Pepper__bell___Bacterial_spot\0d9b55df-a8c0-4784-b1e4-957c8d679513___NREC_B.Spot 1825.JPG,Pepper__bell___Bacterial_spot,0,train
D:\Plant-Disease-Detection\PlantVillage\Pepper__bell___Bacterial_spot\0e57b44f-bb06-43ec-8688-5a7985b461e7___JR_B.Spot 8970.JPG,Pepper__bell___Bacterial_spot,0,train
D:\Plant-Disease-Detection\PlantVillage\Pepper__bell___Bacterial_spot\0efa6329-22f4-4bf0-a67a-17b0d5e4d2f2___NREC_B.Spot 9145.JPG,Pepper__bell___Bacterial_spot,0,train
D:\Plant-Disease-Detection\PlantVillage\Pepper__bell___Bacterial_spot\0f2b941b-cce2-46e1-a6e3-6924604e9926___NREC_B.Spot 9073.JPG,Pepper__bell___Bacterial_spot,0,train
D:\Plant-Disease-Detection\PlantVillage\Pepper__bell___Bacterial_spot\0f72db9c-d635-4415-9781-68937328aed2___NREC_B.Spot 9188.JPG,Pepper__bell___Bacterial_spot,0,train
D:\Plant-Disease-Detection\PlantVillage\Pepper__bell___Bacterial_spot\0fcbdf76-fcc4-4271-986a-9466a784d404___JR_B.Spot 3374.JPG,Pepper__bell___Bacterial_spot,0,train
D:\Plant-Disease-Detection\PlantVillage\Pepper__bell___Bacterial_spot\0fdb66e8-b17d-42c2-bc6d-30dcfab8fcae___JR_B.Spot 9058.JPG,Pepper__bell___Bacterial_spot,0,train
D:\Plant-Disease-Detection\PlantVillage\Pepper__bell___Bacterial_spot\0fe8a42b-b943-43d6-88c4-78abdcbfe02d___NREC_B.Spot 9236.JPG,Pepper__bell___Bacterial_spot,0,test
D:\Plant-Disease-Detection\PlantVillage\Pepper__bell___Bacterial_spot\1181b18f-8d1d-4ba1-9fba-dfe397c585ac___NREC_B.Spot 1846.JPG,Pepper__bell___Bacterial_spot,0,train
D:\Plant-Disease-Detection\PlantVillage\Pepper__bell___Bacterial_spot\1219f26f-a23a-4c2a-99f0-407fc785c74a___JR_B.Spot 3332.JPG,Pepper__bell___Bacterial_spot,0,train
D:\Plant-Disease-Detection\PlantVillage\Pepper__bell___Bacterial_spot\1360c0b1-4eb4-491b-8544-738d3c420828___NREC_B.Spot 1977.JPG,Pepper__bell___Bacterial_spot,0,test
D:\Plant-Disease-Detection\PlantVillage\Pepper__bell___Bacterial_spot\1385e1e7-c7a5-4edb-8273-2f6a54c583fa___NREC_B.Spot 9128.JPG,Pepper__bell___Bacterial_spot,0,train
D:\Plant-Disease-Detection\PlantVillage\Pepper__bell___Bacterial_spot\1694ae00-3c5f-488c-9402-e65c70c73cf2___JR_B.Spot 3179.JPG,Pepper__bell___Bacterial_spot,0,train
D:\Plant-Disease-Detection\PlantVillage\Pepper__bell___Bacterial_spot\1732db7e-9901-46df-b20e-3ca49ff1dbad___NREC_B.Spot 1791.JPG,Pepper__bell___Bacterial_spot,0,train
D:\Plant-Disease-Detection\PlantVillage\Pepper__bell___Bacterial_spot\1a1af0c4-9e4a-4158-b982-f81d487a3b68___NREC_B.Spot 9148.JPG,Pepper__bell___Bacterial_spot,0,train
D:\Plant-Disease-Detection\PlantVillage\Pepper__bell___Bacterial_spot\1ade72cf-f7e0-4282-92d9-614bf05289a0___NREC_B.Spot 1975.JPG,Pepper__bell___Bacterial_spot,0,train
D:\Plant-Disease-Detection\PlantVillage\Pepper__bell___Bacterial_spot\1aeb4d06-0069-4fea-be9f-3200ac2e9373___NREC_B.Spot 1909.JPG,Pepper__bell___Bacterial_spot,0,train
D:\Plant-Disease-Detection\PlantVillage\Pepper__bell___Bacterial_spot\1b0cfb07-f452-49e0-85ad-45f3f519ca7a___JR_B.Spot 9094.JPG,Pepper__bell___Bacterial_spot,0,train
D:\Plant-Disease-Detection\PlantVillage\Pepper__bell___Bacterial_spot\1b589f92-a658-4e58-96de-db41acc411ce___JR_B.Spot 3239.JPG,Pepper__bell___Bacterial_spot,0,train
D:\Plant-Disease-Detection\PlantVillage\Pepper__bell___Bacterial_spot\1b73d0ec-bad1-4d2d-878e-6aa209aa39d2___JR_B.Spot 9086.JPG,Pepper__bell___Bacterial_spot,0,train
D:\Plant-Disease-Detection\PlantVillage\Pepper__bell___Bacterial_spot\1b8d3e98-43d9-441d-93ef-a359e6e9ddc2___NREC_B.Spot 9052.JPG,Pepper__bell___Bacterial_spot,0,train
D:\Plant-Disease-Detection\PlantVillage\Pepper__bell___Bacterial_spot\1c0c1501-f362-49d0-9e99-e72006441c8c___JR_B.Spot 8869.JPG,Pepper__bell___Bacterial_spot,0,test
D:\Plant-Disease-Detection\PlantVillage\Pepper__bell___Bacterial_spot\1cb295da-e568-4168-a29c-48ab980f3772___NREC_B.Spot 9250.JPG,Pepper__bell___Bacterial_spot,0,test
D:\Plant-Disease-Detection\PlantVillage\Pepper__bell___Bacterial_spot\1cce64aa-6f9f-4ce1-b319-dbc4a012b240___JR_B.Spot 8998.JPG,Pepper__bell___Bacterial_spot,0,test
D:\Plant-Disease-Detection\PlantVillage\Pepper__bell___Bacterial_spot\1d0e1dec-de79-4e26-b592-b174d7c95739___NREC_B.Spot 9186.JPG,Pepper__bell___Bacterial_spot,0,train
D:\Plant-Disease-Detection\PlantVillage\Pepper__bell___Bacterial_spot\1d26f9c5-2f4e-4b1e-a7d6-a4e9584a3ab7___JR_B.Spot 8918.JPG,Pepper__bell___Bacterial_spot,0,validation
D:\Plant-Disease-Detection\PlantVillage\Pepper__bell___Bacterial_spot\1d2949cc-b0fa-4a29-8540-2983230c34e9___JR_B.Spot 9017.JPG,Pepper__bell___Bacterial_spot,0,validation
D:\Plant-Disease-Detection\PlantVillage\Pepper__bell___Bacterial_spot\1d35e088-7147-4bac-9cce-9330a3f5906d___NREC_B.Spot 9096.JPG,Pepper__bell___Bacterial_spot,0,test
D:\Plant-Disease-Detection\PlantVillage\Pepper__bell___Bacterial_spot\1d46d97c-17ae-41e2-9ac3-6a984804760e___JR_B.Spot 8825.JPG,Pepper__bell___Bacterial_spot,0,train
D:\Plant-Disease-Detection\PlantVillage\Pepper__bell___Bacterial_spot\1d89d58f-09d2-42ee-a9dc-11e51d0a1635___JR_B.Spot 8826.JPG,Pepper__bell___Bacterial_spot,0,train
D:\Plant-Disease-Detection\PlantVillage\Pepper__bell___Bacterial_spot\1e1ee82b-592b-4158-a48b-347084647492___NREC_B.Spot 9046.JPG,Pepper__bell___Bacterial_spot,0,validation
D:\Plant-Disease-Detection\PlantVillage\Pepper__bell___Bacterial_spot\1e6d8dc0-a694-47e0-af80-81ccabdfd591___JR_B.Spot 3308.JPG,Pepper__bell___Bacterial_spot,0,test
D:\Plant-Disease-Detection\PlantVillage\Pepper__bell___Bacterial_spot\1f3b1b11-4934-4c0b-b054-8f8a977b488c___JR_B.Spot 3373.JPG,Pepper__bell___Bacterial_spot,0,test
D:\Plant-Disease-Detection\PlantVillage\Pepper__bell___Bacterial_spot\1f838b54-c372-4b51-b398-6988377b2218___JR_B.Spot 8977.JPG,Pepper__bell___Bacterial_spot,0,train
D:\Plant-Disease-Detection\PlantVillage\Pepper__bell___Bacterial_spot\1fca0f2b-857b-4cef-9218-42b1bdd92d00___JR_B.Spot 8969.JPG,Pepper__bell___Bacterial_spot,0,train
D:\Plant-Disease-Detection\PlantVillage\Pepper__bell___Bacterial_spot\2254cc78-9169-4f14-9ab9-d9d3949a5f69___JR_B.Spot 3295.JPG,Pepper__bell___Bacterial_spot,0,train
D:\Plant-Disease-Detection\PlantVillage\Pepper__bell___Bacterial_spot\2414f9df-91fd-4aed-b772-bd6b5311eb0b___JR_B.Spot 3141.JPG,Pepper__bell___Bacterial_spot,0,test
D:\Plant-Disease-Detection\PlantVillage\Pepper__bell___Bacterial_spot\2679d7e8-de91-4864-8123-d5652069232e___JR_B.Spot 3375.JPG,Pepper__bell___Bacterial_spot,0,train
D:\Plant-Disease-Detection\PlantVillage\Pepper__bell___Bacterial_spot\2700e5b5-295c-4378-b829-0e5989864380___NREC_B.Spot 9091.JPG,Pepper__bell___Bacterial_spot,0,train
D:\Plant-Disease-Detection\PlantVillage\Pepper__bell___Bacterial_spot\2a8a3b2f-d65a-416b-a251-63bb89f448c3___JR_B.Spot 3322.JPG,Pepper__bell___Bacterial_spot,0,train
D:\Plant-Disease-Detection\PlantVillage\Pepper__bell___Bacterial_spot\2adcf097-e515-49f1-9716-c0d06d8b52b4___NREC_B.Spot 1933.JPG,Pepper__bell___Bacterial_spot,0,train
D:\Plant-Disease-Detection\PlantVillage\Pepper__bell___Bacterial_spot\2b562d10-5ccf-4f20-aadc-2e1480bd303e___JR_B.Spot 3256.JPG,Pepper__bell___Bacterial_spot,0,train
D:\Plant-Disease-Detection\PlantVillage\Pepper__bell___Bacterial_spot\2b710a19-f4cd-4bcf-afbf-e48face96045___NREC_B.Spot 1931.JPG,Pepper__bell___Bacterial_spot,0,train
D:\Plant-Disease-Detection\PlantVillage\Pepper__bell___Bacterial_spot\2b8c82d0-2e5d-483a-93eb-53192fa486c9___NREC_B.Spot 1858.JPG,Pepper__bell___Bacterial_spot,0,train
D:\Plant-Disease-Detection\PlantVillage\Pepper__bell___Bacterial_spot\2bb75692-d488-406d-bce0-c7eab42557c5___NREC_B.Spot 1922.JPG,Pepper__bell___Bacterial_spot,0,validation
D:\Plant-Disease-Detection\PlantVillage\Pepper__bell___Bacterial_spot\2becae93-578d-44c6-8e74-056e59d15c8e___JR_B.Spot 3396.JPG,Pepper__bell___Bacterial_spot,0,validation
D:\Plant-Disease-Detection\PlantVillage\Pepper__bell___Bacterial_spot\2c13c040-2ce6-47c5-899c-8146cd774f79___NREC_B.Spot 1976.JPG,Pepper__bell___Bacterial_spot,0,train
D:\Plant-Disease-Detection\PlantVillage\Pepper__bell___Bacterial_spot\2c4a898a-9812-423b-bd8a-419a09699270___JR_B.Spot 8853.JPG,Pepper__bell___Bacterial_spot,0,train
D:\Plant-Disease-Detection\PlantVillage\Pepper__bell___Bacterial_spot\2c8e565d-14be-4cbe-8873-2aa25a86b98c___JR_B.Spot 8903.JPG,Pepper__bell___Bacterial_spot,0,train
D:\Plant-Disease-Detection\PlantVillage\Pepper__bell___Bacterial_spot\2ca511f9-951d-4f34-89af-25fd1a609584___NREC_B.Spot 9138.JPG,Pepper__bell___Bacterial_spot,0,train
D:\Plant-Disease-Detection\PlantVillage\Pepper__bell___Bacterial_spot\2cdea224-6f10-4a3d-a3f1-1debd1a42640___JR_B.Spot 8926.JPG,Pepper__bell___Bacterial_spot,0,train
D:\Plant-Disease-Detection\PlantVillage\Pepper__bell___Bacterial_spot\2d553272-2101-4d56-9819-9f08de938418___NREC_B.Spot 9087.JPG,Pepper__bell___Bacterial_spot,0,train
D:\Plant-Disease-Detection\PlantVillage\Pepper__bell___Bacterial_spot\2d5def2a-c79d-444e-88be-a5961c9107d0___JR_B.Spot 3249.JPG,Pepper__bell___Bacterial_spot,0,train
D:\Plant-Disease-Detection\PlantVillage\Pepper__bell___Bacterial_spot\2d7488fa-f033-4c1c-bc1f-b70f86406127___NREC_B.Spot 1800.JPG,Pepper__bell___Bacterial_spot,0,validation
D:\Plant-Disease-Detection\PlantVillage\Pepper__bell___Bacterial_spot\2d9f1bf4-6409-488c-8992-92b2909822bd___JR_B.Spot 3342.JPG,Pepper__bell___Bacterial_spot,0,train
D:\Plant-Disease-Detection\PlantVillage\Pepper__bell___Bacterial_spot\2def1cb7-36cf-4aed-a8e5-ad7864721a44___JR_B.Spot 8915.JPG,Pepper__bell___Bacterial_spot,0,train
D:\Plant-Disease-Detection\PlantVillage\Pepper__bell___Bacterial_spot\2e400707-ea59-4355-889a-32d5e56c1e1c___NREC_B.Spot 1936.JPG,Pepper__bell___Bacterial_spot,0,validation
D:\Plant-Disease-Detection\PlantVillage\Pepper__bell___Bacterial_spot\2edf5fe8-706b-4ce7-8b59-dc6bfa4b6b42___JR_B.Spot 8823.JPG,Pepper__bell___Bacterial_spot,0,train
D:\Plant-Disease-Detection\PlantVillage\Pepper__bell___Bacterial_spot\2f26c2e1-a13d-41c9-9adf-51fb0ad99785___NREC_B.Spot 1849.JPG,Pepper__bell___Bacterial_spot,0,train
D:\Plant-Disease-Detection\PlantVillage\Pepper__bell___Bacterial_spot\2f9b46c7-fa77-4196-9ed1-f3f316182340___JR_B.Spot 8943.JPG,Pepper__bell___Bacterial_spot,0,train
D:\Plant-Disease-Detection\PlantVillage\Pepper__bell___Bacterial_spot\2fd2f664-70aa-40d6-b770-bb839944ce18___JR_B.Spot 3261.JPG,Pepper__bell___Bacterial_spot,0,test
D:\Plant-Disease-Detection\PlantVillage\Pepper__bell___Bacterial_spot\3233e1db-99e9-4107-8711-c8b28a8bfda1___JR_B.Spot 3165.JPG,Pepper__bell___Bacterial_spot,0,validation
D:\Plant-Disease-Detection\PlantVillage\Pepper__bell___Bacterial_spot\3294ec88-cc8d-4e3a-af08-f2f9d7f4a73b___JR_B.Spot 3196.JPG,Pepper__bell___Bacterial_spot,0,test
D:\Plant-Disease-Detection\PlantVillage\Pepper__bell___Bacterial_spot\3342ddb9-c0b2-44c1-90eb-035e207a5c8a___JR_B.Spot 3372.JPG,Pepper__bell___Bacterial_spot,0,train
D:\Plant-Disease-Detection\PlantVillage\Pepper__bell___Bacterial_spot\3610f357-8b9f-4f98-8e7f-c4297daf3b20___NREC_B.Spot 1971.JPG,Pepper__bell___Bacterial_spot,0,test
D:\Plant-Disease-Detection\PlantVillage\Pepper__bell___Bacterial_spot\3a03526d-0bf4-4898-9f0f-8a9c31afd3eb___JR_B.Spot 3380.JPG,Pepper__bell___Bacterial_spot,0,train
D:\Plant-Disease-Detection\PlantVillage\Pepper__bell___Bacterial_spot\3a041cb2-cd43-4fcf-8f84-f559d40f1bd8___JR_B.Spot 9101.JPG,Pepper__bell___Bacterial_spot,0,train
D:\Plant-Disease-Detection\PlantVillage\Pepper__bell___Bacterial_spot\3a56f122-0d06-45c2-bc2b-0636d42a7545___JR_B.Spot 9088.JPG,Pepper__bell___Bacterial_spot,0,train
D:\Plant-Disease-Detection\PlantVillage\Pepper__bell___Bacterial_spot\3af826c4-e8d8-472f-b4cf-d1a34bc2cd35___NREC_B.Spot 9051.JPG,Pepper__bell___Bacterial_spot,0,train
D:\Plant-Disease-Detection\PlantVillage\Pepper__bell___Bacterial_spot\3b03d630-d2a3-4c76-9c95-0783b50895d8___NREC_B.Spot 9168.JPG,Pepper__bell___Bacterial_spot,0,train
D:\Plant-Disease-Detection\PlantVillage\Pepper__bell___Bacterial_spot\3b3fcf17-b337-4548-b27f-f2b501c035c0___NREC_B.Spot 1942.JPG,Pepper__bell___Bacterial_spot,0,train
D:\Plant-Disease-Detection\PlantVillage\Pepper__bell___Bacterial_spot\3b58322b-64c3-4354-8612-93a6f50a096e___JR_B.Spot 3291.JPG,Pepper__bell___Bacterial_spot,0,train
D:\Plant-Disease-Detection\PlantVillage\Pepper__bell___Bacterial_spot\3b9a94fb-856a-4576-94e3-6c16bf01118f___JR_B.Spot 8956.JPG,Pepper__bell___Bacterial_spot,0,test
D:\Plant-Disease-Detection\PlantVillage\Pepper__bell___Bacterial_spot\3bb93b52-4419-4882-9a35-0533f48757df___JR_B.Spot 3311.JPG,Pepper__bell___Bacterial_spot,0,train
D:\Plant-Disease-Detection\PlantVillage\Pepper__bell___Bacterial_spot\3bf80a4f-7a2b-4cdf-a93f-dfa12ddb4128___NREC_B.Spot 9233.JPG,Pepper__bell___Bacterial_spot,0,train
D:\Plant-Disease-Detection\PlantVillage\Pepper__bell___Bacterial_spot\3c237d3f-7242-4009-a08a-b4eb7cd662fc___NREC_B.Spot 1969.JPG,Pepper__bell___Bacterial_spot,0,validation
D:\Plant-Disease-Detection\PlantVillage\Pepper__bell___Bacterial_spot\3cc682be-f9eb-4464-a385-7265d8871b03___NREC_B.Spot 1865.JPG,Pepper__bell___Bacterial_spot,0,validation
D:\Plant-Disease-Detection\PlantVillage\Pepper__bell___Bacterial_spot\3d0ebe4c-591f-490f-b389-cd8f424acbba___JR_B.Spot 9041.JPG,Pepper__bell___Bacterial_spot,0,train
D:\Plant-Disease-Detection\PlantVillage\Pepper__bell___Bacterial_spot\3d203d3a-3614-4ddf-9956-0c6a12208c7e___JR_B.Spot 3391.JPG,Pepper__bell___Bacterial_spot,0,validation
D:\Plant-Disease-Detection\PlantVillage\Pepper__bell___Bacterial_spot\3d5f977b-126e-4c4b-b6c2-5d81a69cf2d0___JR_B.Spot 3220.JPG,Pepper__bell___Bacterial_spot,0,test
D:\Plant-Disease-Detection\PlantVillage\Pepper__bell___Bacterial_spot\3d6a3d51-8a9f-42ff-b4bf-299778c3e0a8___JR_B.Spot 3184.JPG,Pepper__bell___Bacterial_spot,0,validation
D:\Plant-Disease-Detection\PlantVillage\Pepper__bell___Bacterial_spot\3d87a319-d032-4bac-9b6c-0160a23531b9___NREC_B.Spot 1853.JPG,Pepper__bell___Bacterial_spot,0,train
D:\Plant-Disease-Detection\PlantVillage\Pepper__bell___Bacterial_spot\3da16030-36bd-4866-826f-70945a9f8b60___JR_B.Spot 8934.JPG,Pepper__bell___Bacterial_spot,0,train
D:\Plant-Disease-Detection\PlantVillage\Pepper__bell___Bacterial_spot\3dcf00d5-a9c0-4920-8767-2355f3f85bc4___NREC_B.Spot 9218.JPG,Pepper__bell___Bacterial_spot,0,test
D:\Plant-Disease-Detection\PlantVillage\Pepper__bell___Bacterial_spot\3ddc56a6-7b13-43ae-841a-c6f6818d001b___JR_B.Spot 3190.JPG,Pepper__bell___Bacterial_spot,0,train
D:\Plant-Disease-Detection\PlantVillage\Pepper__bell___Bacterial_spot\3df25df9-50f7-4430-8853-0ab2d3ca2579___JR_B.Spot 9083.JPG,Pepper__bell___Bacterial_spot,0,train
D:\Plant-Disease-Detection\PlantVillage\Pepper__bell___Bacterial_spot\3e71a4e5-32e9-404e-815c-95208f7a79fd___JR_B.Spot 3258.JPG,Pepper__bell___Bacterial_spot,0,train
D:\Plant-Disease-Detection\PlantVillage\Pepper__bell___Bacterial_spot\3ecf6ae1-56d9-47c0-bedb-af7954dbc3c6___JR_B.Spot 8953.JPG,Pepper__bell___Bacterial_spot,0,train
D:\Plant-Disease-Detection\PlantVillage\Pepper__bell___Bacterial_spot\3f365db3-6af8-4113-97f1-1c8771cab676___NREC_B.Spot 1789.JPG,Pepper__bell___Bacterial_spot,0,train
D:\Plant-Disease-Detection\PlantVillage\Pepper__bell___Bacterial_spot\3f436076-8f23-46e8-a730-08bffac34ea4___JR_B.Spot 3379.JPG,Pepper__bell___Bacterial_spot,0,test
D:\Plant-Disease-Detection\PlantVillage\Pepper__bell___Bacterial_spot\3f4bec2b-fc05-4b3a-89aa-36960c25ecd1___JR_B.Spot 3207.JPG,Pepper__bell___Bacterial_spot,0,train
D:\Plant-Disease-Detection\PlantVillage\Pepper__bell___Bacterial_spot\3fdbfdf3-ae31-49eb-8012-04cb4d3fc051___NREC_B.Spot 1973.JPG,Pepper__bell___Bacterial_spot,0,train
D:\Plant-Disease-Detection\PlantVillage\Pepper__bell___Bacterial_spot\3ff12256-cb79-4a74-8c2f-2df51b31d646___NREC_B.Spot 9242.JPG,Pepper__bell___Bacterial_spot,0,train
D:\Plant-Disease-Detection\PlantVillage\Pepper__bell___Bacterial_spot\4040f0a8-b1e5-47e9-b8ad-521818bf8c52___NREC_B.Spot 9202.JPG,Pepper__bell___Bacterial_spot,0,train
D:\Plant-Disease-Detection\PlantVillage\Pepper__bell___Bacterial_spot\4307f7a4-e666-40ee-a2b5-ff9c4e3e70e1___JR_B.Spot 3109.JPG,Pepper__bell___Bacterial_spot,0,test
D:\Plant-Disease-Detection\PlantVillage\Pepper__bell___Bacterial_spot\4396fc84-fea6-4cfd-a352-01241e44efda___NREC_B.Spot 1927.JPG,Pepper__bell___Bacterial_spot,0,train
D:\Plant-Disease-Detection\PlantVillage\Pepper__bell___Bacterial_spot\4420dd15-6c5f-4631-b21e-7db8fa5bd405___JR_B.Spot 3290.JPG,Pepper__bell___Bacterial_spot,0,train
D:\Plant-Disease-Detection\PlantVillage\Pepper__bell___Bacterial_spot\4434e395-4f3d-435d-9101-ece6be005fd6___JR_B.Spot 8928.JPG,Pepper__bell___Bacterial_spot,0,train
D:\Plant-Disease-Detection\PlantVillage\Pepper__bell___Bacterial_spot\4495c311-4a29-4d3b-9805-e63ec24e805f___JR_B.Spot 9082.JPG,Pepper__bell___Bacterial_spot,0,train
D:\Plant-Disease-Detection\PlantVillage\Pepper__bell___Bacterial_spot\4614ed01-e120-4ae9-8f13-028fa8297873___JR_B.Spot 8985.JPG,Pepper__bell___Bacterial_spot,0,train
D:\Plant-Disease-Detection\PlantVillage\Pepper__bell___Bacterial_spot\4683ce17-7653-4718-95a5-7158f3094640___NREC_B.Spot 9196.JPG,Pepper__bell___Bacterial_spot,0,train
D:\Plant-Disease-Detection\PlantVillage\Pepper__bell___Bacterial_spot\4702d273-50d0-4b7c-b759-7ef62cdb441f___NREC_B.Spot 1828.JPG,Pepper__bell___Bacterial_spot,0,train
D:\Plant-Disease-Detection\PlantVillage\Pepper__bell___Bacterial_spot\4911efb7-feaf-4602-a028-68b77294c06f___JR_B.Spot 3255.JPG,Pepper__bell___Bacterial_spot,0,validation
D:\Plant-Disease-Detection\PlantVillage\Pepper__bell___Bacterial_spot\4995d36f-321f-4f9e-82c8-9a0c78d1f266___NREC_B.Spot 9076.JPG,Pepper__bell___Bacterial_spot,0,validation
D:\Plant-Disease-Detection\PlantVillage\Pepper__bell___Bacterial_spot\4a18013a-dcd1-4974-b841-89c49b198a11___NREC_B.Spot 1984.JPG,Pepper__bell___Bacterial_spot,0,test
D:\Plant-Disease-Detection\PlantVillage\Pepper__bell___Bacterial_spot\4a1ba341-501b-4f74-879b-61a9e29a8f9a___NREC_B.Spot 9211.JPG,Pepper__bell___Bacterial_spot,0,train
D:\Plant-Disease-Detection\PlantVillage\Pepper__bell___Bacterial_spot\4aa16bda-c8f4-40b1-9f68-16bc936e6e9e___JR_B.Spot 3157.JPG,Pepper__bell___Bacterial_spot,0,validation
D:\Plant-Disease-Detection\PlantVillage\Pepper__bell___Bacterial_spot\4b5d5cc8-6df9-4963-8e68-1aaf3e8f2363___JR_B.Spot 3358.JPG,Pepper__bell___Bacterial_spot,0,validation
D:\Plant-Disease-Detection\PlantVillage\Pepper__bell___Bacterial_spot\4b70a1bf-7bee-41d1-b4ff-415307d6d1ca___NREC_B.Spot 1808.JPG,Pepper__bell___Bacterial_spot,0,train
D:\Plant-Disease-Detection\PlantVillage\Pepper__bell___Bacterial_spot\4bad40b0-af40-4deb-820c-edbcbb9ea372___NREC_B.Spot 1843.JPG,Pepper__bell___Bacterial_spot,0,train
D:\Plant-Disease-Detection\PlantVillage\Pepper__bell___Bacterial_spot\4bfd707f-94f4-442d-9dfc-8a96b51653d4___JR_B.Spot 3334.JPG,Pepper__bell___Bacterial_spot,0,train
D:\Plant-Disease-Detection\PlantVillage\Pepper__bell___Bacterial_spot\4c1f3e8b-4c85-4554-b1d7-25feca1f58b3___JR_B.Spot 3250.JPG,Pepper__bell___Bacterial_spot,0,train
D:\Plant-Disease-Detection\PlantVillage\Pepper__bell___Bacterial_spot\4c234632-b720-420d-934f-95b83f2dd59d___JR_B.Spot 3131.JPG,Pepper__bell___Bacterial_spot,0,train
D:\Plant-Disease-Detection\PlantVillage\Pepper__bell___Bacterial_spot\4c2444b0-9bf1-4672-a118-dbde778fdab0___JR_B.Spot 8937.JPG,Pepper__bell___Bacterial_spot,0,train
D:\Plant-Disease-Detection\PlantVillage\Pepper__bell___Bacterial_spot\4c34e3ed-523a-414d-b28d-52078277cb67___NREC_B.Spot 9174.JPG,Pepper__bell___Bacterial_spot,0,train
D:\Plant-Disease-Detection\PlantVillage\Pepper__bell___Bacterial_spot\4c664b0a-9ee7-48c2-aaf4-d54e34f5edd3___JR_B.Spot 9060.JPG,Pepper__bell___Bacterial_spot,0,train
D:\Plant-Disease-Detection\PlantVillage\Pepper__bell___Bacterial_spot\4c6a8199-896f-4cbf-8db4-3baa021a9e1c___NREC_B.Spot 9247.JPG,Pepper__bell___Bacterial_spot,0,train
D:\Plant-Disease-Detection\PlantVillage\Pepper__bell___Bacterial_spot\4cda1135-6cad-421b-9648-d00f9f3cd16f___JR_B.Spot 3304.JPG,Pepper__bell___Bacterial_spot,0,train
D:\Plant-Disease-Detection\PlantVillage\Pepper__bell___Bacterial_spot\4cf90b49-1b89-422e-84ae-2e2fcfc2fa02___JR_B.Spot 3362.JPG,Pepper__bell___Bacterial_spot,0,train
D:\Plant-Disease-Detection\PlantVillage\Pepper__bell___Bacterial_spot\4d035250-f831-438b-a583-d192cbb26a55___JR_B.Spot 3163.JPG,Pepper__bell___Bacterial_spot,0,train
D:\Plant-Disease-Detection\PlantVillage\Pepper__bell___Bacterial_spot\4d20e159-894a-4718-a9f8-e866e7c5a3d9___JR_B.Spot 9025.JPG,Pepper__bell___Bacterial_spot,0,train
D:\Plant-Disease-Detection\PlantVillage\Pepper__bell___Bacterial_spot\4d42924a-13e0-4e26-b131-2125e154c542___NREC_B.Spot 9220.JPG,Pepper__bell___Bacterial_spot,0,train
D:\Plant-Disease-Detection\PlantVillage\Pepper__bell___Bacterial_spot\4d9ffd2f-2740-42f0-9679-c00961ec8f71___NREC_B.Spot 9226.JPG,Pepper__bell___Bacterial_spot,0,validation
D:\Plant-Disease-Detection\PlantVillage\Pepper__bell___Bacterial_spot\4e380ba7-b5dc-46e3-850e-b52a775378d0___NREC_B.Spot 9107.JPG,Pepper__bell___Bacterial_spot,0,train
D:\Plant-Disease-Detection\PlantVillage\Pepper__bell___Bacterial_spot\4eac0e27-27a7-49ad-80d7-6475aa904154___NREC_B.Spot 1896.JPG,Pepper__bell___Bacterial_spot,0,validation
D:\Plant-Disease-Detection\PlantVillage\Pepper__bell___Bacterial_spot\4ed61fe2-848f-40a3-ba6d-e81b0564bfec___JR_B.Spot 8865.JPG,Pepper__bell___Bacterial_spot,0,train
D:\Plant-Disease-Detection\PlantVillage\Pepper__bell___Bacterial_spot\4f49f8c2-d091-40d0-b85c-db10099b3caa___NREC_B.Spot 9171.JPG,Pepper__bell___Bacterial_spot,0,train
D:\Plant-Disease-Detection\PlantVillage\Pepper__bell___Bacterial_spot\4f539b76-13f8-43ab-a630-0cc6b1461bc9___JR_B.Spot 3381.JPG,Pepper__bell___Bacterial_spot,0,train
D:\Plant-Disease-Detection\PlantVillage\Pepper__bell___Bacterial_spot\4fc91e77-fdbc-4041-a510-b267ebbc4bb9___NREC_B.Spot 9055.JPG,Pepper__bell___Bacterial_spot,0,train
D:\Plant-Disease-Detection\PlantVillage\Pepper__bell___Bacterial_spot\5149fd50-acad-4a4f-a098-a5378d31479e___NREC_B.Spot 9142.JPG,Pepper__bell___Bacterial_spot,0,train
D:\Plant-Disease-Detection\PlantVillage\Pepper__bell___Bacterial_spot\5220d08b-9ead-4c12-9a25-7044d1669d0d___JR_B.Spot 3208.JPG,Pepper__bell___Bacterial_spot,0,validation
D:\Plant-Disease-Detection\PlantVillage\Pepper__bell___Bacterial_spot\5373b361-a0ee-477a-b8e9-f889d062ac1c___JR_B.Spot 3209.JPG,Pepper__bell___Bacterial_spot,0,train
D:\Plant-Disease-Detection\PlantVillage\Pepper__bell___Bacterial_spot\5393f88f-ab0b-4b96-bc56-a76eeb106095___JR_B.Spot 8851.JPG,Pepper__bell___Bacterial_spot,0,train
D:\Plant-Disease-Detection\PlantVillage\Pepper__bell___Bacterial_spot\5528b2f7-3c8f-4c20-8fdc-5fa996e9a637___JR_B.Spot 3236.JPG,Pepper__bell___Bacterial_spot,0,test
D:\Plant-Disease-Detection\PlantVillage\Pepper__bell___Bacterial_spot\5577c999-dcb2-473a-8455-9972b4ff19ea___NREC_B.Spot 9205.JPG,Pepper__bell___Bacterial_spot,0,train
D:\Plant-Disease-Detection\PlantVillage\Pepper__bell___Bacterial_spot\5579d5a5-ca6a-4a13-ae08-4f791fdc2e2a___NREC_B.Spot 1826.JPG,Pepper__bell___Bacterial_spot,0,train
D:\Plant-Disease-Detection\PlantVillage\Pepper__bell___Bacterial_spot\5979f1be-c7a6-47c5-b438-60c3eab4218e___JR_B.Spot 9093.JPG,Pepper__bell___Bacterial_spot,0,validation
D:\Plant-Disease-Detection\PlantVillage\Pepper__bell___Bacterial_spot\5a41f26f-19c9-43bc-8032-553300c7f7ff___JR_B.Spot 3125.JPG,Pepper__bell___Bacterial_spot,0,train
D:\Plant-Disease-Detection\PlantVillage\Pepper__bell___Bacterial_spot\5b00e7ef-db0e-43d3-9d4c-db2d8ee2fac3___JR_B.Spot 3360.JPG,Pepper__bell___Bacterial_spot,0,train
D:\Plant-Disease-Detection\PlantVillage\Pepper__bell___Bacterial_spot\5bd8d538-c13c-4da8-9f70-6c9a936dee3f___JR_B.Spot 3164.JPG,Pepper__bell___Bacterial_spot,0,test
D:\Plant-Disease-Detection\PlantVillage\Pepper__bell___Bacterial_spot\5bdf4dcc-7f67-4dc6-92a3-671c6dd4c61f___JR_B.Spot 8942.JPG,Pepper__bell___Bacterial_spot,0,train
D:\Plant-Disease-Detection\PlantVillage\Pepper__bell___Bacterial_spot\924c8aa8-14ac-4b67-847b-900965799792___JR_B.Spot 3169.JPG,Pepper__bell___Bacterial_spot,0,train
D:\Plant-Disease-Detection\PlantVillage\Pepper__bell___Bacterial_spot\937f93b6-2ecd-4129-9995-e0473d498335___NREC_B.Spot 9045.JPG,Pepper__bell___Bacterial_spot,0,validation
D:\Plant-Disease-Detection\PlantVillage\Pepper__bell___Bacterial_spot\948bc0e0-8552-426a-898f-270b9573c28f___NREC_B.Spot 9062.JPG,Pepper__bell___Bacterial_spot,0,train
D:\Plant-Disease-Detection\PlantVillage\Pepper__bell___Bacterial_spot\968ac529-2487-4400-b495-423d49d69831___NREC_B.Spot 9238.JPG,Pepper__bell___Bacterial_spot,0,test
D:\Plant-Disease-Detection\PlantVillage\Pepper__bell___Bacterial_spot\969f1458-b7a9-4880-9759-05b0005c978e___JR_B.Spot 8978.JPG,Pepper__bell___Bacterial_spot,0,train
D:\Plant-Disease-Detection\PlantVillage\Pepper__bell___Bacterial_spot\971daa99-7eea-4163-9a1e-3eebd7081f0e___JR_B.Spot 3271.JPG,Pepper__bell___Bacterial_spot,0,train
D:\Plant-Disease-Detection\PlantVillage\Pepper__bell___Bacterial_spot\d0776882-b233-48b9-a7dc-a426ffc7cd0e___JR_B.Spot 3227.JPG,Pepper__bell___Bacterial_spot,0,validation
D:\Plant-Disease-Detection\PlantVillage\Pepper__bell___Bacterial_spot\d13cfcd6-79ac-48c9-9e88-931982463214___NREC_B.Spot 1895.JPG,Pepper__bell___Bacterial_spot,0,train
D:\Plant-Disease-Detection\PlantVillage\Pepper__bell___Bacterial_spot\d22776e6-5234-4c6b-a196-a04b281c3808___JR_B.Spot 3351.JPG,Pepper__bell___Bacterial_spot,0,train
D:\Plant-Disease-Detection\PlantVillage\Pepper__bell___Bacterial_spot\d28d81c9-d06f-4e9c-b9f6-8347273320b6___NREC_B.Spot 1983.JPG,Pepper__bell___Bacterial_spot,0,train
D:\Plant-Disease-Detection\PlantVillage\Pepper__bell___Bacterial_spot\d301e0ad-26ae-424e-ace7-d38996e15660___JR_B.Spot 8932.JPG,Pepper__bell___Bacterial_spot,0,train
D:\Plant-Disease-Detection\PlantVillage\Pepper__bell___Bacterial_spot\d31615a2-7518-4b93-8695-c2d00dc9a9fb___NREC_B.Spot 9149.JPG,Pepper__bell___Bacterial_spot,0,train
D:\Plant-Disease-Detection\PlantVillage\Pepper__bell___Bacterial_spot\d3522fcb-a325-48b2-8b37-881a56e190e4___NREC_B.Spot 9047.JPG,Pepper__bell___Bacterial_spot,0,train
D:\Plant-Disease-Detection\PlantVillage\Pepper__bell___Bacterial_spot\d4639ccf-ba9b-42ee-a7ab-03e4272c4f9b___JR_B.Spot 3403.JPG,Pepper__bell___Bacterial_spot,0,train
D:\Plant-Disease-Detection\PlantVillage\Pepper__bell___Bacterial_spot\d46517ef-7359-469f-9dd3-c8669c6cd889___NREC_B.Spot 1902.JPG,Pepper__bell___Bacterial_spot,0,train
D:\Plant-Disease-Detection\PlantVillage\Pepper__bell___Bacterial_spot\d47bf701-9feb-46d5-a4e6-4cf58765898f___NREC_B.Spot 9136.JPG,Pepper__bell___Bacterial_spot,0,train
D:\Plant-Disease-Detection\PlantVillage\Pepper__bell___Bacterial_spot\d563f31e-4aec-4c53-baaa-ab3a3faa2a89___JR_B.Spot 3356.JPG,Pepper__bell___Bacterial_spot,0,train
D:\Plant-Disease-Detection\PlantVillage\Pepper__bell___Bacterial_spot\d598dca9-3560-44d7-ac84-7dc1eeb72655___NREC_B.Spot 9121.JPG,Pepper__bell___Bacterial_spot,0,train
D:\Plant-Disease-Detection\PlantVillage\Pepper__bell___Bacterial_spot\d613de53-a4c4-49af-a909-29c4354c5ff2___NREC_B.Spot 9224.JPG,Pepper__bell___Bacterial_spot,0,train
D:\Plant-Disease-Detection\PlantVillage\Pepper__bell___Bacterial_spot\d63d868b-4c15-4b4a-975a-d4545c37c0c2___JR_B.Spot 3378.JPG,Pepper__bell___Bacterial_spot,0,test
D:\Plant-Disease-Detection\PlantVillage\Pepper__bell___Bacterial_spot\d696fdd7-228b-41be-9401-9ab0f8053802___NREC_B.Spot 9116.JPG,Pepper__bell___Bacterial_spot,0,test
D:\Plant-Disease-Detection\PlantVillage\Pepper__bell___Bacterial_spot\d6b7a95f-019c-4cf6-b7da-d8bdc18a6c76___JR_B.Spot 9028.JPG,Pepper__bell___Bacterial_spot,0,validation
D:\Plant-Disease-Detection\PlantVillage\Pepper__bell___Bacterial_spot\d6ec81e9-4a00-4b62-9e45-0d4fde6a5c68___NREC_B.Spot 1850.JPG,Pepper__bell___Bacterial_spot,0,train
D:\Plant-Disease-Detection\PlantVillage\Pepper__bell___Bacterial_spot\d7010297-6cb4-435d-ad31-12758c1520c8___JR_B.Spot 8940.JPG,Pepper__bell___Bacterial_spot,0,test
D:\Plant-Disease-Detection\PlantVillage\Pepper__bell___Bacterial_spot\d74d7c16-ab04-49fa-9feb-8677ec37810c___JR_B.Spot 9053.JPG,Pepper__bell___Bacterial_spot,0,train
D:\Plant-Disease-Detection\PlantVillage\Pepper__bell___Bacterial_spot\d7ab068b-694f-4a0e-8e72-ad065d9e7022___NREC_B.Spot 1834.JPG,Pepper__bell___Bacterial_spot,0,train
D:\Plant-Disease-Detection\PlantVillage\Pepper__bell___Bacterial_spot\d7b5cac3-8927-4de2-a1e5-cc44ccb15a32___NREC_B.Spot 1866.JPG,Pepper__bell___Bacterial_spot,0,train
D:\Plant-Disease-Detection\PlantVillage\Pepper__bell___Bacterial_spot\d877c51c-12ce-44e0-b737-d06d0e8431b6___JR_B.Spot 3114.JPG,Pepper__bell___Bacterial_spot,0,train
D:\Plant-Disease-Detection\PlantVillage\Pepper__bell___Bacterial_spot\d890ffc6-e6c8-4ef6-bde4-980cf0a465e1___JR_B.Spot 8945.JPG,Pepper__bell___Bacterial_spot,0,train
D:\Plant-Disease-Detection\PlantVillage\Pepper__bell___Bacterial_spot\d8b6995c-51c0-4c90-bd2e-3a6f563ce7a5___NREC_B.Spot 9184.JPG,Pepper__bell___Bacterial_spot,0,train
D:\Plant-Disease-Detection\PlantVillage\Pepper__bell___Bacterial_spot\d8e201e5-870e-4985-b2d7-f0dc80ab96b0___JR_B.Spot 8892.JPG,Pepper__bell___Bacterial_spot,0,test
D:\Plant-Disease-Detection\PlantVillage\Pepper__bell___Bacterial_spot\d8f12aac-c54d-40e0-9ec3-ea6f0220314a___JR_B.Spot 3248.JPG,Pepper__bell___Bacterial_spot,0,train
D:\Plant-Disease-Detection\PlantVillage\Pepper__bell___Bacterial_spot\d8f2cdbc-8c31-40e9-af5e-a2a2176da4fb___NREC_B.Spot 1949.JPG,Pepper__bell___Bacterial_spot,0,train
D:\Plant-Disease-Detection\PlantVillage\Pepper__bell___Bacterial_spot\d93d572c-d016-4c57-a9b2-af77c3521405___JR_B.Spot 3336.JPG,Pepper__bell___Bacterial_spot,0,train
D:\Plant-Disease-Detection\PlantVillage\Pepper__bell___Bacterial_spot\d966525e-821a-4d1b-a4e5-6bb5b7224cee___NREC_B.Spot 1884.JPG,Pepper__bell___Bacterial_spot,0,train
D:\Plant-Disease-Detection\PlantVillage\Pepper__bell___Bacterial_spot\d976cf27-8d18-4ecf-9dd1-c462e807e9a3___NREC_B.Spot 9139.JPG,Pepper__bell___Bacterial_spot,0,test
D:\Plant-Disease-Detection\PlantVillage\Pepper__bell___Bacterial_spot\d9aa27e5-d9ea-4a43-80c5-add00101706f___JR_B.Spot 8893.JPG,Pepper__bell___Bacterial_spot,0,train
D:\Plant-Disease-Detection\PlantVillage\Pepper__bell___Bacterial_spot\d9bc75ea-cbc2-4677-b8f8-8b7181c8292c___JR_B.Spot 8923.JPG,Pepper__bell___Bacterial_spot,0,train
D:\Plant-Disease-Detection\PlantVillage\Pepper__bell___Bacterial_spot\d9d20fce-3cef-4c89-8a3f-7294e05df853___JR_B.Spot 3225.JPG,Pepper__bell___Bacterial_spot,0,train
D:\Plant-Disease-Detection\PlantVillage\Pepper__bell___Bacterial_spot\da357d28-8de5-4d71-9c44-3a5ea8dbb476___NREC_B.Spot 1910.JPG,Pepper__bell___Bacterial_spot,0,validation
D:\Plant-Disease-Detection\PlantVillage\Pepper__bell___Bacterial_spot\da3fdd83-69de-4688-8386-71e01138f324___JR_B.Spot 8994.JPG,Pepper__bell___Bacterial_spot,0,train
D:\Plant-Disease-Detection\PlantVillage\Pepper__bell___Bacterial_spot\da56da68-37e7-4003-8ebe-de5e545945f6___NREC_B.Spot 9197.JPG,Pepper__bell___Bacterial_spot,0,train
D:\Plant-Disease-Detection\PlantVillage\Pepper__bell___Bacterial_spot\da6bf599-43d6-4b8e-80bd-97721561273f___JR_B.Spot 8973.JPG,Pepper__bell___Bacterial_spot,0,test
D:\Plant-Disease-Detection\PlantVillage\Pepper__bell___Bacterial_spot\da80eee6-ceb1-4d53-b783-3e865087ed26___JR_B.Spot 3314.JPG,Pepper__bell___Bacterial_spot,0,train
D:\Plant-Disease-Detection\PlantVillage\Pepper__bell___Bacterial_spot\da982561-a660-482e-bccc-72bdff79e454___NREC_B.Spot 1966.JPG,Pepper__bell___Bacterial_spot,0,train
D:\Plant-Disease-Detection\PlantVillage\Pepper__bell___Bacterial_spot\dab1cfaf-544d-48e0-bfe7-368d65761902___JR_B.Spot 8904.JPG,Pepper__bell___Bacterial_spot,0,train
D:\Plant-Disease-Detection\PlantVillage\Pepper__bell___Bacterial_spot\db2c9432-9f29-4867-a07f-b6e78aa946a4___JR_B.Spot 3138.JPG,Pepper__bell___Bacterial_spot,0,validation
D:\Plant-Disease-Detection\PlantVillage\Pepper__bell___Bacterial_spot\db56c75b-22ed-473b-91ce-814d78d38574___JR_B.Spot 3325.JPG,Pepper__bell___Bacterial_spot,0,train
D:\Plant-Disease-Detection\PlantVillage\Pepper__bell___Bacterial_spot\dbc3b845-7e0f-4097-85b9-0593b3a222b8___NREC_B.Spot 1981.JPG,Pepper__bell___Bacterial_spot,0,train
D:\Plant-Disease-Detection\PlantVillage\Pepper__bell___Bacterial_spot\dc3080c3-d1c6-47d1-a301-191598ebb4f8___JR_B.Spot 3210.JPG,Pepper__bell___Bacterial_spot,0,train
D:\Plant-Disease-Detection\PlantVillage\Pepper__bell___Bacterial_spot\dd1be385-6753-4a84-ab24-bf4b9ede3950___NREC_B.Spot 9198.JPG,Pepper__bell___Bacterial_spot,0,validation
D:\Plant-Disease-Detection\PlantVillage\Pepper__bell___Bacterial_spot\dd2bf52d-685d-4feb-ac7e-846cbd29d9c3___JR_B.Spot 8891.JPG,Pepper__bell___Bacterial_spot,0,validation
D:\Plant-Disease-Detection\PlantVillage\Pepper__bell___Bacterial_spot\dd84d6d6-9bd9-4abe-b838-076c4af45b37___JR_B.Spot 8882.JPG,Pepper__bell___Bacterial_spot,0,train
D:\Plant-Disease-Detection\PlantVillage\Pepper__bell___Bacterial_spot\de583596-e89f-4a21-be43-a6629318bd6e___NREC_B.Spot 1840.JPG,Pepper__bell___Bacterial_spot,0,validation
D:\Plant-Disease-Detection\PlantVillage\Pepper__bell___Bacterial_spot\debfee6b-a167-480c-88dc-2b02279d7e93___JR_B.Spot 3158.JPG,Pepper__bell___Bacterial_spot,0,train
D:\Plant-Disease-Detection\PlantVillage\Pepper__bell___Bacterial_spot\dec101b9-596c-420a-b3d9-112ee8cbf72f___JR_B.Spot 3105.JPG,Pepper__bell___Bacterial_spot,0,test
D:\Plant-Disease-Detection\PlantVillage\Pepper__bell___Bacterial_spot\df68ca05-d886-44af-918d-99fb81d59e94___JR_B.Spot 3270.JPG,Pepper__bell___Bacterial_spot,0,validation
D:\Plant-Disease-Detection\PlantVillage\Pepper__bell___Bacterial_spot\df70c605-70e2-4850-862a-a9d13d7e14f2___NREC_B.Spot 9137.JPG,Pepper__bell___Bacterial_spot,0,validation
D:\Plant-Disease-Detection\PlantVillage\Pepper__bell___Bacterial_spot\e0a37710-24b7-4b37-878c-537906b6b6e5___JR_B.Spot 3318.JPG,Pepper__bell___Bacterial_spot,0,train
D:\Plant-Disease-Detection\PlantVillage\Pepper__bell___Bacterial_spot\e0b8d24b-c115-49d8-8e87-67f35681d181___JR_B.Spot 8877.JPG,Pepper__bell___Bacterial_spot,0,train
D:\Plant-Disease-Detection\PlantVillage\Pepper__bell___Bacterial_spot\ea460c0a-532e-492b-93fa-5b9b936c7506___NREC_B.Spot 1810.JPG,Pepper__bell___Bacterial_spot,0,test
D:\Plant-Disease-Detection\PlantVillage\Pepper__bell___Bacterial_spot\ea679763-149c-44b1-9593-e82242f303cb___NREC_B.Spot 1985.JPG,Pepper__bell___Bacterial_spot,0,train
D:\Plant-Disease-Detection\PlantVillage\Pepper__bell___Bacterial_spot\eabaa1bb-a866-4670-887e-3d9897c31fae___JR_B.Spot 3274.JPG,Pepper__bell___Bacterial_spot,0,train
D:\Plant-Disease-Detection\PlantVillage\Pepper__bell___Bacterial_spot\eac1d76c-1faf-4abb-b3f6-a4b2fff350d2___JR_B.Spot 3119.JPG,Pepper__bell___Bacterial_spot,0,train
D:\Plant-Disease-Detection\PlantVillage\Pepper__bell___Bacterial_spot\ead27319-4073-490e-80a0-08e916bbc1f2___JR_B.Spot 9084.JPG,Pepper__bell___Bacterial_spot,0,train
D:\Plant-Disease-Detection\PlantVillage\Pepper__bell___Bacterial_spot\eaef6117-c055-401a-8851-cec16787b5d8___JR_B.Spot 3278.JPG,Pepper__bell___Bacterial_spot,0,train
D:\Plant-Disease-Detection\PlantVillage\Pepper__bell___Bacterial_spot\eb07f29d-097e-42b3-8aaf-b9bd635eec1c___JR_B.Spot 3303.JPG,Pepper__bell___Bacterial_spot,0,validation
D:\Plant-Disease-Detection\PlantVillage\Pepper__bell___Bacterial_spot\eb2fd423-38f8-42b5-88bf-4fdc81adba95___JR_B.Spot 8952.JPG,Pepper__bell___Bacterial_spot,0,validation
D:\Plant-Disease-Detection\PlantVillage\Pepper__bell___Bacterial_spot\ebbd2311-713d-4179-a64f-7a862b710749___JR_B.Spot 8913.JPG,Pepper__bell___Bacterial_spot,0,train
D:\Plant-Disease-Detection\PlantVillage\Pepper__bell___Bacterial_spot\ebe12503-1abc-4e09-9eee-3180b67c29f4___JR_B.Spot 8849.JPG,Pepper__bell___Bacterial_spot,0,train
D:\Plant-Disease-Detection\PlantVillage\Pepper__bell___Bacterial_spot\ec600995-4f8f-4f07-b312-d7a74bbd950c___JR_B.Spot 3101.JPG,Pepper__bell___Bacterial_spot,0,train
D:\Plant-Disease-Detection\PlantVillage\Pepper__bell___Bacterial_spot\ecb3abf1-f826-4c7a-9ee6-e4f112a6cb9f___JR_B.Spot 3154.JPG,Pepper__bell___Bacterial_spot,0,train
D:\Plant-Disease-Detection\PlantVillage\Pepper__bell___Bacterial_spot\edddf54c-92cf-4094-b4bb-85e053d7622b___NREC_B.Spot 9215.JPG,Pepper__bell___Bacterial_spot,0,test
D:\Plant-Disease-Detection\PlantVillage\Pepper__bell___Bacterial_spot\ee596e36-e147-429a-bcf7-de47de0470c0___JR_B.Spot 3104.JPG,Pepper__bell___Bacterial_spot,0,test
D:\Plant-Disease-Detection\PlantVillage\Pepper__bell___Bacterial_spot\ee7addf1-7941-463f-899e-3c38cafea9df___JR_B.Spot 9002.JPG,Pepper__bell___Bacterial_spot,0,train
D:\Plant-Disease-Detection\PlantVillage\Pepper__bell___Bacterial_spot\eeb59903-65af-4d9f-9ab9-ec6725aa3a39___JR_B.Spot 3359.JPG,Pepper__bell___Bacterial_spot,0,validation
D:\Plant-Disease-Detection\PlantVillage\Pepper__bell___Bacterial_spot\eecaf451-abc4-4079-b612-f6a15d95ca6e___JR_B.Spot 3398.JPG,Pepper__bell___Bacterial_spot,0,train
D:\Plant-Disease-Detection\PlantVillage\Pepper__bell___Bacterial_spot\ef02f719-ca79-481f-9429-365fa1685a80___JR_B.Spot 9056.JPG,Pepper__bell___Bacterial_spot,0,train
D:\Plant-Disease-Detection\PlantVillage\Pepper__bell___Bacterial_spot\ef606668-5aae-4600-a788-1834b6bc3f49___NREC_B.Spot 1804.JPG,Pepper__bell___Bacterial_spot,0,test
D:\Plant-Disease-Detection\PlantVillage\Pepper__bell___Bacterial_spot\ef82ea58-8cfe-4e8f-a935-2b4e143618b1___JR_B.Spot 9079.JPG,Pepper__bell___Bacterial_spot,0,train
D:\Plant-Disease-Detection\PlantVillage\Pepper__bell___Bacterial_spot\efce3447-357f-458f-b348-383a3576d33b___JR_B.Spot 8900.JPG,Pepper__bell___Bacterial_spot,0,test
D:\Plant-Disease-Detection\PlantVillage\Pepper__bell___Bacterial_spot\f176a365-b5f0-4b3f-a4bc-d4d2c705b29e___JR_B.Spot 3263.JPG,Pepper__bell___Bacterial_spot,0,test
D:\Plant-Disease-Detection\PlantVillage\Pepper__bell___Bacterial_spot\f31f4122-67f4-4395-8e7d-2ac6e8241f37___JR_B.Spot 3135.JPG,Pepper__bell___Bacterial_spot,0,train
D:\Plant-Disease-Detection\PlantVillage\Pepper__bell___Bacterial_spot\f3cdfb4a-f1d9-4f95-a036-5a9fb585e570___JR_B.Spot 3110.JPG,Pepper__bell___Bacterial_spot,0,validation
D:\Plant-Disease-Detection\PlantVillage\Pepper__bell___Bacterial_spot\f47251cd-5d05-4d98-847c-4e1ae180333a___NREC_B.Spot 1965.JPG,Pepper__bell___Bacterial_spot,0,train
D:\Plant-Disease-Detection\PlantVillage\Pepper__bell___Bacterial_spot\f69531dd-6acc-4af1-afb1-b6970e153b6a___NREC_B.Spot 9248.JPG,Pepper__bell___Bacterial_spot,0,test
D:\Plant-Disease-Detection\PlantVillage\Pepper__bell___Bacterial_spot\f7210adf-ebd1-44d7-9104-40244572d722___NREC_B.Spot 1807.JPG,Pepper__bell___Bacterial_spot,0,train
D:\Plant-Disease-Detection\PlantVillage\Pepper__bell___Bacterial_spot\fa803f29-9142-437d-9592-a205349ac589___JR_B.Spot 3123.JPG,Pepper__bell___Bacterial_spot,0,train
D:\Plant-Disease-Detection\PlantVillage\Pepper__bell___Bacterial_spot\fb3f399e-bc2f-418e-8b4e-a834b9f40c1b___JR_B.Spot 9097.JPG,Pepper__bell___Bacterial_spot,0,validation
D:\Plant-Disease-Detection\PlantVillage\Pepper__bell___Bacterial_spot\fdaea662-b23a-41cf-803c-ca33cf492455___NREC_B.Spot 9069.JPG,Pepper__bell___Bacterial_spot,0,train
D:\Plant-Disease-Detection\PlantVillage\Pepper__bell___Bacterial_spot\fde20c63-cca2-4edb-9e6c-77b3a7f95cbd___JR_B.Spot 3400.JPG,Pepper__bell___Bacterial_spot,0,train
D:\Plant-Disease-Detection\PlantVillage\Pepper__bell___Bacterial_spot\fe079adb-1a16-4c71-822d-bbb25a21314f___JR_B.Spot 3276.JPG,Pepper__bell___Bacterial_spot,0,train
D:\Plant-Disease-Detection\PlantVillage\Pepper__bell___Bacterial_spot\fe0f9f93-fb79-45fa-a195-6b85141ad2aa___NREC_B.Spot 9227.JPG,Pepper__bell___Bacterial_spot,0,validation
D:\Plant-Disease-Detection\PlantVillage\Pepper__bell___Bacterial_spot\ff7d08df-7fca-4a2e-a2f4-b196a19e6442___JR_B.Spot 3237.JPG,Pepper__bell___Bacterial_spot,0,train
D:\Plant-Disease-Detection\PlantVillage\Pepper__bell___Bacterial_spot\ff81e22a-09bf-49bd-b45a-c75606cd113b___NREC_B.Spot 1811.JPG,Pepper__bell___Bacterial_spot,0,train
D:\Plant-Disease-Detection\PlantVillage\Pepper__bell___Bacterial_spot\ffa3b1df-49c6-4fd2-9ec5-1ca5eb175797___JR_B.Spot 3254.JPG,Pepper__bell___Bacterial_spot,0,train
D:\Plant-Disease-Detection\PlantVillage\Pepper__bell___healthy\08945f1c-9204-48d6-a5b4-bece52a18909___JR_HL 8056.JPG,Pepper__bell___healthy,1,test
D:\Plant-Disease-Detection\PlantVillage\Pepper__bell___healthy\0a3f2927-4410-46a3-bfda-5f4769a5aaf8___JR_HL 8275.JPG,Pepper__bell___healthy,1,validation
D:\Plant-Disease-Detection\PlantVillage\Pepper__bell___healthy\0ade14b6-8937-43ea-93eb-98343af6bae7___JR_HL 8026.JPG,Pepper__bell___healthy,1,train
D:\Plant-Disease-Detection\PlantVillage\Pepper__bell___healthy\0b76f650-27cf-4b62-b3ad-c97d81e0db0c___JR_HL 8554.JPG,Pepper__bell___healthy,1,train
D:\Plant-Disease-Detection\PlantVillage\Pepper__bell___healthy\0b796b7a-dfc8-47f7-9970-8373263c6408___JR_HL 5948.JPG,Pepper__bell___healthy,1,validation
D:\Plant-Disease-Detection\PlantVillage\Pepper__bell___healthy\0ba474dd-0cfd-4fd2-a58c-8e3d18dbe7c3___JR_HL 8395.JPG,Pepper__bell___healthy,1,train
D:\Plant-Disease-Detection\PlantVillage\Pepper__bell___healthy\0bb97c36-159d-4ee2-8b06-1fbf3f533af5___JR_HL 8345.JPG,Pepper__bell___healthy,1,train
D:\Plant-Disease-Detection\PlantVillage\Pepper__bell___healthy\0c002246-262c-46d7-9995-bd1e1b2737d9___JR_HL 7969.JPG,Pepper__bell___healthy,1,train
D:\Plant-Disease-Detection\PlantVillage\Pepper__bell___healthy\0c102dad-d31f-469b-89d1-6fe7bf93708c___JR_HL 7689.JPG,Pepper__bell___healthy,1,test
D:\Plant-Disease-Detection\PlantVillage\Pepper__bell___healthy\0c93ef1a-ccc8-4a62-9353-308e7da3ac3e___JR_HL 8245.JPG,Pepper__bell___healthy,1,train
D:\Plant-Disease-Detection\PlantVillage\Pepper__bell___healthy\0cc984a1-ea7d-4f97-9967-5ca1be71c932___JR_HL 8803.JPG,Pepper__bell___healthy,1,train
D:\Plant-Disease-Detection\PlantVillage\Pepper__bell___healthy\0d4e35c0-f6d6-4810-9522-14e1d491a05d___JR_HL 8673.JPG,Pepper__bell___healthy,1,test
D:\Plant-Disease-Detection\PlantVillage\Pepper__bell___healthy\0d4f19fe-9e85-4689-9c99-0b01a58db9f4___JR_HL 8032.JPG,Pepper__bell___healthy,1,train
D:\Plant-Disease-Detection\PlantVillage\Pepper__bell___healthy\0dd09705-5593-4d01-9a9b-c1d5857daf92___JR_HL 8212.JPG,Pepper__bell___healthy,1,train
D:\Plant-Disease-Detection\PlantVillage\Pepper__bell___healthy\0de13a24-e542-45a2-be5a-8db7d8d858db___JR_HL 5982.JPG,Pepper__bell___healthy,1,train
D:\Plant-Disease-Detection\PlantVillage\Pepper__bell___healthy\0e043e9a-7652-4e7a-aef1-0caa0c085f55___JR_HL 8479.JPG,Pepper__bell___healthy,1,test
D:\Plant-Disease-Detection\PlantVillage\Pepper__bell___healthy\0e05c3e0-7766-4049-b7a8-563b5c028c33___JR_HL 8828.JPG,Pepper__bell___healthy,1,train
D:\Plant-Disease-Detection\PlantVillage\Pepper__bell___healthy\0e1942a4-91d7-460a-8189-1a4e693cfc84___JR_HL 8896.JPG,Pepper__bell___healthy,1,train
D:\Plant-Disease-Detection\PlantVillage\Pepper__bell___healthy\0e2afa6e-568c-4694-babd-dc15057b53b3___JR_HL 8475.JPG,Pepper__bell___healthy,1,validation
D:\Plant-Disease-Detection\PlantVillage\Pepper__bell___healthy\0e526c7b-72ee-4547-916b-5cba013097b6___JR_HL 7735.JPG,Pepper__bell___healthy,1,train
D:\Plant-Disease-Detection\PlantVillage\Pepper__bell___healthy\0e5d9ac1-4de8-491e-ab95-809850866805___JR_HL 8534.JPG,Pepper__bell___healthy,1,train
D:\Plant-Disease-Detection\PlantVillage\Pepper__bell___healthy\0e69c47d-72c6-4fc6-9437-910c95b183dc___JR_HL 8113.JPG,Pepper__bell___healthy,1,train
D:\Plant-Disease-Detection\PlantVillage\Pepper__bell___healthy\0eabc3c2-d492-4227-90d8-14dab9fd4a9a___JR_HL 8699.JPG,Pepper__bell___healthy,1,train
D:\Plant-Disease-Detection\PlantVillage\Pepper__bell___healthy\0eb476b9-8b21-4b24-adef-7db813abbca3___JR_HL 7926.JPG,Pepper__bell___healthy,1,train
D:\Plant-Disease-Detection\PlantVillage\Pepper__bell___healthy\0eeb924f-88db-44e6-a278-e016fa2d25a4___JR_HL 8016.JPG,Pepper__bell___healthy,1,train
D:\Plant-Disease-Detection\PlantVillage\Pepper__bell___healthy\10614d60-3077-4bdf-9771-53e8be8add9e___JR_HL 8302.JPG,Pepper__bell___healthy,1,validation
D:\Plant-Disease-Detection\PlantVillage\Pepper__bell___healthy\10724f1f-17fb-4443-9878-26e31d97e2d9___JR_HL 7585.JPG,Pepper__bell___healthy,1,train
D:\Plant-Disease-Detection\PlantVillage\Pepper__bell___healthy\12020d07-b473-40be-88da-c18062f25667___JR_HL 8541.JPG,Pepper__bell___healthy,1,train
D:\Plant-Disease-Detection\PlantVillage\Pepper__bell___healthy\767e7fa6-726c-4621-aa4a-6024824a1528___JR_HL 8519.JPG,Pepper__bell___healthy,1,train
D:\Plant-Disease-Detection\PlantVillage\Pepper__bell___healthy\77d77a2e-d24f-42d4-8d37-f36e6571b4f3___JR_HL 8632.JPG,Pepper__bell___healthy,1,train
D:\Plant-Disease-Detection\PlantVillage\Pepper__bell___healthy\77e54e8d-590d-4f33-9993-838b7a3882b3___JR_HL 8646.JPG,Pepper__bell___healthy,1,train
D:\Plant-Disease-Detection\PlantVillage\Pepper__bell___healthy\77f29636-f395-4e5e-857e-e76b263f4887___JR_HL 8622.JPG,Pepper__bell___healthy,1,test
D:\Plant-Disease-Detection\PlantVillage\Pepper__bell___healthy\78b80c38-32da-4a77-bbde-8ff9e5bfd47d___JR_HL 8094.JPG,Pepper__bell___healthy,1,train
D:\Plant-Disease-Detection\PlantVillage\Pepper__bell___healthy\78d6d5a4-9e5b-424d-890b-1893a4c4fba4___JR_HL 7930.JPG,Pepper__bell___healthy,1,train
D:\Plant-Disease-Detection\PlantVillage\Pepper__bell___healthy\78f06e4b-4bfa-4b29-bdbd-56fde223ff4e___JR_HL 7976.JPG,Pepper__bell___healthy,1,validation
D:\Plant-Disease-Detection\PlantVillage\Pepper__bell___healthy\798a2172-62e6-4fbe-9dd2-a989294ab501___JR_HL 7845.JPG,Pepper__bell___healthy,1,train
D:\Plant-Disease-Detection\PlantVillage\Pepper__bell___healthy\8005d2e1-d9db-4671-9d00-4fc6e12704fe___JR_HL 8327.JPG,Pepper__bell___healthy,1,test
D:\Plant-Disease-Detection\PlantVillage\Pepper__bell___healthy\810c0ae8-3d0e-4445-a1d7-f1b31cbc56b9___JR_HL 8291.JPG,Pepper__bell___healthy,1,train
D:\Plant-Disease-Detection\PlantVillage\Pepper__bell___healthy\8132d8e7-0e12-4509-8a2a-e61540e0f2cf___JR_HL 8244.JPG,Pepper__bell___healthy,1,train
D:\Plant-Disease-Detection\PlantVillage\Pepper__bell___healthy\820f4a6b-ac2d-4666-b5e8-91b172d927a1___JR_HL 5902.JPG,Pepper__bell___healthy,1,train
D:\Plant-Disease-Detection\PlantVillage\Pepper__bell___healthy\826b3128-7265-4218-8eb1-887aa4a53b83___JR_HL 7916.JPG,Pepper__bell___healthy,1,validation
D:\Plant-Disease-Detection\PlantVillage\Pepper__bell___healthy\843ef0a7-5eed-45b5-98b4-4c2fc94084cf___JR_HL 7922.JPG,Pepper__bell___healthy,1,train
D:\Plant-Disease-Detection\PlantVillage\Pepper__bell___healthy\8485a59c-2014-49e9-bed5-7581cb9fcd84___JR_HL 8319.JPG,Pepper__bell___healthy,1,train
D:\Plant-Disease-Detection\PlantVillage\Pepper__bell___healthy\8568ef1d-e8b7-4a15-b0cf-39800013e611___JR_HL 5840.JPG,Pepper__bell___healthy,1,train
D:\Plant-Disease-Detection\PlantVillage\Pepper__bell___healthy\8622ae63-5380-4a2a-b747-8e7d678c8594___JR_HL 8182.JPG,Pepper__bell___healthy,1,train
D:\Plant-Disease-Detection\PlantVillage\Pepper__bell___healthy\8957c413-e9c6-4f8e-a889-43980e565fe2___JR_HL 5950.JPG,Pepper__bell___healthy,1,train
D:\Plant-Disease-Detection\PlantVillage\Pepper__bell___healthy\8984c4c8-d358-405f-909d-f0d7351e44a7___JR_HL 8677.JPG,Pepper__bell___healthy,1,train
D:\Plant-Disease-Detection\PlantVillage\Pepper__bell___healthy\9033b45d-677a-42ae-b48b-5101ed8b9b7a___JR_HL 8306.JPG,Pepper__bell___healthy,1,validation
D:\Plant-Disease-Detection\PlantVillage\Pepper__bell___healthy\9178dc46-0a7b-460a-9f22-094275a54b5e___JR_HL 5861.JPG,Pepper__bell___healthy,1,test
D:\Plant-Disease-Detection\PlantVillage\Pepper__bell___healthy\9395cf41-c7f6-4b44-81f1-bf9f58fa1ca6___JR_HL 8846.JPG,Pepper__bell___healthy,1,train
D:\Plant-Disease-Detection\PlantVillage\Pepper__bell___healthy\9439a69a-66c9-48cc-8030-7ac35a92e2a2___JR_HL 8577.JPG,Pepper__bell___healthy,1,train
D:\Plant-Disease-Detection\PlantVillage\Pepper__bell___healthy\9776ae4f-68a4-4353-8ca3-4a073aef9ec0___JR_HL 7753.JPG,Pepper__bell___healthy,1,validation
D:\Plant-Disease-Detection\PlantVillage\Pepper__bell___healthy\9810e1af-6c21-4297-b835-330674a5f9d8___JR_HL 8609.JPG,Pepper__bell___healthy,1,train
D:\Plant-Disease-Detection\PlantVillage\Pepper__bell___healthy\9993c341-5a73-4ad2-ae78-2ea7d3c1ccf7___JR_HL 7710.JPG,Pepper__bell___healthy,1,test
D:\Plant-Disease-Detection\PlantVillage\Potato___Early_blight\002a55fb-7a3d-4a3a-aca8-ce2d5ebc6925___RS_Early.B 8170.JPG,Potato___Early_blight,2,train
D:\Plant-Disease-Detection\PlantVillage\Potato___Early_blight\00d8f10f-5038-4e0f-bb58-0b885ddc0cc5___RS_Early.B 8722.JPG,Potato___Early_blight,2,train
D:\Plant-Disease-Detection\PlantVillage\Potato___Early_blight\028f9b73-142f-499a-9c7b-d7c1ed5e5506___RS_Early.B 8546.JPG,Potato___Early_blight,2,train
D:\Plant-Disease-Detection\PlantVillage\Potato___Early_blight\03b0d3c1-b5b0-48f4-98aa-f8904670290f___RS_Early.B 7051.JPG,Potato___Early_blight,2,test
D:\Plant-Disease-Detection\PlantVillage\Potato___Early_blight\044c3abc-0bc9-45fb-8fd5-094aeb605f90___RS_Early.B 8044.JPG,Potato___Early_blight,2,train
D:\Plant-Disease-Detection\PlantVillage\Potato___Early_blight\048d18ae-98b1-484d-97da-5a0e69b9ebc1___RS_Early.B 6845.JPG,Potato___Early_blight,2,test
D:\Plant-Disease-Detection\PlantVillage\Potato___Early_blight\04c8e6b9-7710-4cdd-b259-2d78b15d1036___RS_Early.B 7066.JPG,Potato___Early_blight,2,train
D:\Plant-Disease-Detection\PlantVillage\Potato___Early_blight\04ee51b6-07e2-4182-84f8-46b22c8938a2___RS_Early.B 8091.JPG,Potato___Early_blight,2,test
D:\Plant-Disease-Detection\PlantVillage\Potato___Early_blight\060fd5a7-1606-4a59-895b-604c90d6b414___RS_Early.B 7205.JPG,Potato___Early_blight,2,train
D:\Plant-Disease-Detection\PlantVillage\Potato___Early_blight\065fc68f-88c9-4fc3-b0a6-a6f5e1072eaa___RS_Early.B 7174.JPG,Potato___Early_blight,2,train
D:\Plant-Disease-Detection\PlantVillage\Potato___Early_blight\089fb289-4bea-48b6-a29a-3a1d268d9dd3___RS_Early.B 8081.JPG,Potato___Early_blight,2,train
D:\Plant-Disease-Detection\PlantVillage\Potato___Early_blight\0a0744dc-8486-4fbb-a44b-4d63e6db6197___RS_Early.B 7575.JPG,Potato___Early_blight,2,train
D:\Plant-Disease-Detection\PlantVillage\Potato___Early_blight\0a47f32c-1724-4c8d-bfe4-986cedd3587b___RS_Early.B 8001.JPG,Potato___Early_blight,2,test
D:\Plant-Disease-Detection\PlantVillage\Potato___Early_blight\0a6983a5-895e-4e68-9edb-88adf79211e9___RS_Early.B 9072.JPG,Potato___Early_blight,2,train
D:\Plant-Disease-Detection\PlantVillage\Potato___Early_blight\0a79700b-f834-41f5-ae51-6ceda6f67a48___RS_Early.B 8951.JPG,Potato___Early_blight,2,train
D:\Plant-Disease-Detection\PlantVillage\Potato___Early_blight\0a8a68ee-f587-4dea-beec-79d02e7d3fa4___RS_Early.B 8461.JPG,Potato___Early_blight,2,train
D:\Plant-Disease-Detection\PlantVillage\Potato___Early_blight\0ad3ba53-f01b-403b-a99d-5991eed85045___RS_Early.B 7600.JPG,Potato___Early_blight,2,validation
D:\Plant-Disease-Detection\PlantVillage\Potato___Early_blight\0bbb8bce-2020-416b-8bd6-c160c2db9921___RS_Early.B 8386.JPG,Potato___Early_blight,2,validation
D:\Plant-Disease-Detection\PlantVillage\Potato___Early_blight\0c4f6f72-c7a2-42e1-9671-41ab3bf37fe7___RS_Early.B 6752.JPG,Potato___Early_blight,2,train
D:\Plant-Disease-Detection\PlantVillage\Potato___Early_blight\0c5b14d9-8b1c-4c39-bb23-1835b5760caa___RS_Early.B 7937.JPG,Potato___Early_blight,2,test
D:\Plant-Disease-Detection\PlantVillage\Potato___Early_blight\0caf6a39-3f5f-4201-a4d7-3ea35fdf1303___RS_Early.B 6762.JPG,Potato___Early_blight,2,train
D:\Plant-Disease-Detection\PlantVillage\Potato___Early_blight\0d2325ff-4e3e-44bf-9614-e5ad6c23fc16___RS_Early.B 6797.JPG,Potato___Early_blight,2,validation
D:\Plant-Disease-Detection\PlantVillage\Potato___Early_blight\0d2e2971-f1c9-4278-b35c-91dd8a22a64d___RS_Early.B 7581.JPG,Potato___Early_blight,2,train
D:\Plant-Disease-Detection\PlantVillage\Potato___Early_blight\0d987d4a-26bc-4f74-8a16-12f8969dfed8___RS_Early.B 7013.JPG,Potato___Early_blight,2,test
D:\Plant-Disease-Detection\PlantVillage\Potato___Early_blight\0d9dbf50-53a9-42b2-8b29-0360fb7dbd98___RS_Early.B 6692.JPG,Potato___Early_blight,2,test
D:\Plant-Disease-Detection\PlantVillage\Potato___Early_blight\0ddd62cd-a999-4d58-a8f1-506e1004a595___RS_Early.B 8041.JPG,Potato___Early_blight,2,test
D:\Plant-Disease-Detection\PlantVillage\Potato___Early_blight\0e0a1b51-f61c-4934-bc57-a820af1faacb___RS_Early.B 7147.JPG,Potato___Early_blight,2,test
D:\Plant-Disease-Detection\PlantVillage\Potato___Early_blight\0e6b9e09-2bcd-41e0-b001-b80a33a8a78b___RS_Early.B 8694.JPG,Potato___Early_blight,2,train
D:\Plant-Disease-Detection\PlantVillage\Potato___Early_blight\0ed45bc2-c8cc-4d65-8f53-bdc10d78a7dc___RS_Early.B 8504.JPG,Potato___Early_blight,2,train
D:\Plant-Disease-Detection\PlantVillage\Potato___Early_blight\0ede4acd-3685-40d9-b52b-7b3cb6536fa8___RS_Early.B 7377.JPG,Potato___Early_blight,2,train
D:\Plant-Disease-Detection\PlantVillage\Potato___Early_blight\0f223bbc-d2b4-4d58-8314-359d92d0102b___RS_Early.B 8052.JPG,Potato___Early_blight,2,train
D:\Plant-Disease-Detection\PlantVillage\Potato___Early_blight\0f9c098f-a6df-4a73-8c14-8e7d4dbb1b0b___RS_Early.B 7991.JPG,Potato___Early_blight,2,test
D:\Plant-Disease-Detection\PlantVillage\Potato___Early_blight\0faca7fe-7254-4dfa-8388-bbc776338c9c___RS_Early.B 7929.JPG,Potato___Early_blight,2,train
D:\Plant-Disease-Detection\PlantVillage\Potato___Early_blight\0fd22207-cb37-42a1-965f-7dfe43f9d579___RS_Early.B 6876.JPG,Potato___Early_blight,2,train
D:\Plant-Disease-Detection\PlantVillage\Potato___Early_blight\12ebe6fe-c8ce-4a00-866f-8776aca75159___RS_Early.B 6873.JPG,Potato___Early_blight,2,test
D:\Plant-Disease-Detection\PlantVillage\Potato___Early_blight\12f7b8bd-7aab-48de-ba2e-d2562408542f___RS_Early.B 7386.JPG,Potato___Early_blight,2,test
D:\Plant-Disease-Detection\PlantVillage\Potato___Early_blight\13cfb9dc-8951-44c0-8c16-e96fd6ccc659___RS_Early.B 7070.JPG,Potato___Early_blight,2,validation
D:\Plant-Disease-Detection\PlantVillage\Potato___Early_blight\13ddd965-db42-4392-9798-fe0ba5ad7928___RS_Early.B 7631.JPG,Potato___Early_blight,2,validation
D:\Plant-Disease-Detection\PlantVillage\Potato___Early_blight\13e2be1d-56bc-40c6-b5d1-e3bafc1b111e___RS_Early.B 8830.JPG,Potato___Early_blight,2,test
D:\Plant-Disease-Detection\PlantVillage\Potato___Early_blight\14efc692-8ac6-4bd8-a71a-943192d6831a___RS_Early.B 6841.JPG,Potato___Early_blight,2,train
D:\Plant-Disease-Detection\PlantVillage\Potato___Early_blight\15ab8118-01fb-4e9c-83a9-94ab224d6854___RS_Early.B 7962.JPG,Potato___Early_blight,2,train
D:\Plant-Disease-Detection\PlantVillage\Potato___Early_blight\16a6f216-6d2a-48fe-b8bc-ff385c96d0d3___RS_Early.B 7220.JPG,Potato___Early_blight,2,train
D:\Plant-Disease-Detection\PlantVillage\Potato___Early_blight\17a06d03-8a7b-48a8-aaf9-3300741c65de___RS_Early.B 7625.JPG,Potato___Early_blight,2,validation
D:\Plant-Disease-Detection\PlantVillage\Potato___Early_blight\1a2970b6-bafd-4812-93bc-57ff969e1045___RS_Early.B 7330.JPG,Potato___Early_blight,2,train
D:\Plant-Disease-Detection\PlantVillage\Potato___Early_blight\1a38f06b-da2a-4c57-bef1-a73254896403___RS_Early.B 9178.JPG,Potato___Early_blight,2,train
D:\Plant-Disease-Detection\PlantVillage\Potato___Early_blight\1a77c047-7ed8-4f02-bfaf-a19e7a67c3dd___RS_Early.B 7076.JPG,Potato___Early_blight,2,validation
D:\Plant-Disease-Detection\PlantVillage\Potato___Early_blight\1af20ff8-980d-4912-b337-804b09667de3___RS_Early.B 7392.JPG,Potato___Early_blight,2,train
D:\Plant-Disease-Detection\PlantVillage\Potato___Early_blight\1b0a2898-00b9-4a12-b4dc-a89b77b9e8b7___RS_Early.B 6928.JPG,Potato___Early_blight,2,train
D:\Plant-Disease-Detection\PlantVillage\Potato___Early_blight\1b4304a9-88c2-4c09-bfea-830fa162a35a___RS_Early.B 7188.JPG,Potato___Early_blight,2,validation
D:\Plant-Disease-Detection\PlantVillage\Potato___Early_blight\1c42eae7-29c8-42fd-b05a-9b8255790f6f___RS_Early.B 7719.JPG,Potato___Early_blight,2,validation
D:\Plant-Disease-Detection\PlantVillage\Potato___Early_blight\1c4e0445-375a-4c5d-b6fd-6123d22f009f___RS_Early.B 7972.JPG,Potato___Early_blight,2,validation
D:\Plant-Disease-Detection\PlantVillage\Potato___Early_blight\1ca9e3ba-e029-48bf-b207-e8cb3546f953___RS_Early.B 7978.JPG,Potato___Early_blight,2,train
D:\Plant-Disease-Detection\PlantVillage\Potato___Early_blight\1cb05d87-027d-4bf0-b5c4-4c1a57896ac6___RS_Early.B 7936.JPG,Potato___Early_blight,2,train
D:\Plant-Disease-Detection\PlantVillage\Potato___Early_blight\1d038d64-7f3c-4b4d-9b3d-7736f97b59a0___RS_Early.B 7994.JPG,Potato___Early_blight,2,validation
D:\Plant-Disease-Detection\PlantVillage\Potato___Early_blight\1d18a770-8a16-4765-bae9-5d96f781db89___RS_Early.B 7803.JPG,Potato___Early_blight,2,train
D:\Plant-Disease-Detection\PlantVillage\Potato___Early_blight\1d2ec63e-acfb-4a80-ba21-853a724fff4a___RS_Early.B 8083.JPG,Potato___Early_blight,2,train
D:\Plant-Disease-Detection\PlantVillage\Potato___Early_blight\1d301622-e359-49d5-b4ca-6837f254fd1b___RS_Early.B 6719.JPG,Potato___Early_blight,2,test
D:\Plant-Disease-Detection\PlantVillage\Potato___Early_blight\1d466431-007d-4b3b-bd45-b09f1a6f7bad___RS_Early.B 8932.JPG,Potato___Early_blight,2,validation
D:\Plant-Disease-Detection\PlantVillage\Potato___Early_blight\1d4fc5d0-fee6-40bf-8e7b-e1598ea64161___RS_Early.B 8912.JPG,Potato___Early_blight,2,train
D:\Plant-Disease-Detection\PlantVillage\Potato___Early_blight\1daae61a-7014-4efe-b855-018999a5be9b___RS_Early.B 6852.JPG,Potato___Early_blight,2,validation
D:\Plant-Disease-Detection\PlantVillage\Potato___Early_blight\1de8ed75-0778-4364-9178-52c1bd0dffb4___RS_Early.B 6729.JPG,Potato___Early_blight,2,train
D:\Plant-Disease-Detection\PlantVillage\Potato___Early_blight\1defd277-6394-4049-895d-470f1e27e189___RS_Early.B 8931.JPG,Potato___Early_blight,2,train
D:\Plant-Disease-Detection\PlantVillage\Potato___Early_blight\1e671694-5713-4568-b8ad-06f15688d25e___RS_Early.B 7659.JPG,Potato___Early_blight,2,train
D:\Plant-Disease-Detection\PlantVillage\Potato___Early_blight\1e99ce6b-b7fa-4ae1-9076-279f430b8c5f___RS_Early.B 7092.JPG,Potato___Early_blight,2,train
D:\Plant-Disease-Detection\PlantVillage\Potato___Early_blight\1ee04a42-fa1c-4f6b-a88b-4cf583b188ea___RS_Early.B 8494.JPG,Potato___Early_blight,2,test
D:\Plant-Disease-Detection\PlantVillage\Potato___Early_blight\1f56ef5b-9a3b-4731-bf82-b08aeb84fcb5___RS_Early.B 9032.JPG,Potato___Early_blight,2,train
D:\Plant-Disease-Detection\PlantVillage\Potato___Early_blight\1f80f111-6a3e-4dfc-8456-0f3e9a19ae10___RS_Early.B 6879.JPG,Potato___Early_blight,2,test
D:\Plant-Disease-Detection\PlantVillage\Potato___Early_blight\1f830d02-1fc6-41d6-99c6-851e0d2af4ad___RS_Early.B 9182.JPG,Potato___Early_blight,2,train
D:\Plant-Disease-Detection\PlantVillage\Potato___Early_blight\1ff86a73-9f36-45c5-8012-c5d90445b7ac___RS_Early.B 8563.JPG,Potato___Early_blight,2,train
D:\Plant-Disease-Detection\PlantVillage\Potato___Early_blight\20e451e3-74a4-4a5b-b11c-257506f13a8f___RS_Early.B 6984.JPG,Potato___Early_blight,2,train
D:\Plant-Disease-Detection\PlantVillage\Potato___Early_blight\21ca5caf-147b-4a1a-a2da-edfc1c81b62e___RS_Early.B 8926.JPG,Potato___Early_blight,2,train
D:\Plant-Disease-Detection\PlantVillage\Potato___Early_blight\21d50c27-900e-4644-ab01-0cc96214d2f6___RS_Early.B 7153.JPG,Potato___Early_blight,2,train
D:\Plant-Disease-Detection\PlantVillage\Potato___Early_blight\22b28f50-4141-4ca7-be3f-ccb1c521c2df___RS_Early.B 8285.JPG,Potato___Early_blight,2,train
D:\Plant-Disease-Detection\PlantVillage\Potato___Early_blight\22d1678a-3abd-4fe6-ac13-b654e2589280___RS_Early.B 8523.JPG,Potato___Early_blight,2,train
D:\Plant-Disease-Detection\PlantVillage\Potato___Early_blight\24a34259-1c47-4e87-ac83-5decf37b42e4___RS_Early.B 6896.JPG,Potato___Early_blight,2,train
D:\Plant-Disease-Detection\PlantVillage\Potato___Early_blight\24ced43c-a862-4e3d-8300-dffd350de2c4___RS_Early.B 6957.JPG,Potato___Early_blight,2,train
D:\Plant-Disease-Detection\PlantVillage\Potato___Early_blight\24fb74df-0aa9-4e89-9ba4-55a4664438ab___RS_Early.B 8634.JPG,Potato___Early_blight,2,train
D:\Plant-Disease-Detection\PlantVillage\Potato___Early_blight\26d0502d-5fb3-48fa-a86d-d1de92703285___RS_Early.B 6959.JPG,Potato___Early_blight,2,train
D:\Plant-Disease-Detection\PlantVillage\Potato___Early_blight\26d0fa09-d463-461b-830c-3e970244cabb___RS_Early.B 7406.JPG,Potato___Early_blight,2,train
D:\Plant-Disease-Detection\PlantVillage\Potato___Early_blight\26d2af6a-f52e-457c-8006-fa106ad39fbe___RS_Early.B 8586.JPG,Potato___Early_blight,2,train
D:\Plant-Disease-Detection\PlantVillage\Potato___Early_blight\26f15c9c-5cbf-49c8-ac4e-c5b15d03e319___RS_Early.B 9022.JPG,Potato___Early_blight,2,train
D:\Plant-Disease-Detection\PlantVillage\Potato___Early_blight\28f275f9-4dd9-479a-a005-ed442362840a___RS_Early.B 6790.JPG,Potato___Early_blight,2,train
D:\Plant-Disease-Detection\PlantVillage\Potato___Early_blight\29f79006-adf2-4d71-a6a8-bfc02c020b71___RS_Early.B 6833.JPG,Potato___Early_blight,2,train
D:\Plant-Disease-Detection\PlantVillage\Potato___Early_blight\2a4fd894-0c4f-471b-b80b-d362a7b513f4___RS_Early.B 8038.JPG,Potato___Early_blight,2,train
D:\Plant-Disease-Detection\PlantVillage\Potato___Early_blight\2a9d3616-0bf1-4d98-b649-0a46d36dab7c___RS_Early.B 6703.JPG,Potato___Early_blight,2,train
D:\Plant-Disease-Detection\PlantVillage\Potato___Early_blight\2b1718b3-c951-4f24-b6ec-4eb7df77c913___RS_Early.B 7475.JPG,Potato___Early_blight,2,test
D:\Plant-Disease-Detection\PlantVillage\Potato___Early_blight\2b3e46d9-09dd-4966-99c6-fe44c741b94c___RS_Early.B 8290.JPG,Potato___Early_blight,2,train
D:\Plant-Disease-Detection\PlantVillage\Potato___Early_blight\2b6f9564-80a2-4db7-a5e6-72be5ef33a71___RS_Early.B 8009.JPG,Potato___Early_blight,2,train
D:\Plant-Disease-Detection\PlantVillage\Potato___Early_blight\2b8cfa81-e20f-4c28-b403-2cec2e5c0f2a___RS_Early.B 8145.JPG,Potato___Early_blight,2,train
D:\Plant-Disease-Detection\PlantVillage\Potato___Early_blight\2b982641-10ea-4426-874f-509e6377ff59___RS_Early.B 7663.JPG,Potato___Early_blight,2,train
D:\Plant-Disease-Detection\PlantVillage\Potato___Early_blight\2bc972a0-789f-4e60-9882-2f16fc363dfc___RS_Early.B 7234.JPG,Potato___Early_blight,2,train
D:\Plant-Disease-Detection\PlantVillage\Potato___Early_blight\2c0e712a-fb21-44b6-bbe1-7c67cec7b965___RS_Early.B 7084.JPG,Potato___Early_blight,2,test
D:\Plant-Disease-Detection\PlantVillage\Potato___Early_blight\2c310eaf-dbf4-4e8f-a8d8-ed8e0b51067a___RS_Early.B 6897.JPG,Potato___Early_blight,2,train
D:\Plant-Disease-Detection\PlantVillage\Potato___Early_blight\2c48971d-9f73-401d-a62a-f3729d08b6c2___RS_Early.B 7463.JPG,Potato___Early_blight,2,train
D:\Plant-Disease-Detection\PlantVillage\Potato___Early_blight\2c5500a4-cfa4-4b46-8db4-443b995d39dd___RS_Early.B 8768.JPG,Potato___Early_blight,2,test
D:\Plant-Disease-Detection\PlantVillage\Potato___Early_blight\2cafa90e-af46-4d0a-9137-9780d816b96a___RS_Early.B 7731.JPG,Potato___Early_blight,2,train
D:\Plant-Disease-Detection\PlantVillage\Potato___Early_blight\2cc3eb24-b210-4827-befe-0e3a24161ac4___RS_Early.B 6829.JPG,Potato___Early_blight,2,validation
D:\Plant-Disease-Detection\PlantVillage\Potato___Early_blight\2cce6cd6-16c4-426f-84e6-2f3c192fac2c___RS_Early.B 8999.JPG,Potato___Early_blight,2,test
D:\Plant-Disease-Detection\PlantVillage\Potato___Early_blight\2ce7e8d7-4cc9-4ab3-9d22-8f7ad21d8eda___RS_Early.B 8609.JPG,Potato___Early_blight,2,validation
D:\Plant-Disease-Detection\PlantVillage\Potato___Early_blight\2cf993b6-98e7-4678-aea5-9177ea3b63bd___RS_Early.B 7692.JPG,Potato___Early_blight,2,train
D:\Plant-Disease-Detection\PlantVillage\Potato___Early_blight\2d149f7a-4b0a-40a6-8d0b-1d1f14e5e696___RS_Early.B 9143.JPG,Potato___Early_blight,2,train
D:\Plant-Disease-Detection\PlantVillage\Potato___Early_blight\2d344be7-2d5f-4d27-aeb2-b92c8191b877___RS_Early.B 7173.JPG,Potato___Early_blight,2,train
D:\Plant-Disease-Detection\PlantVillage\Potato___Early_blight\2dc9baab-663f-4f09-a0a4-7c07edfb4c42___RS_Early.B 6866.JPG,Potato___Early_blight,2,train
D:\Plant-Disease-Detection\PlantVillage\Potato___Early_blight\2e88d4ed-b11b-4123-9e4b-f3c02a65ad39___RS_Early.B 9180.JPG,Potato___Early_blight,2,test
D:\Plant-Disease-Detection\PlantVillage\Potato___Early_blight\2ebb14eb-0e87-468c-a1cb-80579a77a37a___RS_Early.B 7044.JPG,Potato___Early_blight,2,train
D:\Plant-Disease-Detection\PlantVillage\Potato___Early_blight\2ec0f91e-b8a4-4aeb-9e08-8bd32b492487___RS_Early.B 7502.JPG,Potato___Early_blight,2,train
D:\Plant-Disease-Detection\PlantVillage\Potato___Early_blight\2f81d148-c62f-4d3c-baf4-72b77abea41a___RS_Early.B 7493.JPG,Potato___Early_blight,2,train
D:\Plant-Disease-Detection\PlantVillage\Potato___Early_blight\2fe81ef1-d7ec-4395-b071-c74d5beb4037___RS_Early.B 7242.JPG,Potato___Early_blight,2,train
D:\Plant-Disease-Detection\PlantVillage\Potato___Early_blight\31d0ecc8-045d-4a4a-ac33-431556c83e4c___RS_Early.B 8692.JPG,Potato___Early_blight,2,train
D:\Plant-Disease-Detection\PlantVillage\Potato___Early_blight\31d5d932-9eb3-45d1-bc85-40ef64d7a688___RS_Early.B 7255.JPG,Potato___Early_blight,2,train
D:\Plant-Disease-Detection\PlantVillage\Potato___Early_blight\32c3bd85-3b12-4051-9185-12d39caaf94f___RS_Early.B 6684.JPG,Potato___Early_blight,2,train
D:\Plant-Disease-Detection\PlantVillage\Potato___Early_blight\33d72b8e-ae59-4fd4-8c74-eaf342682b47___RS_Early.B 7884.JPG,Potato___Early_blight,2,train
D:\Plant-Disease-Detection\PlantVillage\Potato___Early_blight\34b0f33c-be8b-4338-9334-5418a5f84f28___RS_Early.B 7532.JPG,Potato___Early_blight,2,train
D:\Plant-Disease-Detection\PlantVillage\Potato___Early_blight\34d2260c-888c-419c-b32c-938efa379b97___RS_Early.B 8253.JPG,Potato___Early_blight,2,test
D:\Plant-Disease-Detection\PlantVillage\Potato___Early_blight\34d62dee-797e-4f31-9063-f6a285935b4d___RS_Early.B 6733.JPG,Potato___Early_blight,2,test
D:\Plant-Disease-Detection\PlantVillage\Potato___Early_blight\34d7e068-10e6-4ea0-8547-c90937fccbbc___RS_Early.B 8198.JPG,Potato___Early_blight,2,validation
D:\Plant-Disease-Detection\PlantVillage\Potato___Early_blight\34f42d6e-6e09-46cb-800b-5da5fdb5e8b8___RS_Early.B 8110.JPG,Potato___Early_blight,2,train
D:\Plant-Disease-Detection\PlantVillage\Potato___Early_blight\34f44be4-9dc5-460b-896d-cd6593166fe7___RS_Early.B 8175.JPG,Potato___Early_blight,2,train
D:\Plant-Disease-Detection\PlantVillage\Potato___Early_blight\37c72e1c-7981-4d84-9587-f5014b609230___RS_Early.B 7457.JPG,Potato___Early_blight,2,train
D:\Plant-Disease-Detection\PlantVillage\Potato___Early_blight\37d5791e-19e8-4095-a1cd-36aede6d0802___RS_Early.B 7172.JPG,Potato___Early_blight,2,train
D:\Plant-Disease-Detection\PlantVillage\Potato___Early_blight\37d94308-8783-4657-9ca6-eaca86e1015a___RS_Early.B 7825.JPG,Potato___Early_blight,2,train
D:\Plant-Disease-Detection\PlantVillage\Potato___Early_blight\37da60b5-9c33-4fe7-95d4-3a2db2a7702b___RS_Early.B 8359.JPG,Potato___Early_blight,2,train
D:\Plant-Disease-Detection\PlantVillage\Potato___Early_blight\38a72c90-ed53-4432-b625-01c1f962f791___RS_Early.B 7302.JPG,Potato___Early_blight,2,train
D:\Plant-Disease-Detection\PlantVillage\Potato___Early_blight\38aa30f4-14d5-446f-80c3-ec60ce67ccc3___RS_Early.B 6789.JPG,Potato___Early_blight,2,train
D:\Plant-Disease-Detection\PlantVillage\Potato___Early_blight\392c5f68-3ee5-4b61-90e9-afa16375beb8___RS_Early.B 8047.JPG,Potato___Early_blight,2,train
D:\Plant-Disease-Detection\PlantVillage\Potato___Early_blight\3a314933-9e92-4c90-acc2-656a04c591e7___RS_Early.B 8906.JPG,Potato___Early_blight,2,train
D:\Plant-Disease-Detection\PlantVillage\Potato___Early_blight\3a8429cf-f8a7-4f64-a435-ec4f1ad692c7___RS_Early.B 8990.JPG,Potato___Early_blight,2,test
D:\Plant-Disease-Detection\PlantVillage\Potato___Early_blight\3a97c74a-3d6e-4cd9-86e0-10a8e716e7b5___RS_Early.B 8422.JPG,Potato___Early_blight,2,validation
D:\Plant-Disease-Detection\PlantVillage\Potato___Early_blight\3ab17a89-2e50-49c2-bb75-518369da98c1___RS_Early.B 8636.JPG,Potato___Early_blight,2,train
D:\Plant-Disease-Detection\PlantVillage\Potato___Early_blight\3ab92984-3126-4154-9bfd-f2c8c9fd670e___RS_Early.B 7440.JPG,Potato___Early_blight,2,validation
D:\Plant-Disease-Detection\PlantVillage\Potato___Early_blight\3aea17a1-9413-4312-bcf2-e9aadb7371ab___RS_Early.B 8237.JPG,Potato___Early_blight,2,train
D:\Plant-Disease-Detection\PlantVillage\Potato___Early_blight\3b090cee-ba51-44c2-9cc6-4581db95070e___RS_Early.B 7789.JPG,Potato___Early_blight,2,train
D:\Plant-Disease-Detection\PlantVillage\Potato___Early_blight\3b1e3161-b02e-4aa0-a490-8a50c242d10e___RS_Early.B 8553.JPG,Potato___Early_blight,2,train
D:\Plant-Disease-Detection\PlantVillage\Potato___Early_blight\3bf3bb26-3cbd-46f2-a9ba-c86700edafcb___RS_Early.B 7599.JPG,Potato___Early_blight,2,train
D:\Plant-Disease-Detection\PlantVillage\Potato___Early_blight\3c3a9c2c-3387-4666-9f42-4d14142e9500___RS_Early.B 8499.JPG,Potato___Early_blight,2,validation
D:\Plant-Disease-Detection\PlantVillage\Potato___Early_blight\3d3c01e1-8cde-4c0f-9468-67dd287a2dc0___RS_Early.B 7761.JPG,Potato___Early_blight,2,train
D:\Plant-Disease-Detection\PlantVillage\Potato___Early_blight\3db185d7-7c05-42f9-b508-7a3883e50660___RS_Early.B 7011.JPG,Potato___Early_blight,2,test
D:\Plant-Disease-Detection\PlantVillage\Potato___Early_blight\3de47a70-4a74-462f-8b56-2088507be4ef___RS_Early.B 8832.JPG,Potato___Early_blight,2,train
D:\Plant-Disease-Detection\PlantVillage\Potato___Early_blight\3e7543bc-4792-4b65-afd9-f9ccd52b7319___RS_Early.B 8571.JPG,Potato___Early_blight,2,train
D:\Plant-Disease-Detection\PlantVillage\Potato___Early_blight\3ebc2af4-fe74-4918-b46f-09ec268884ef___RS_Early.B 7856.JPG,Potato___Early_blight,2,train
D:\Plant-Disease-Detection\PlantVillage\Potato___Early_blight\3ec5894d-dcc2-4276-ba28-0048b6d5605a___RS_Early.B 8027.JPG,Potato___Early_blight,2,train
D:\Plant-Disease-Detection\PlantVillage\Potato___Early_blight\3ef2279b-2fda-463a-b007-e2a93ff977f0___RS_Early.B 7235.JPG,Potato___Early_blight,2,validation
D:\Plant-Disease-Detection\PlantVillage\Potato___Early_blight\3fb9fd25-3f61-4983-8342-2abb34d1b010___RS_Early.B 7920.JPG,Potato___Early_blight,2,validation
D:\Plant-Disease-Detection\PlantVillage\Potato___Early_blight\403aa255-393c-43b4-8f68-f68efbf4f5df___RS_Early.B 8544.JPG,Potato___Early_blight,2,test
D:\Plant-Disease-Detection\PlantVillage\Potato___Early_blight\40d1ccba-b047-4f89-b469-af79bc233524___RS_Early.B 7006.JPG,Potato___Early_blight,2,train
D:\Plant-Disease-Detection\PlantVillage\Potato___Early_blight\41cc6e70-9745-413d-b13d-c4775bcdfa7c___RS_Early.B 7610.JPG,Potato___Early_blight,2,train
D:\Plant-Disease-Detection\PlantVillage\Potato___Early_blight\41e155c4-eccf-4166-83cb-f110b2312c48___RS_Early.B 6985.JPG,Potato___Early_blight,2,validation
D:\Plant-Disease-Detection\PlantVillage\Potato___Early_blight\41eccd84-6a67-4b04-ae69-59c1bcf17728___RS_Early.B 7964.JPG,Potato___Early_blight,2,train
D:\Plant-Disease-Detection\PlantVillage\Potato___Early_blight\41f4502c-34aa-45a5-b593-7191f7a62f96___RS_Early.B 8774.JPG,Potato___Early_blight,2,train
D:\Plant-Disease-Detection\PlantVillage\Potato___Early_blight\422fa1a6-d0f7-4634-9233-0d002ff139ae___RS_Early.B 7218.JPG,Potato___Early_blight,2,train
D:\Plant-Disease-Detection\PlantVillage\Potato___Early_blight\425e5f26-56b0-404d-b537-dc3353ecee09___RS_Early.B 7058.JPG,Potato___Early_blight,2,test
D:\Plant-Disease-Detection\PlantVillage\Potato___Early_blight\426aeefb-981d-4436-9f92-0fe230bb65fe___RS_Early.B 6977.JPG,Potato___Early_blight,2,test
D:\Plant-Disease-Detection\PlantVillage\Potato___Early_blight\432f1b02-9493-4cf1-8ef7-a40f817e43ff___RS_Early.B 8497.JPG,Potato___Early_blight,2,test
D:\Plant-Disease-Detection\PlantVillage\Potato___Early_blight\434ccb1f-7a21-47f4-96b5-3e87bf5fe2a2___RS_Early.B 6760.JPG,Potato___Early_blight,2,train
D:\Plant-Disease-Detection\PlantVillage\Potato___Early_blight\43af6366-6c6a-408c-a10d-a4bad9428a19___RS_Early.B 7595.JPG,Potato___Early_blight,2,test
D:\Plant-Disease-Detection\PlantVillage\Potato___Early_blight\43ddad18-d70a-49d3-97d6-9a5f82ddeecd___RS_Early.B 9069.JPG,Potato___Early_blight,2,train
D:\Plant-Disease-Detection\PlantVillage\Potato___Early_blight\450b4a32-39ae-4daa-aeb6-87559afb0b42___RS_Early.B 9202.JPG,Potato___Early_blight,2,train
D:\Plant-Disease-Detection\PlantVillage\Potato___Early_blight\45ecd7ac-7db9-49bf-b34d-ccd2e83123b0___RS_Early.B 6883.JPG,Potato___Early_blight,2,validation
D:\Plant-Disease-Detection\PlantVillage\Potato___Early_blight\46dc77f0-be88-4887-b1f7-82adff9aaa39___RS_Early.B 7750.JPG,Potato___Early_blight,2,train
D:\Plant-Disease-Detection\PlantVillage\Potato___Early_blight\477c3ef0-ab1e-44fb-852d-6b3ce74c93a2___RS_Early.B 7257.JPG,Potato___Early_blight,2,test
D:\Plant-Disease-Detection\PlantVillage\Potato___Early_blight\48ed1384-b3c5-464d-bdc8-97b347d89a58___RS_Early.B 6744.JPG,Potato___Early_blight,2,test
D:\Plant-Disease-Detection\PlantVillage\Potato___Early_blight\495e73a1-0f61-43a6-b539-d7f74e3fbf71___RS_Early.B 8245.JPG,Potato___Early_blight,2,train
D:\Plant-Disease-Detection\PlantVillage\Potato___Early_blight\49b24f9e-12d4-4f32-8bc8-482d66514a17___RS_Early.B 8037.JPG,Potato___Early_blight,2,train
D:\Plant-Disease-Detection\PlantVillage\Potato___Early_blight\49ecf1fe-0000-49e8-a042-fb6c9bac38c9___RS_Early.B 8940.JPG,Potato___Early_blight,2,train
D:\Plant-Disease-Detection\PlantVillage\Potato___Early_blight\49f13f57-6881-4caa-839b-d93215ce1b77___RS_Early.B 7009.JPG,Potato___Early_blight,2,train
D:\Plant-Disease-Detection\PlantVillage\Potato___Early_blight\4a06db68-bed1-4ae6-80ba-e9df70fa6f7b___RS_Early.B 8657.JPG,Potato___Early_blight,2,train
D:\Plant-Disease-Detection\PlantVillage\Potato___Early_blight\4a35b485-4f57-471a-a2cc-d5d7ebd41c40___RS_Early.B 7651.JPG,Potato___Early_blight,2,train
D:\Plant-Disease-Detection\PlantVillage\Potato___Early_blight\4a4847c4-c393-4772-8035-e39b472e179b___RS_Early.B 7167.JPG,Potato___Early_blight,2,train
D:\Plant-Disease-Detection\PlantVillage\Potato___Early_blight\4a7c680d-9c18-4065-a6e0-70cd2d0a3207___RS_Early.B 8107.JPG,Potato___Early_blight,2,train
D:\Plant-Disease-Detection\PlantVillage\Potato___Early_blight\4ab9d59b-57ee-4e22-a6bb-d8152710fd28___RS_Early.B 6857.JPG,Potato___Early_blight,2,test
D:\Plant-Disease-Detection\PlantVillage\Potato___Early_blight\4af8e9e9-077d-4c7b-859d-626f74d3b1ff___RS_Early.B 7738.JPG,Potato___Early_blight,2,train
D:\Plant-Disease-Detection\PlantVillage\Potato___Early_blight\4b484f0f-82dc-45d1-a5b6-72c8a6a96323___RS_Early.B 7262.JPG,Potato___Early_blight,2,validation
D:\Plant-Disease-Detection\PlantVillage\Potato___Early_blight\4b7b3611-d9b9-40c8-b0f5-d730fcd76679___RS_Early.B 6937.JPG,Potato___Early_blight,2,validation
D:\Plant-Disease-Detection\PlantVillage\Potato___Early_blight\4b925312-1973-41cf-afdf-9090d02dd539___RS_Early.B 7913.JPG,Potato___Early_blight,2,validation
D:\Plant-Disease-Detection\PlantVillage\Potato___Early_blight\4bac4925-72ff-43e7-8726-5e2126c6c30d___RS_Early.B 8206.JPG,Potato___Early_blight,2,validation
D:\Plant-Disease-Detection\PlantVillage\Potato___Early_blight\4bba904e-b4af-4a81-8252-b8d997bc5057___RS_Early.B 7695.JPG,Potato___Early_blight,2,test
D:\Plant-Disease-Detection\PlantVillage\Potato___Early_blight\4be99b40-e269-4c69-8c90-ac75514650af___RS_Early.B 6830.JPG,Potato___Early_blight,2,train
D:\Plant-Disease-Detection\PlantVillage\Potato___Early_blight\4c246dbf-ad6c-4563-ad59-d5ea84453817___RS_Early.B 7662.JPG,Potato___Early_blight,2,train
D:\Plant-Disease-Detection\PlantVillage\Potato___Early_blight\4c7622da-663c-48df-8005-355fff221fe1___RS_Early.B 8432.JPG,Potato___Early_blight,2,train
D:\Plant-Disease-Detection\PlantVillage\Potato___Early_blight\4c8df1cf-82bb-49eb-894c-8a516fbd1d74___RS_Early.B 6753.JPG,Potato___Early_blight,2,train
D:\Plant-Disease-Detection\PlantVillage\Potato___Early_blight\4d1d5d85-e67d-4007-bceb-9b577f49065b___RS_Early.B 8885.JPG,Potato___Early_blight,2,validation
D:\Plant-Disease-Detection\PlantVillage\Potato___Early_blight\4d5d6c62-61d8-45a3-aada-3ee8bc44e1d5___RS_Early.B 6685.JPG,Potato___Early_blight,2,train
D:\Plant-Disease-Detection\PlantVillage\Potato___Early_blight\4d943ff8-e048-43c6-8861-4cdc6adab6a0___RS_Early.B 8726.JPG,Potato___Early_blight,2,train
D:\Plant-Disease-Detection\PlantVillage\Potato___Early_blight\4da46a9d-7709-4528-acc3-a7be6ace3714___RS_Early.B 7187.JPG,Potato___Early_blight,2,train
D:\Plant-Disease-Detection\PlantVillage\Potato___Early_blight\4ddd0823-ecf4-4a0b-81d5-9844705e5694___RS_Early.B 8936.JPG,Potato___Early_blight,2,train
D:\Plant-Disease-Detection\PlantVillage\Potato___Early_blight\4e40c113-4ab2-4a71-9ecc-5ceb67905190___RS_Early.B 7446.JPG,Potato___Early_blight,2,train
D:\Plant-Disease-Detection\PlantVillage\Potato___Early_blight\4e478f6a-b8cf-425f-85e8-d80d6aaab8e1___RS_Early.B 9026.JPG,Potato___Early_blight,2,train
D:\Plant-Disease-Detection\PlantVillage\Potato___Early_blight\4e7faad5-4f3c-432a-8a71-bbe198aece77___RS_Early.B 7354.JPG,Potato___Early_blight,2,validation
D:\Plant-Disease-Detection\PlantVillage\Potato___Early_blight\4eacc117-bab5-40ff-bde0-dbc6b2a35822___RS_Early.B 7999.JPG,Potato___Early_blight,2,train
D:\Plant-Disease-Detection\PlantVillage\Potato___Early_blight\4eb1fee6-e288-4c32-841d-9fc1d1824508___RS_Early.B 8446.JPG,Potato___Early_blight,2,train
D:\Plant-Disease-Detection\PlantVillage\Potato___Early_blight\4efd8455-c6ef-4e25-abad-d4d273f84c28___RS_Early.B 8128.JPG,Potato___Early_blight,2,test
D:\Plant-Disease-Detection\PlantVillage\Potato___Early_blight\4f12ef84-6c6e-43d6-b6f1-3a8b0278b3a6___RS_Early.B 8101.JPG,Potato___Early_blight,2,validation
D:\Plant-Disease-Detection\PlantVillage\Potato___Early_blight\4f20f0e5-b870-414c-99a0-136575a61ce5___RS_Early.B 6724.JPG,Potato___Early_blight,2,train
D:\Plant-Disease-Detection\PlantVillage\Potato___Early_blight\4f5ed8b8-7266-451d-a726-c1dbba2e5381___RS_Early.B 7384.JPG,Potato___Early_blight,2,test
D:\Plant-Disease-Detection\PlantVillage\Potato___Early_blight\519e17be-a518-410a-ad3e-153d07fc3563___RS_Early.B 7711.JPG,Potato___Early_blight,2,train
D:\Plant-Disease-Detection\PlantVillage\Potato___Early_blight\51ab2ec9-d90b-47f3-8e4a-fdceeceb033b___RS_Early.B 7859.JPG,Potato___Early_blight,2,train
D:\Plant-Disease-Detection\PlantVillage\Potato___Early_blight\51bc94fe-ba23-4776-a9ec-727e55015acb___RS_Early.B 8267.JPG,Potato___Early_blight,2,train
D:\Plant-Disease-Detection\PlantVillage\Potato___Early_blight\51d521bb-5800-4f46-8fd0-f6cb09f37989___RS_Early.B 7572.JPG,Potato___Early_blight,2,train
D:\Plant-Disease-Detection\PlantVillage\Potato___Early_blight\51e028c1-7aec-46e9-a389-391bc38b46f3___RS_Early.B 8505.JPG,Potato___Early_blight,2,train
D:\Plant-Disease-Detection\PlantVillage\Potato___Early_blight\51f13c93-c8b6-4542-a81b-cb1a2e83f179___RS_Early.B 7684.JPG,Potato___Early_blight,2,train
D:\Plant-Disease-Detection\PlantVillage\Potato___Early_blight\51f59871-72dc-490c-a550-9e7869142284___RS_Early.B 7224.JPG,Potato___Early_blight,2,train
D:\Plant-Disease-Detection\PlantVillage\Potato___Early_blight\52fb5725-33cf-4076-9abc-93311d027da2___RS_Early.B 8415.JPG,Potato___Early_blight,2,train
D:\Plant-Disease-Detection\PlantVillage\Potato___Early_blight\53de9716-fcc5-4241-9e8d-21792a5cf226___RS_Early.B 9014.JPG,Potato___Early_blight,2,train
D:\Plant-Disease-Detection\PlantVillage\Potato___Early_blight\53e30623-2023-4bbf-b904-ba39426f8628___RS_Early.B 7613.JPG,Potato___Early_blight,2,train
D:\Plant-Disease-Detection\PlantVillage\Potato___Early_blight\541b768f-ec74-4f60-8e5a-778a5eb359da___RS_Early.B 8647.JPG,Potato___Early_blight,2,train
D:\Plant-Disease-Detection\PlantVillage\Potato___Early_blight\541f3dc9-a330-4caf-97f3-88bec1b60c53___RS_Early.B 7767.JPG,Potato___Early_blight,2,train
D:\Plant-Disease-Detection\PlantVillage\Potato___Early_blight\544b5324-f697-4af8-90d4-47b7b86691c6___RS_Early.B 7028.JPG,Potato___Early_blight,2,train
D:\Plant-Disease-Detection\PlantVillage\Potato___Early_blight\54a0c5b4-7df1-46c8-95f7-85ffb6a47939___RS_Early.B 8174.JPG,Potato___Early_blight,2,train
D:\Plant-Disease-Detection\PlantVillage\Potato___Early_blight\54eebf69-9501-4f9e-b923-1ef61f31d93c___RS_Early.B 7098.JPG,Potato___Early_blight,2,train
D:\Plant-Disease-Detection\PlantVillage\Potato___Early_blight\55daa016-a408-4de3-a79e-53d0ec53ea16___RS_Early.B 7686.JPG,Potato___Early_blight,2,train
D:\Plant-Disease-Detection\PlantVillage\Potato___Early_blight\56a6692b-15ba-4097-aba1-ba428b6fefcd___RS_Early.B 7899.JPG,Potato___Early_blight,2,train
D:\Plant-Disease-Detection\PlantVillage\Potato___Early_blight\57bb36be-b5bc-44e0-91e5-0b1b4d31bc82___RS_Early.B 7311.JPG,Potato___Early_blight,2,train
D:\Plant-Disease-Detection\PlantVillage\Potato___Early_blight\57c5fe0f-ce93-412a-a29e-a70a4aa23649___RS_Early.B 6818.JPG,Potato___Early_blight,2,test
D:\Plant-Disease-Detection\PlantVillage\Potato___Early_blight\583fa343-d5be-414b-bd95-f674313bd882___RS_Early.B 7681.JPG,Potato___Early_blight,2,train
D:\Plant-Disease-Detection\PlantVillage\Potato___Early_blight\58a381f9-5315-4865-9b35-43df8fd9bf42___RS_Early.B 9027.JPG,Potato___Early_blight,2,validation
D:\Plant-Disease-Detection\PlantVillage\Potato___Early_blight\58cb5c58-3161-4476-9361-3ee2673cc82b___RS_Early.B 7368.JPG,Potato___Early_blight,2,train
D:\Plant-Disease-Detection\PlantVillage\Potato___Early_blight\593de3cd-1e2e-4943-b5f3-ef9d5d857894___RS_Early.B 8336.JPG,Potato___Early_blight,2,train
D:\Plant-Disease-Detection\PlantVillage\Potato___Early_blight\59f90f4b-add8-4f50-af1f-052b35aa99e1___RS_Early.B 9001.JPG,Potato___Early_blight,2,test
D:\Plant-Disease-Detection\PlantVillage\Potato___Early_blight\606e216d-f0b8-4ef3-9bf1-2bee85a13361___RS_Early.B 7094.JPG,Potato___Early_blight,2,train
D:\Plant-Disease-Detection\PlantVillage\Potato___Early_blight\610d8d2d-c28d-4d99-9f37-a6a79148b529___RS_Early.B 8023.JPG,Potato___Early_blight,2,validation
D:\Plant-Disease-Detection\PlantVillage\Potato___Early_blight\610fd102-fd1b-45c3-978b-68c65d432382___RS_Early.B 7819.JPG,Potato___Early_blight,2,train
D:\Plant-Disease-Detection\PlantVillage\Potato___Early_blight\61a602c4-02e3-49e5-9858-5b1d4d4795f7___RS_Early.B 7875.JPG,Potato___Early_blight,2,train
D:\Plant-Disease-Detection\PlantVillage\Potato___Early_blight\61d53ca2-a8e2-4e5d-b8cd-3f9608b74fc1___RS_Early.B 6746.JPG,Potato___Early_blight,2,test
D:\Plant-Disease-Detection\PlantVillage\Potato___Early_blight\61da9830-ebfd-483a-88dd-a66fcff4c457___RS_Early.B 7817.JPG,Potato___Early_blight,2,train
D:\Plant-Disease-Detection\PlantVillage\Potato___Early_blight\61f4f7c5-cebe-471a-9be9-b595255b7fb4___RS_Early.B 7029.JPG,Potato___Early_blight,2,test
D:\Plant-Disease-Detection\PlantVillage\Potato___Early_blight\625f9c30-b56a-4e4e-9b34-aab8d2385d02___RS_Early.B 7226.JPG,Potato___Early_blight,2,validation
D:\Plant-Disease-Detection\PlantVillage\Potato___Early_blight\62e81304-8d1b-46ed-a79a-52cf53a63919___RS_Early.B 7363.JPG,Potato___Early_blight,2,train
D:\Plant-Disease-Detection\PlantVillage\Potato___Early_blight\63b61694-16e9-4ef4-ad6f-5e27d2c9eed9___RS_Early.B 6871.JPG,Potato___Early_blight,2,train
D:\Plant-Disease-Detection\PlantVillage\Potato___Early_blight\63f59fdf-973f-4d9e-a1ac-4a21cdfb9393___RS_Early.B 8794.JPG,Potato___Early_blight,2,train
D:\Plant-Disease-Detection\PlantVillage\Potato___Early_blight\63f9b76b-c491-4ed3-923b-087967ea9268___RS_Early.B 7161.JPG,Potato___Early_blight,2,test
D:\Plant-Disease-Detection\PlantVillage\Potato___Early_blight\64cab763-3fa2-483c-abc6-1d203f26f88e___RS_Early.B 6671.JPG,Potato___Early_blight,2,train
D:\Plant-Disease-Detection\PlantVillage\Potato___Early_blight\64ced002-f0b1-42b2-b448-b7b3655e38c1___RS_Early.B 9010.JPG,Potato___Early_blight,2,train
D:\Plant-Disease-Detection\PlantVillage\Potato___Early_blight\64e41485-8bd1-4b5d-9482-023eb07d8a89___RS_Early.B 9078.JPG,Potato___Early_blight,2,validation
D:\Plant-Disease-Detection\PlantVillage\Potato___Early_blight\654aaf22-e23a-441d-ad57-914843a36c64___RS_Early.B 7924.JPG,Potato___Early_blight,2,validation
D:\Plant-Disease-Detection\PlantVillage\Potato___Early_blight\65b66b8f-2117-4876-85bd-23941349231f___RS_Early.B 7219.JPG,Potato___Early_blight,2,train
D:\Plant-Disease-Detection\PlantVillage\Potato___Early_blight\65cac614-d354-44f4-870b-dbb4fe26e120___RS_Early.B 8193.JPG,Potato___Early_blight,2,train
D:\Plant-Disease-Detection\PlantVillage\Potato___Early_blight\65f6e2f1-300b-42f0-bcc8-467753411947___RS_Early.B 7591.JPG,Potato___Early_blight,2,train
D:\Plant-Disease-Detection\PlantVillage\Potato___Early_blight\667c593c-acbf-468a-91a3-6fd8006c46c2___RS_Early.B 7830.JPG,Potato___Early_blight,2,validation
D:\Plant-Disease-Detection\PlantVillage\Potato___Early_blight\66a98640-59d3-4c9b-9853-773c78ac6375___RS_Early.B 6784.JPG,Potato___Early_blight,2,train
D:\Plant-Disease-Detection\PlantVillage\Potato___Early_blight\66b6c6d1-fe63-4c7e-8054-bdf6ff67ff57___RS_Early.B 7514.JPG,Potato___Early_blight,2,train
D:\Plant-Disease-Detection\PlantVillage\Potato___Early_blight\66c5930d-2169-4ec1-9919-28088d5447f7___RS_Early.B 8822.JPG,Potato___Early_blight,2,train
D:\Plant-Disease-Detection\PlantVillage\Potato___Early_blight\67f2bf79-1d71-4748-bcd6-a65006f12981___RS_Early.B 7289.JPG,Potato___Early_blight,2,train
D:\Plant-Disease-Detection\PlantVillage\Potato___Early_blight\68a9df4a-f803-4cf1-bfce-1a637a2befcc___RS_Early.B 7654.JPG,Potato___Early_blight,2,train
D:\Plant-Disease-Detection\PlantVillage\Potato___Early_blight\68f056c9-4989-4809-b597-3739ff66afc3___RS_Early.B 8748.JPG,Potato___Early_blight,2,train
D:\Plant-Disease-Detection\PlantVillage\Potato___Early_blight\69a20537-e5fd-4f1e-8800-ef9aa4fa4766___RS_Early.B 8111.JPG,Potato___Early_blight,2,train
D:\Plant-Disease-Detection\PlantVillage\Potato___Early_blight\69ee53e1-a9b6-4e97-bc5f-f91617bc87ab___RS_Early.B 7987.JPG,Potato___Early_blight,2,train
D:\Plant-Disease-Detection\PlantVillage\Potato___Early_blight\70a2aa43-f50f-448b-bd98-9315f27cf456___RS_Early.B 7927.JPG,Potato___Early_blight,2,validation
D:\Plant-Disease-Detection\PlantVillage\Potato___Early_blight\70b89c8b-2850-4ec8-8da1-a4b9de5351c7___RS_Early.B 6889.JPG,Potato___Early_blight,2,validation
D:\Plant-Disease-Detection\PlantVillage\Potato___Early_blight\70da76f2-b067-40f0-82d2-16b2dec3e189___RS_Early.B 8358.JPG,Potato___Early_blight,2,train
D:\Plant-Disease-Detection\PlantVillage\Potato___Early_blight\719dcce1-73f0-42c8-9941-44eb2b237544___RS_Early.B 8059.JPG,Potato___Early_blight,2,train
D:\Plant-Disease-Detection\PlantVillage\Potato___Early_blight\71ab124e-93ba-4d4e-ae53-68ac12fcb858___RS_Early.B 8129.JPG,Potato___Early_blight,2,train
D:\Plant-Disease-Detection\PlantVillage\Potato___Early_blight\722bc78a-a1e0-481b-b5a3-cb3357f2f350___RS_Early.B 6803.JPG,Potato___Early_blight,2,train
D:\Plant-Disease-Detection\PlantVillage\Potato___Early_blight\72c4221d-f82b-48fc-a91e-8aa46f5cb0cc___RS_Early.B 8399.JPG,Potato___Early_blight,2,train
D:\Plant-Disease-Detection\PlantVillage\Potato___Early_blight\72f7fa2c-974f-42af-99c3-fd4739d64050___RS_Early.B 8772.JPG,Potato___Early_blight,2,train
D:\Plant-Disease-Detection\PlantVillage\Potato___Early_blight\72f9e596-8d1e-4ffd-923d-55645d6adca1___RS_Early.B 7704.JPG,Potato___Early_blight,2,train
D:\Plant-Disease-Detection\PlantVillage\Potato___Early_blight\73cf20a6-b2c4-4302-a664-c43dccb78cfb___RS_Early.B 6930.JPG,Potato___Early_blight,2,validation
D:\Plant-Disease-Detection\PlantVillage\Potato___Early_blight\73d47ccd-4f15-4d93-90d1-5c35dbedd91e___RS_Early.B 7567.JPG,Potato___Early_blight,2,train
D:\Plant-Disease-Detection\PlantVillage\Potato___Early_blight\74bedc99-e24e-43de-a17c-003822c8af41___RS_Early.B 8725.JPG,Potato___Early_blight,2,train
D:\Plant-Disease-Detection\PlantVillage\Potato___Early_blight\77b04047-8450-47d1-82f1-48f09f83387c___RS_Early.B 7042.JPG,Potato___Early_blight,2,train
D:\Plant-Disease-Detection\PlantVillage\Potato___Early_blight\77c86eac-945e-4942-8eab-1269373d645a___RS_Early.B 7755.JPG,Potato___Early_blight,2,train
D:\Plant-Disease-Detection\PlantVillage\Potato___Early_blight\78ca2c95-f7b7-43b8-a91f-9ca12ac814e8___RS_Early.B 7137.JPG,Potato___Early_blight,2,validation
D:\Plant-Disease-Detection\PlantVillage\Potato___Early_blight\81bc4d94-be1f-4127-8203-da3ae29aa3d5___RS_Early.B 7305.JPG,Potato___Early_blight,2,train
D:\Plant-Disease-Detection\PlantVillage\Potato___Early_blight\82a783e4-ba41-42af-96a8-ebc67abe905d___RS_Early.B 7439.JPG,Potato___Early_blight,2,train
D:\Plant-Disease-Detection\PlantVillage\Potato___Early_blight\82cdc0bb-ac22-429d-ad70-2ec0d771dd39___RS_Early.B 7405.JPG,Potato___Early_blight,2,test
D:\Plant-Disease-Detection\PlantVillage\Potato___Early_blight\83b7d891-0fe8-47b8-b6e1-693493a2988a___RS_Early.B 8707.JPG,Potato___Early_blight,2,train
D:\Plant-Disease-Detection\PlantVillage\Potato___Early_blight\83e334ee-bd8c-4aa5-bb8e-bc64d99bd5e2___RS_Early.B 7329.JPG,Potato___Early_blight,2,train
D:\Plant-Disease-Detection\PlantVillage\Potato___Early_blight\83f244c6-e33e-4fbb-a9ef-3996cd25a547___RS_Early.B 8700.JPG,Potato___Early_blight,2,validation
D:\Plant-Disease-Detection\PlantVillage\Potato___Early_blight\84a61cf3-fdc2-42bd-82d8-8dcf20e9d374___RS_Early.B 8130.JPG,Potato___Early_blight,2,train
D:\Plant-Disease-Detection\PlantVillage\Potato___Early_blight\85a38441-6df7-4401-9905-fba74ebfa717___RS_Early.B 8230.JPG,Potato___Early_blight,2,train
D:\Plant-Disease-Detection\PlantVillage\Potato___Early_blight\85a9856f-d5ae-4740-a038-517489a25ff5___RS_Early.B 8635.JPG,Potato___Early_blight,2,train
D:\Plant-Disease-Detection\PlantVillage\Potato___Early_blight\86a65e8c-c7cf-45f7-8619-422eb6f1a40d___RS_Early.B 7745.JPG,Potato___Early_blight,2,train
D:\Plant-Disease-Detection\PlantVillage\Potato___Early_blight\86e98583-f506-4cb7-ba11-eea466662ec7___RS_Early.B 7335.JPG,Potato___Early_blight,2,train
D:\Plant-Disease-Detection\PlantVillage\Potato___Early_blight\87c0254c-c987-4c54-adda-45c5e7346170___RS_Early.B 8848.JPG,Potato___Early_blight,2,train
D:\Plant-Disease-Detection\PlantVillage\Potato___Early_blight\88c63d75-4423-4233-9097-728af8a52033___RS_Early.B 6862.JPG,Potato___Early_blight,2,train
D:\Plant-Disease-Detection\PlantVillage\Potato___Early_blight\88e29276-8c4f-4d15-b3d4-d1db0a05cac1___RS_Early.B 6973.JPG,Potato___Early_blight,2,train
D:\Plant-Disease-Detection\PlantVillage\Potato___Early_blight\89b2e456-737b-4020-b788-c3f6a4927e69___RS_Early.B 7371.JPG,Potato___Early_blight,2,train
D:\Plant-Disease-Detection\PlantVillage\Potato___Early_blight\89d4dba2-3d9c-46fe-bac3-6be833b01351___RS_Early.B 6749.JPG,Potato___Early_blight,2,train
D:\Plant-Disease-Detection\PlantVillage\Potato___Early_blight\90d47c2a-c84e-498c-b30d-f368e75611a7___RS_Early.B 7778.JPG,Potato___Early_blight,2,train
D:\Plant-Disease-Detection\PlantVillage\Potato___Early_blight\90efe2c3-3e9b-4c76-9ab9-b74b2b2ecf36___RS_Early.B 7582.JPG,Potato___Early_blight,2,train
D:\Plant-Disease-Detection\PlantVillage\Potato___Early_blight\91a21acf-c95a-4ffc-90f2-8c64456f4032___RS_Early.B 7139.JPG,Potato___Early_blight,2,validation
D:\Plant-Disease-Detection\PlantVillage\Potato___Early_blight\91d11576-f040-43ab-8e08-e7ef4926707a___RS_Early.B 8054.JPG,Potato___Early_blight,2,test
D:\Plant-Disease-Detection\PlantVillage\Potato___Early_blight\92a30efc-6b2f-4e17-8688-e477e5d39bd9___RS_Early.B 7343.JPG,Potato___Early_blight,2,train
D:\Plant-Disease-Detection\PlantVillage\Potato___healthy\00fc2ee5-729f-4757-8aeb-65c3355874f2___RS_HL 1864.JPG,Potato___healthy,4,train
D:\Plant-Disease-Detection\PlantVillage\Potato___healthy\03da9931-e514-4cc7-b04a-8f474a133ce5___RS_HL 1830.JPG,Potato___healthy,4,train
D:\Plant-Disease-Detection\PlantVillage\Potato___healthy\04481ca2-f94c-457e-b785-1ac05800b7ec___RS_HL 1930.JPG,Potato___healthy,4,train
D:\Plant-Disease-Detection\PlantVillage\Potato___healthy\046641c1-f837-49eb-b5f2-4109910a027c___RS_HL 1878.JPG,Potato___healthy,4,validation
D:\Plant-Disease-Detection\PlantVillage\Potato___healthy\07dfb451-4378-49d1-b699-33a5fc49ff07___RS_HL 5399.JPG,Potato___healthy,4,validation
D:\Plant-Disease-Detection\PlantVillage\Potato___healthy\0b3e5032-8ae8-49ac-8157-a1cac3df01dd___RS_HL 1817.JPG,Potato___healthy,4,validation
D:\Plant-Disease-Detection\PlantVillage\Potato___healthy\0be9d721-82f5-42c3-b535-7494afe01dbe___RS_HL 1814.JPG,Potato___healthy,4,train
D:\Plant-Disease-Detection\PlantVillage\Potato___healthy\0f4ebc5a-d646-436a-919d-961342997cde___RS_HL 4183.JPG,Potato___healthy,4,test
D:\Plant-Disease-Detection\PlantVillage\Potato___healthy\1106c3fc-92cb-41a6-a6c6-8f08b9b45108___RS_HL 1914.JPG,Potato___healthy,4,train
D:\Plant-Disease-Detection\PlantVillage\Potato___healthy\111cd9d8-4d27-4225-be9e-d29b21cf56b9___RS_HL 5419.JPG,Potato___healthy,4,train
D:\Plant-Disease-Detection\PlantVillage\Potato___healthy\142fb983-2166-4a0f-b99b-a6c21e99987e___RS_HL 5398.JPG,Potato___healthy,4,train
D:\Plant-Disease-Detection\PlantVillage\Potato___healthy\14484ea5-9c34-427c-abe4-2743265aced0___RS_HL 4204.JPG,Potato___healthy,4,train
D:\Plant-Disease-Detection\PlantVillage\Potato___healthy\144d2475-21ab-4bdc-a67c-9672a9b711e6___RS_HL 5376.JPG,Potato___healthy,4,train
D:\Plant-Disease-Detection\PlantVillage\Potato___healthy\163ada72-4288-4f85-a3c1-feed23c8d1de___RS_HL 1940.JPG,Potato___healthy,4,train
D:\Plant-Disease-Detection\PlantVillage\Potato___healthy\170f1f57-0fd4-421f-9c82-3b1804be63ad___RS_HL 1771.JPG,Potato___healthy,4,train
D:\Plant-Disease-Detection\PlantVillage\Potato___healthy\1a1184f8-c414-4ead-a4c4-41ae78e29a82___RS_HL 1971.JPG,Potato___healthy,4,train
D:\Plant-Disease-Detection\PlantVillage\Potato___healthy\1ae826e2-5148-47bd-a44c-711ec9cc9c75___RS_HL 1954.JPG,Potato___healthy,4,train
D:\Plant-Disease-Detection\PlantVillage\Potato___healthy\1b434c52-7be4-40c4-90d5-13220f1a3eba___RS_HL 5418.JPG,Potato___healthy,4,train
D:\Plant-Disease-Detection\PlantVillage\Potato___healthy\1dcfeaa9-006d-470c-b3e5-d67609d07d4e___RS_HL 1808.JPG,Potato___healthy,4,train
D:\Plant-Disease-Detection\PlantVillage\Potato___healthy\1f9870b3-899e-46fb-98c9-cfc2ce92895b___RS_HL 1816.JPG,Potato___healthy,4,train
D:\Plant-Disease-Detection\PlantVillage\Potato___healthy\20ac28d6-5708-4e31-8676-1b1979de094f___RS_HL 1735.JPG,Potato___healthy,4,test
D:\Plant-Disease-Detection\PlantVillage\Potato___healthy\22322780-95b4-4b45-b626-26b22965d55e___RS_HL 1880.JPG,Potato___healthy,4,train
D:\Plant-Disease-Detection\PlantVillage\Potato___healthy\23f1ab77-d664-49c4-92eb-41eb66c6d101___RS_HL 4169.JPG,Potato___healthy,4,train
D:\Plant-Disease-Detection\PlantVillage\Potato___healthy\23f4d3b1-23f4-43fb-96c2-dae37224ec74___RS_HL 1803.JPG,Potato___healthy,4,train
D:\Plant-Disease-Detection\PlantVillage\Potato___healthy\2ccb9ee9-faac-4d32-9af5-29497fa2e028___RS_HL 1837.JPG,Potato___healthy,4,train
D:\Plant-Disease-Detection\PlantVillage\Potato___healthy\2d98cbc8-cbe6-423c-b2ab-3f7f8bcea5d5___RS_HL 1945.JPG,Potato___healthy,4,validation
D:\Plant-Disease-Detection\PlantVillage\Potato___healthy\2dee1571-ef6b-40ef-8c46-334e89aad3f1___RS_HL 1950.JPG,Potato___healthy,4,train
D:\Plant-Disease-Detection\PlantVillage\Potato___healthy\2e0b8b4b-e900-408b-b760-730690bbd382___RS_HL 1901.JPG,Potato___healthy,4,train
D:\Plant-Disease-Detection\PlantVillage\Potato___healthy\30126310-39de-4c02-b10a-23409417a4f6___RS_HL 1826.JPG,Potato___healthy,4,train
D:\Plant-Disease-Detection\PlantVillage\Potato___healthy\30937333-8898-4634-8c00-af57d3020ba6___RS_HL 1922.JPG,Potato___healthy,4,train
D:\Plant-Disease-Detection\PlantVillage\Potato___healthy\31a09d39-6791-4ecb-8f44-af2ed85dbd33___RS_HL 1970.JPG,Potato___healthy,4,test
D:\Plant-Disease-Detection\PlantVillage\Potato___healthy\369479a9-3c28-4d77-8731-9ae54e719af3___RS_HL 1785.JPG,Potato___healthy,4,train
D:\Plant-Disease-Detection\PlantVillage\Potato___healthy\36bdc44c-96a4-40bb-86f7-63a91d706e96___RS_HL 4203.JPG,Potato___healthy,4,validation
D:\Plant-Disease-Detection\PlantVillage\Potato___healthy\38faf81d-c83b-42ca-b4c3-e3bbfa070589___RS_HL 1805.JPG,Potato___healthy,4,train
D:\Plant-Disease-Detection\PlantVillage\Potato___healthy\3a00204c-5e53-4e5d-95a6-f8819031744e___RS_HL 5420.JPG,Potato___healthy,4,train
D:\Plant-Disease-Detection\PlantVillage\Potato___healthy\3a1dbeee-089c-43f0-8f51-a92d3687a515___RS_HL 1754.JPG,Potato___healthy,4,test
D:\Plant-Disease-Detection\PlantVillage\Potato___healthy\3c0d6888-c7e1-4cf8-9c25-9a0b8c62ba72___RS_HL 1780.JPG,Potato___healthy,4,train
D:\Plant-Disease-Detection\PlantVillage\Potato___healthy\3edf7c3f-73e0-439c-870d-76cfd7c3bc45___RS_HL 1859.JPG,Potato___healthy,4,train
D:\Plant-Disease-Detection\PlantVillage\Potato___healthy\3f369e63-81eb-4194-a145-df9ed91abc5d___RS_HL 1745.JPG,Potato___healthy,4,train
D:\Plant-Disease-Detection\PlantVillage\Potato___healthy\413bc2e9-eb2a-48fd-ba65-48b5121fd85c___RS_HL 4200.JPG,Potato___healthy,4,validation
D:\Plant-Disease-Detection\PlantVillage\Potato___healthy\414f6249-9f78-4af5-9593-9d5a7e7d979f___RS_HL 1918.JPG,Potato___healthy,4,train
D:\Plant-Disease-Detection\PlantVillage\Potato___healthy\415ac4a2-8f16-4052-880e-1e1f208965f0___RS_HL 1884.JPG,Potato___healthy,4,train
D:\Plant-Disease-Detection\PlantVillage\Potato___healthy\43fd6ace-3712-494a-9aba-de5482d22561___RS_HL 1968.JPG,Potato___healthy,4,train
D:\Plant-Disease-Detection\PlantVillage\Potato___healthy\45bc0b37-ca59-4a89-8531-705af42a6fd5___RS_HL 1946.JPG,Potato___healthy,4,validation
D:\Plant-Disease-Detection\PlantVillage\Potato___healthy\468d3107-f09a-4f0d-8b9d-f08d7c49738f___RS_HL 1747.JPG,Potato___healthy,4,validation
D:\Plant-Disease-Detection\PlantVillage\Potato___healthy\46b2555a-c0a6-48c2-af13-0816e147e4de___RS_HL 1943.JPG,Potato___healthy,4,train
D:\Plant-Disease-Detection\PlantVillage\Potato___healthy\4a08efaa-28cc-4356-8769-4002f4b299ef___RS_HL 1850.JPG,Potato___healthy,4,train
D:\Plant-Disease-Detection\PlantVillage\Potato___healthy\4ae82355-6885-40e7-9807-dabe46ed3441___RS_HL 5410.JPG,Potato___healthy,4,train
D:\Plant-Disease-Detection\PlantVillage\Potato___healthy\4bbccfb6-5720-4c80-9b37-0c3ed8999c9f___RS_HL 1791.JPG,Potato___healthy,4,train
D:\Plant-Disease-Detection\PlantVillage\Potato___healthy\51a03694-82cd-43a5-9877-ddce42c1a5ad___RS_HL 1779.JPG,Potato___healthy,4,train
D:\Plant-Disease-Detection\PlantVillage\Potato___healthy\52dd2fdd-6966-450c-a42b-ee14428d4271___RS_HL 1955.JPG,Potato___healthy,4,validation
D:\Plant-Disease-Detection\PlantVillage\Potato___healthy\533abd3a-3e1d-42d0-ae9c-5189282b78af___RS_HL 5369.JPG,Potato___healthy,4,train
D:\Plant-Disease-Detection\PlantVillage\Potato___healthy\54f86311-9d76-421b-b401-0b02f6e738a5___RS_HL 4172.JPG,Potato___healthy,4,train
D:\Plant-Disease-Detection\PlantVillage\Potato___healthy\56ae1281-5ee5-4f2a-8678-c2e4491878c6___RS_HL 1869.JPG,Potato___healthy,4,train
D:\Plant-Disease-Detection\PlantVillage\Potato___healthy\57c2663b-5d1d-4476-b067-38b2149c3b2d___RS_HL 1796.JPG,Potato___healthy,4,test
D:\Plant-Disease-Detection\PlantVillage\Potato___healthy\57e24d88-fd01-4422-b8b5-d688d2296184___RS_HL 5401.JPG,Potato___healthy,4,train
D:\Plant-Disease-Detection\PlantVillage\Potato___healthy\57e262fc-e0ba-44db-a967-5ba6f1826e49___RS_HL 1897.JPG,Potato___healthy,4,test
D:\Plant-Disease-Detection\PlantVillage\Potato___healthy\58a98860-86d8-41e7-9f8c-cc2ca5e90012___RS_HL 1758.JPG,Potato___healthy,4,train
D:\Plant-Disease-Detection\PlantVillage\Potato___healthy\5a3fc4bb-a78c-4276-8934-f0b037ffb860___RS_HL 5412.JPG,Potato___healthy,4,validation
D:\Plant-Disease-Detection\PlantVillage\Potato___healthy\5cb360dd-5c17-4c57-b31d-97cd8dd8d0bd___RS_HL 1797.JPG,Potato___healthy,4,train
D:\Plant-Disease-Detection\PlantVillage\Potato___healthy\5d505af8-3f73-4781-980c-a4a696a04550___RS_HL 1934.JPG,Potato___healthy,4,train
D:\Plant-Disease-Detection\PlantVillage\Potato___healthy\5df30492-0b54-474d-8883-bba9474ca88f___RS_HL 1801.JPG,Potato___healthy,4,validation
D:\Plant-Disease-Detection\PlantVillage\Potato___healthy\5e19b1f4-fd65-4c4d-bcd2-18c8c519eddb___RS_HL 1965.JPG,Potato___healthy,4,train
D:\Plant-Disease-Detection\PlantVillage\Potato___healthy\5ea316eb-10a2-42c0-b781-40d90356ccaa___RS_HL 1935.JPG,Potato___healthy,4,train
D:\Plant-Disease-Detection\PlantVillage\Potato___healthy\5fcbde8f-52af-4963-b324-ff7f4dd6bd4c___RS_HL 1762.JPG,Potato___healthy,4,train
D:\Plant-Disease-Detection\PlantVillage\Potato___healthy\60e9a878-13e0-4345-964c-fd807cd20bbb___RS_HL 1876.JPG,Potato___healthy,4,test
D:\Plant-Disease-Detection\PlantVillage\Potato___healthy\61b05f0a-14bc-4c8f-a256-57c8b8898d8c___RS_HL 1769.JPG,Potato___healthy,4,train
D:\Plant-Disease-Detection\PlantVillage\Potato___healthy\61b8a692-91d8-40f5-a4a4-4d910875a638___RS_HL 1966.JPG,Potato___healthy,4,test
D:\Plant-Disease-Detection\PlantVillage\Potato___healthy\683b04ad-7941-4819-9965-ba32c725eb22___RS_HL 1861.JPG,Potato___healthy,4,train
D:\Plant-Disease-Detection\PlantVillage\Potato___healthy\6f4b9acd-f34d-4771-a6bc-2001de2dd1d3___RS_HL 1898.JPG,Potato___healthy,4,validation
D:\Plant-Disease-Detection\PlantVillage\Potato___healthy\71c06efe-089f-49b3-beed-095bd7640e32___RS_HL 1947.JPG,Potato___healthy,4,train
D:\Plant-Disease-Detection\PlantVillage\Potato___healthy\750584fd-72e0-45c8-b37c-97208bd559cc___RS_HL 1885.JPG,Potato___healthy,4,train
D:\Plant-Disease-Detection\PlantVillage\Potato___healthy\762672f4-17e6-4fd6-84f1-3bcb091b3ca5___RS_HL 5417.JPG,Potato___healthy,4,train
D:\Plant-Disease-Detection\PlantVillage\Potato___healthy\774875d3-438a-4305-afe2-7d59e2925dc4___RS_HL 1759.JPG,Potato___healthy,4,train
D:\Plant-Disease-Detection\PlantVillage\Potato___healthy\77c75478-e1f0-4aaa-9cbc-af1fed928a74___RS_HL 1748.JPG,Potato___healthy,4,validation
D:\Plant-Disease-Detection\PlantVillage\Potato___healthy\7948ada9-eabc-4cb7-a579-b73e938eb716___RS_HL 4185.JPG,Potato___healthy,4,train
D:\Plant-Disease-Detection\PlantVillage\Potato___healthy\799b10e8-ba67-4e08-9abe-748789572ad1___RS_HL 1881.JPG,Potato___healthy,4,train
D:\Plant-Disease-Detection\PlantVillage\Potato___healthy\7bfda067-6e35-4af5-a9c4-4b3b5f357871___RS_HL 1813.JPG,Potato___healthy,4,train
D:\Plant-Disease-Detection\PlantVillage\Potato___healthy\7e6c8297-dfe1-4826-826e-01d696cc263b___RS_HL 1863.JPG,Potato___healthy,4,test
D:\Plant-Disease-Detection\PlantVillage\Potato___healthy\7e7b6ab4-9adb-4a3b-abfb-8716b0039879___RS_HL 1921.JPG,Potato___healthy,4,train
D:\Plant-Disease-Detection\PlantVillage\Potato___healthy\80bb8697-bfab-449b-b870-e1ed2089df58___RS_HL 1827.JPG,Potato___healthy,4,train
D:\Plant-Disease-Detection\PlantVillage\Potato___healthy\849aa978-c7b9-4344-9ca8-129219a65f8e___RS_HL 1874.JPG,Potato___healthy,4,train
D:\Plant-Disease-Detection\PlantVillage\Potato___healthy\8583c4ff-2d8b-4b6f-89a8-fcc98917ce9b___RS_HL 1961.JPG,Potato___healthy,4,train
D:\Plant-Disease-Detection\PlantVillage\Potato___healthy\8665efd2-fa3d-45f8-b1c0-746c99fb7d1e___RS_HL 1924.JPG,Potato___healthy,4,train
D:\Plant-Disease-Detection\PlantVillage\Potato___healthy\875d6ded-5f01-495c-a945-ad2e17f87f91___RS_HL 1848.JPG,Potato___healthy,4,train
D:\Plant-Disease-Detection\PlantVillage\Potato___healthy\882798ca-67c3-45a3-86cf-4aed69388145___RS_HL 1750.JPG,Potato___healthy,4,train
D:\Plant-Disease-Detection\PlantVillage\Potato___healthy\8b2ce6b6-f00a-4f25-ac6d-4249dd7dc5f6___RS_HL 1890.JPG,Potato___healthy,4,train
D:\Plant-Disease-Detection\PlantVillage\Potato___healthy\8c1e1281-5937-4559-a02f-02817de6e122___RS_HL 4173.JPG,Potato___healthy,4,train
D:\Plant-Disease-Detection\PlantVillage\Potato___healthy\907f26b7-a14f-463f-a41e-f35d6e0f1417___RS_HL 1757.JPG,Potato___healthy,4,train
D:\Plant-Disease-Detection\PlantVillage\Potato___healthy\923d4cc3-021a-4bcd-9f5f-1d6f69e4ad33___RS_HL 1888.JPG,Potato___healthy,4,train
D:\Plant-Disease-Detection\PlantVillage\Potato___healthy\929107f1-4ae9-4dae-8319-ae7cf4804236___RS_HL 1932.JPG,Potato___healthy,4,train
D:\Plant-Disease-Detection\PlantVillage\Potato___healthy\949cafd0-098b-497f-9590-f0fb8ccafc94___RS_HL 4168.JPG,Potato___healthy,4,train
D:\Plant-Disease-Detection\PlantVillage\Potato___healthy\9a6eb7c4-6b43-477a-89e0-69f62ef67991___RS_HL 1846.JPG,Potato___healthy,4,train
D:\Plant-Disease-Detection\PlantVillage\Potato___healthy\9b5be0c5-7d7e-493d-88ba-c721c85f73ca___RS_HL 5405.JPG,Potato___healthy,4,test
D:\Plant-Disease-Detection\PlantVillage\Potato___healthy\9c620128-2872-4bbb-bc14-d5b785242cf6___RS_HL 1751.JPG,Potato___healthy,4,test
D:\Plant-Disease-Detection\PlantVillage\Potato___healthy\9d7d1bb9-1b10-4a8f-a961-e404b9d5acf8___RS_HL 1960.JPG,Potato___healthy,4,train
D:\Plant-Disease-Detection\PlantVillage\Potato___healthy\a02b6205-b40a-4178-8b34-3494f84b9d1f___RS_HL 1958.JPG,Potato___healthy,4,train
D:\Plant-Disease-Detection\PlantVillage\Potato___healthy\a1abff90-34e5-464d-b4d3-0c09f5924900___RS_HL 5414.JPG,Potato___healthy,4,train
D:\Plant-Disease-Detection\PlantVillage\Potato___healthy\a3ec91aa-8503-4711-a912-0d1427e25686___RS_HL 5409.JPG,Potato___healthy,4,train
D:\Plant-Disease-Detection\PlantVillage\Potato___healthy\a4d1d8cb-26a2-413f-a229-021e2eea87ac___RS_HL 1819.JPG,Potato___healthy,4,train
D:\Plant-Disease-Detection\PlantVillage\Potato___healthy\a5050bde-febc-4931-b31d-45c9652df318___RS_HL 5373.JPG,Potato___healthy,4,train
D:\Plant-Disease-Detection\PlantVillage\Potato___healthy\a8d687be-3777-403f-bae7-5c8c19340b3f___RS_HL 1738.JPG,Potato___healthy,4,test
D:\Plant-Disease-Detection\PlantVillage\Potato___healthy\aa04db6d-645f-4e8a-88dc-c9f9396f0800___RS_HL 1975.JPG,Potato___healthy,4,train
D:\Plant-Disease-Detection\PlantVillage\Potato___healthy\ad9b6cf4-e065-496d-91c7-5713ce14e19e___RS_HL 1926.JPG,Potato___healthy,4,train
D:\Plant-Disease-Detection\PlantVillage\Potato___healthy\af15ac00-67ff-4114-ace8-6dca48b94665___RS_HL 1865.JPG,Potato___healthy,4,train
D:\Plant-Disease-Detection\PlantVillage\Potato___healthy\b0fe9fe9-52e7-40e4-b4c0-769f1a0c7fb9___RS_HL 4175.JPG,Potato___healthy,4,train
D:\Plant-Disease-Detection\PlantVillage\Potato___healthy\b28c43f9-5844-4e9b-86bf-36bc114cae07___RS_HL 1736.JPG,Potato___healthy,4,train
D:\Plant-Disease-Detection\PlantVillage\Potato___healthy\b35b9f8b-daca-4d12-a5be-defe68d0acc5___RS_HL 1903.JPG,Potato___healthy,4,train
D:\Plant-Disease-Detection\PlantVillage\Potato___healthy\b4031970-60ea-4739-9fed-6c81be1bad1c___RS_HL 1752.JPG,Potato___healthy,4,validation
D:\Plant-Disease-Detection\PlantVillage\Potato___healthy\b42621c3-f751-46e1-a8d2-83ed85b90554___RS_HL 1740.JPG,Potato___healthy,4,train
D:\Plant-Disease-Detection\PlantVillage\Potato___healthy\b536ea91-c5f8-413b-87f3-a22ac3d959d1___RS_HL 1825.JPG,Potato___healthy,4,train
D:\Plant-Disease-Detection\PlantVillage\Potato___healthy\b61b9d33-59ea-41b0-a554-c382eb6128c5___RS_HL 1919.JPG,Potato___healthy,4,test
D:\Plant-Disease-Detection\PlantVillage\Potato___healthy\b89db9d3-a413-4781-bc88-5f6c2085ab5f___RS_HL 1909.JPG,Potato___healthy,4,test
D:\Plant-Disease-Detection\PlantVillage\Potato___healthy\b8b7b98a-eb1a-4213-9b0b-aeef4df427e8___RS_HL 1858.JPG,Potato___healthy,4,train
D:\Plant-Disease-Detection\PlantVillage\Potato___healthy\b925ad3e-fc49-497d-a6eb-115f0de20800___RS_HL 4170.JPG,Potato___healthy,4,test
D:\Plant-Disease-Detection\PlantVillage\Potato___healthy\b9ea902d-e557-4fa5-893b-39a7a57c0121___RS_HL 1893.JPG,Potato___healthy,4,train
D:\Plant-Disease-Detection\PlantVillage\Potato___healthy\bb04f738-1848-4dda-8834-384a48b335cd___RS_HL 1765.JPG,Potato___healthy,4,train
D:\Plant-Disease-Detection\PlantVillage\Potato___healthy\bb328d40-e4e6-4b84-a92a-e7cb3922c19d___RS_HL 1829.JPG,Potato___healthy,4,validation
D:\Plant-Disease-Detection\PlantVillage\Potato___healthy\bde33d08-678c-4f84-b80e-fcb986a9a446___RS_HL 5415.JPG,Potato___healthy,4,train
D:\Plant-Disease-Detection\PlantVillage\Potato___healthy\bf2bffbb-cd8f-4d36-bd58-847808397c75___RS_HL 1786.JPG,Potato___healthy,4,test
D:\Plant-Disease-Detection\PlantVillage\Potato___healthy\c07db642-c675-4066-99b6-56bc8207fb37___RS_HL 4164.JPG,Potato___healthy,4,validation
D:\Plant-Disease-Detection\PlantVillage\Potato___healthy\c3caa84b-6078-4489-80ac-919d92d25ff7___RS_HL 1772.JPG,Potato___healthy,4,test
D:\Plant-Disease-Detection\PlantVillage\Potato___healthy\c548fe0e-21c2-4241-b806-1e438a1213bd___RS_HL 1770.JPG,Potato___healthy,4,train
D:\Plant-Disease-Detection\PlantVillage\Potato___healthy\c6204cb3-cd9f-4d7b-92a6-9773fe562cab___RS_HL 1939.JPG,Potato___healthy,4,train
D:\Plant-Disease-Detection\PlantVillage\Potato___healthy\c6abf1da-b06f-4cd2-8af6-d68be5eff6f9___RS_HL 1766.JPG,Potato___healthy,4,train
D:\Plant-Disease-Detection\PlantVillage\Potato___healthy\c85bacb0-e5e8-4127-a0b0-a7342f2cab5f___RS_HL 5406.JPG,Potato___healthy,4,train
D:\Plant-Disease-Detection\PlantVillage\Potato___healthy\c9ad5c9a-c9b0-4e07-9e03-9e9edfd58a19___RS_HL 1755.JPG,Potato___healthy,4,train
D:\Plant-Disease-Detection\PlantVillage\Potato___healthy\d1752ed4-a0a7-4075-917d-205c0e785dcf___RS_HL 1911.JPG,Potato___healthy,4,train
D:\Plant-Disease-Detection\PlantVillage\Potato___healthy\d227e4c8-e203-4aa4-b813-25b96baa2869___RS_HL 1831.JPG,Potato___healthy,4,validation
D:\Plant-Disease-Detection\PlantVillage\Potato___healthy\d287be3d-cac6-4485-8c31-674fb8b459be___RS_HL 1973.JPG,Potato___healthy,4,train
D:\Plant-Disease-Detection\PlantVillage\Potato___healthy\d325e580-5faa-4aea-927d-2700f52cc343___RS_HL 1872.JPG,Potato___healthy,4,validation
D:\Plant-Disease-Detection\PlantVillage\Potato___healthy\d340704d-cc00-4068-bb8a-ae70840b7bfa___RS_HL 1773.JPG,Potato___healthy,4,test
D:\Plant-Disease-Detection\PlantVillage\Potato___healthy\d50a580b-46bd-47f5-a0bf-8535da774104___RS_HL 5408.JPG,Potato___healthy,4,validation
D:\Plant-Disease-Detection\PlantVillage\Potato___healthy\dbe4f332-9189-4b76-b30c-f0c9a55e48d3___RS_HL 1841.JPG,Potato___healthy,4,train
D:\Plant-Disease-Detection\PlantVillage\Potato___healthy\dca8ac5c-b925-435a-a5e9-da09fa8938a1___RS_HL 4182.JPG,Potato___healthy,4,train
D:\Plant-Disease-Detection\PlantVillage\Potato___healthy\de9a8669-d437-40f0-aa56-fe2d8276a1e0___RS_HL 1910.JPG,Potato___healthy,4,train
D:\Plant-Disease-Detection\PlantVillage\Potato___healthy\e1b49d1b-165b-4f4e-8a30-735e62bc39c5___RS_HL 1839.JPG,Potato___healthy,4,test
D:\Plant-Disease-Detection\PlantVillage\Potato___healthy\e34e563f-7a4a-4b44-bdf2-b6f96cbcd929___RS_HL 5370.JPG,Potato___healthy,4,test
D:\Plant-Disease-Detection\PlantVillage\Potato___healthy\e51367c1-d582-45e3-acf6-b0e652b43d3a___RS_HL 1873.JPG,Potato___healthy,4,train
D:\Plant-Disease-Detection\PlantVillage\Potato___healthy\e693354a-053c-4093-8642-cc8f5f9eb2cc___RS_HL 1746.JPG,Potato___healthy,4,train
D:\Plant-Disease-Detection\PlantVillage\Potato___healthy\ec6e43d3-512d-4908-99f2-c9e2a0be54be___RS_HL 4202.JPG,Potato___healthy,4,validation
D:\Plant-Disease-Detection\PlantVillage\Potato___healthy\ee052892-e935-4fbb-9344-4d23c57c6890___RS_HL 5400.JPG,Potato___healthy,4,test
D:\Plant-Disease-Detection\PlantVillage\Potato___healthy\ef7005dc-1d44-412e-b858-145a2d7a6fa9___RS_HL 1951.JPG,Potato___healthy,4,validation
D:\Plant-Disease-Detection\PlantVillage\Potato___healthy\f0036dfd-9f46-4f2f-9001-5973495f2171___RS_HL 1849.JPG,Potato___healthy,4,validation
D:\Plant-Disease-Detection\PlantVillage\Potato___healthy\f0fdde26-78b4-46f0-9eb8-7c2a743d34aa___RS_HL 4165.JPG,Potato___healthy,4,validation
D:\Plant-Disease-Detection\PlantVillage\Potato___healthy\f30983c0-6e20-43cc-8672-4622ca34c830___RS_HL 1949.JPG,Potato___healthy,4,train
D:\Plant-Disease-Detection\PlantVillage\Potato___healthy\f4b5ec24-d318-4309-8294-9126450d5d7f___RS_HL 1824.JPG,Potato___healthy,4,test
D:\Plant-Disease-Detection\PlantVillage\Potato___healthy\f4be3632-42a1-415a-9f7e-1d5ecb9f49d7___RS_HL 1783.JPG,Potato___healthy,4,train
D:\Plant-Disease-Detection\PlantVillage\Potato___healthy\f5bd2732-197b-4d8e-bb50-a4966dc416f5___RS_HL 1840.JPG,Potato___healthy,4,train
D:\Plant-Disease-Detection\PlantVillage\Potato___healthy\f66af6c0-6fc6-4020-b1de-a73685d497c2___RS_HL 4181.JPG,Potato___healthy,4,train
D:\Plant-Disease-Detection\PlantVillage\Potato___healthy\fd92bd9c-02cb-4599-8673-9316159504a1___RS_HL 1927.JPG,Potato___healthy,4,train
D:\Plant-Disease-Detection\PlantVillage\Potato___healthy\ff700844-68ad-4e99-8427-58a39c07f817___RS_HL 1860.JPG,Potato___healthy,4,train
D:\Plant-Disease-Detection\PlantVillage\Potato___Late_blight\0051e5e8-d1c4-4a84-bf3a-a426cdad6285___RS_LB 4640.JPG,Potato___Late_blight,3,validation
D:\Plant-Disease-Detection\PlantVillage\Potato___Late_blight\006cc01a-1888-4326-9b62-a65cb55a6377___RS_LB 5207.JPG,Potato___Late_blight,3,train
D:\Plant-Disease-Detection\PlantVillage\Potato___Late_blight\0085ef03-aec3-431a-99a1-de286e10c0cf___RS_LB 2949.JPG,Potato___Late_blight,3,test
D:\Plant-Disease-Detection\PlantVillage\Potato___Late_blight\00b1f292-23dd-44d4-aad3-c1ffb6a6ad5a___RS_LB 4479.JPG,Potato___Late_blight,3,train
D:\Plant-Disease-Detection\PlantVillage\Potato___Late_blight\0114b195-844c-4978-93a9-b0d5aae010f1___RS_LB 2738.JPG,Potato___Late_blight,3,test
D:\Plant-Disease-Detection\PlantVillage\Potato___Late_blight\01270f5c-a44b-4da7-9398-289088c197ab___RS_LB 2517.JPG,Potato___Late_blight,3,train
D:\Plant-Disease-Detection\PlantVillage\Potato___Late_blight\01a8cc9f-074a-4866-87c8-bb5a9e3895b4___RS_LB 2968.JPG,Potato___Late_blight,3,test
D:\Plant-Disease-Detection\PlantVillage\Potato___Late_blight\01ad74ce-eb28-42c7-9204-778d17cfd45c___RS_LB 2669.JPG,Potato___Late_blight,3,train
D:\Plant-Disease-Detection\PlantVillage\Potato___Late_blight\0201bf8e-27e3-4c92-ae97-2fb4f665b5d3___RS_LB 4320.JPG,Potato___Late_blight,3,validation
D:\Plant-Disease-Detection\PlantVillage\Potato___Late_blight\02c8ff21-4e0a-4326-ba8f-089e5cb45b74___RS_LB 4089.JPG,Potato___Late_blight,3,train
D:\Plant-Disease-Detection\PlantVillage\Potato___Late_blight\0396e413-e165-427a-ba72-04cbae7b8ab0___RS_LB 4751.JPG,Potato___Late_blight,3,train
D:\Plant-Disease-Detection\PlantVillage\Potato___Late_blight\03bab48b-962b-4c08-bc98-da95237d20ac___RS_LB 3190.JPG,Potato___Late_blight,3,test
D:\Plant-Disease-Detection\PlantVillage\Potato___Late_blight\04b964fd-7033-4cdf-88ef-b1acbcd8183a___RS_LB 2783.JPG,Potato___Late_blight,3,train
D:\Plant-Disease-Detection\PlantVillage\Potato___Late_blight\04bbcc55-93d3-4a19-9137-8de036a8a4db___RS_LB 2647.JPG,Potato___Late_blight,3,test
D:\Plant-Disease-Detection\PlantVillage\Potato___Late_blight\04ce7b2d-5e41-43c6-9e11-e1bc4f5e4cca___RS_LB 3224.JPG,Potato___Late_blight,3,train
D:\Plant-Disease-Detection\PlantVillage\Potato___Late_blight\04fe5855-ec9c-40b3-9893-ca8addc236bd___RS_LB 4913.JPG,Potato___Late_blight,3,validation
D:\Plant-Disease-Detection\PlantVillage\Potato___Late_blight\050b6d37-4056-4c6c-8359-d7823a488531___RS_LB 3944.JPG,Potato___Late_blight,3,train
D:\Plant-Disease-Detection\PlantVillage\Potato___Late_blight\0525ac6e-1d1f-4866-89bd-af4b8ba9c46b___RS_LB 4814.JPG,Potato___Late_blight,3,train
D:\Plant-Disease-Detection\PlantVillage\Potato___Late_blight\053c5330-129d-4515-84da-82a701710723___RS_LB 4576.JPG,Potato___Late_blight,3,test
D:\Plant-Disease-Detection\PlantVillage\Potato___Late_blight\059c9129-51b7-4d6b-9b57-f22e87568a0a___RS_LB 5118.JPG,Potato___Late_blight,3,validation
D:\Plant-Disease-Detection\PlantVillage\Potato___Late_blight\05a51957-779c-4a2f-bf2a-d1fb03947793___RS_LB 4772.JPG,Potato___Late_blight,3,train
D:\Plant-Disease-Detection\PlantVillage\Potato___Late_blight\05c29b23-ecdf-41fc-be67-910bb74cd67c___RS_LB 4016.JPG,Potato___Late_blight,3,train
D:\Plant-Disease-Detection\PlantVillage\Potato___Late_blight\0651be8e-a2d1-4b8a-97b8-1dc89d79fd26___RS_LB 3261.JPG,Potato___Late_blight,3,train
D:\Plant-Disease-Detection\PlantVillage\Potato___Late_blight\0736dad0-be93-484b-9e89-bcb825fefda1___RS_LB 5454.JPG,Potato___Late_blight,3,train
D:\Plant-Disease-Detection\PlantVillage\Potato___Late_blight\0acdc2b2-0dde-4073-8542-6fca275ab974___RS_LB 4857.JPG,Potato___Late_blight,3,train
D:\Plant-Disease-Detection\PlantVillage\Potato___Late_blight\0b092cda-db8c-489d-8c46-23ac3835310d___RS_LB 4480.JPG,Potato___Late_blight,3,train
D:\Plant-Disease-Detection\PlantVillage\Potato___Late_blight\0b2bdc8e-90fd-4bb4-bedb-485502fe8a96___RS_LB 4906.JPG,Potato___Late_blight,3,train
D:\Plant-Disease-Detection\PlantVillage\Potato___Late_blight\0c2628d4-8d64-48a9-a157-19a9c902e304___RS_LB 4590.JPG,Potato___Late_blight,3,train
D:\Plant-Disease-Detection\PlantVillage\Potato___Late_blight\0c83302d-4233-4e98-8ecf-755a970495bb___RS_LB 4904.JPG,Potato___Late_blight,3,validation
D:\Plant-Disease-Detection\PlantVillage\Potato___Late_blight\0d8346e1-4624-4979-84e6-1353ca59007a___RS_LB 4079.JPG,Potato___Late_blight,3,train
D:\Plant-Disease-Detection\PlantVillage\Potato___Late_blight\0e068694-63b7-4edf-a93d-f2e9f28efaa6___RS_LB 3923.JPG,Potato___Late_blight,3,train
D:\Plant-Disease-Detection\PlantVillage\Potato___Late_blight\0e7f0484-16eb-4183-b702-0a5b4f94d015___RS_LB 4000.JPG,Potato___Late_blight,3,train
D:\Plant-Disease-Detection\PlantVillage\Potato___Late_blight\0eb24a67-a174-43db-86c7-cca8795942a2___RS_LB 4722.JPG,Potato___Late_blight,3,train
D:\Plant-Disease-Detection\PlantVillage\Potato___Late_blight\0eb28ea9-c9e4-4999-9de2-835682241e53___RS_LB 2708.JPG,Potato___Late_blight,3,train
D:\Plant-Disease-Detection\PlantVillage\Potato___Late_blight\0f1fb568-1b12-45ef-ad99-c59fa9075693___RS_LB 3242.JPG,Potato___Late_blight,3,train
D:\Plant-Disease-Detection\PlantVillage\Potato___Late_blight\0f243024-b1fa-4f96-ac7e-ecaf6dc5bc37___RS_LB 4925.JPG,Potato___Late_blight,3,train
D:\Plant-Disease-Detection\PlantVillage\Potato___Late_blight\0f50da52-cb4a-4391-982a-d6cf9c9d9917___RS_LB 2581.JPG,Potato___Late_blight,3,train
D:\Plant-Disease-Detection\PlantVillage\Potato___Late_blight\0f6eac3b-d674-4c4d-ab3a-88689feec07f___RS_LB 5232.JPG,Potato___Late_blight,3,train
D:\Plant-Disease-Detection\PlantVillage\Potato___Late_blight\0f824e18-3821-486c-81a1-f1f64cf6e767___RS_LB 4894.JPG,Potato___Late_blight,3,validation
D:\Plant-Disease-Detection\PlantVillage\Potato___Late_blight\0fe7786d-0e2f-4705-839d-898f1d9214b0___RS_LB 2836.JPG,Potato___Late_blight,3,train
D:\Plant-Disease-Detection\PlantVillage\Potato___Late_blight\108aa677-2b51-4d8b-8533-40fba50a275d___RS_LB 3046.JPG,Potato___Late_blight,3,train
D:\Plant-Disease-Detection\PlantVillage\Potato___Late_blight\1338edcb-9e0e-458c-845e-206b869f9199___RS_LB 3205.JPG,Potato___Late_blight,3,test
D:\Plant-Disease-Detection\PlantVillage\Potato___Late_blight\140cad58-de9c-44b8-afb4-af5751e2e012___RS_LB 3247.JPG,Potato___Late_blight,3,train
D:\Plant-Disease-Detection\PlantVillage\Potato___Late_blight\146c4ea6-cf74-4607-9b8e-19c69c85ec86___RS_LB 4641.JPG,Potato___Late_blight,3,validation
D:\Plant-Disease-Detection\PlantVillage\Potato___Late_blight\152ffbeb-7dda-4313-a792-9faf68c017bf___RS_LB 2830.JPG,Potato___Late_blight,3,train
D:\Plant-Disease-Detection\PlantVillage\Potato___Late_blight\1562e8f9-f2d1-43b3-8deb-6b1687bd20dc___RS_LB 2726.JPG,Potato___Late_blight,3,train
D:\Plant-Disease-Detection\PlantVillage\Potato___Late_blight\1736a728-bae9-4133-bfca-60a7c3b6382c___RS_LB 4855.JPG,Potato___Late_blight,3,validation
D:\Plant-Disease-Detection\PlantVillage\Potato___Late_blight\1757f48b-435b-4c4a-9de6-47b959ed1e67___RS_LB 5295.JPG,Potato___Late_blight,3,train
D:\Plant-Disease-Detection\PlantVillage\Potato___Late_blight\1789b0d1-d850-4e04-8a20-bc3901d4ab0a___RS_LB 5251.JPG,Potato___Late_blight,3,test
D:\Plant-Disease-Detection\PlantVillage\Potato___Late_blight\1a146bf4-5696-4e19-842e-9e0e1ac7ac6d___RS_LB 5023.JPG,Potato___Late_blight,3,train
D:\Plant-Disease-Detection\PlantVillage\Potato___Late_blight\1a18d84a-8811-4806-830f-d10e98b1800e___RS_LB 3919.JPG,Potato___Late_blight,3,train
D:\Plant-Disease-Detection\PlantVillage\Potato___Late_blight\1a5f4258-21df-4334-a933-2ef073c932ba___RS_LB 3089.JPG,Potato___Late_blight,3,train
D:\Plant-Disease-Detection\PlantVillage\Potato___Late_blight\1a674846-9d13-4a7f-ba03-8931c5dd3d2c___RS_LB 2768.JPG,Potato___Late_blight,3,validation
D:\Plant-Disease-Detection\PlantVillage\Potato___Late_blight\1a68ab56-2000-4d7a-ad4a-88d300104b7d___RS_LB 2594.JPG,Potato___Late_blight,3,test
D:\Plant-Disease-Detection\PlantVillage\Potato___Late_blight\1a6fc494-81dd-4649-ad8d-a5a6e58a2aa7___RS_LB 2618.JPG,Potato___Late_blight,3,train
D:\Plant-Disease-Detection\PlantVillage\Potato___Late_blight\1ab62af3-c0a5-4fab-bb62-e06d6f7ddb59___RS_LB 2908.JPG,Potato___Late_blight,3,train
D:\Plant-Disease-Detection\PlantVillage\Potato___Late_blight\1b7342d7-5d89-4ee3-8b4f-587d79187511___RS_LB 4416.JPG,Potato___Late_blight,3,test
D:\Plant-Disease-Detection\PlantVillage\Potato___Late_blight\1b8ae46e-1202-4715-8ad1-fd18046c42d3___RS_LB 3880.JPG,Potato___Late_blight,3,validation
D:\Plant-Disease-Detection\PlantVillage\Potato___Late_blight\1b8f80ae-38a2-4d08-ae92-f80ff4459a73___RS_LB 2554.JPG,Potato___Late_blight,3,train
D:\Plant-Disease-Detection\PlantVillage\Potato___Late_blight\1c207156-339d-4ec9-9153-9edb3bc95b5f___RS_LB 4833.JPG,Potato___Late_blight,3,train
D:\Plant-Disease-Detection\PlantVillage\Potato___Late_blight\1c6412c9-45ce-4814-af8d-274f4e3c9c4e___RS_LB 2746.JPG,Potato___Late_blight,3,train
D:\Plant-Disease-Detection\PlantVillage\Potato___Late_blight\1c6ec55e-182e-4b7c-b416-07029edfc970___RS_LB 3950.JPG,Potato___Late_blight,3,train
D:\Plant-Disease-Detection\PlantVillage\Potato___Late_blight\1cd053f6-0016-4680-a924-af15aecd7fb2___RS_LB 4414.JPG,Potato___Late_blight,3,train
D:\Plant-Disease-Detection\PlantVillage\Potato___Late_blight\1cd0b065-e637-4307-9e0a-9c20dc44cc59___RS_LB 4784.JPG,Potato___Late_blight,3,train
D:\Plant-Disease-Detection\PlantVillage\Potato___Late_blight\1cffe6a1-6fb3-4506-846c-478148a2b678___RS_LB 4380.JPG,Potato___Late_blight,3,train
D:\Plant-Disease-Detection\PlantVillage\Potato___Late_blight\1d05837e-11e4-40a4-8bd5-cfe5ad67365a___RS_LB 5428.JPG,Potato___Late_blight,3,train
D:\Plant-Disease-Detection\PlantVillage\Potato___Late_blight\1d389389-0585-433a-83c7-30b42db2ca3f___RS_LB 3322.JPG,Potato___Late_blight,3,train
D:\Plant-Disease-Detection\PlantVillage\Potato___Late_blight\1d4acd15-f2b9-4a2e-87da-9d5a2cc6a642___RS_LB 2752.JPG,Potato___Late_blight,3,train
D:\Plant-Disease-Detection\PlantVillage\Potato___Late_blight\1dc41475-aa79-43f1-8648-0c8733d246ca___RS_LB 3319.JPG,Potato___Late_blight,3,train
D:\Plant-Disease-Detection\PlantVillage\Potato___Late_blight\1e0326a5-b208-447f-9d60-f788ec4b6e3f___RS_LB 4526.JPG,Potato___Late_blight,3,validation
D:\Plant-Disease-Detection\PlantVillage\Potato___Late_blight\1e1fde7a-c535-49fd-9670-629f7fb9cb3d___RS_LB 3949.JPG,Potato___Late_blight,3,train
D:\Plant-Disease-Detection\PlantVillage\Potato___Late_blight\1e3e04cc-3778-4d78-b8f9-d60faa0534b0___RS_LB 5246.JPG,Potato___Late_blight,3,train
D:\Plant-Disease-Detection\PlantVillage\Potato___Late_blight\1e69b122-3920-4c4a-bfff-a18f3d6c3f89___RS_LB 4766.JPG,Potato___Late_blight,3,train
D:\Plant-Disease-Detection\PlantVillage\Potato___Late_blight\1ed357f9-f036-4bf2-b180-1588976eb116___RS_LB 3005.JPG,Potato___Late_blight,3,validation
D:\Plant-Disease-Detection\PlantVillage\Potato___Late_blight\1f440bb7-e35d-4bc9-a807-81dac78c54b8___RS_LB 2727.JPG,Potato___Late_blight,3,train
D:\Plant-Disease-Detection\PlantVillage\Potato___Late_blight\1f560f09-0b70-40c9-b907-4cac9ba47b8d___RS_LB 3184.JPG,Potato___Late_blight,3,test
D:\Plant-Disease-Detection\PlantVillage\Potato___Late_blight\1f84da28-3025-4cc0-8815-5b6b60205956___RS_LB 3326.JPG,Potato___Late_blight,3,train
D:\Plant-Disease-Detection\PlantVillage\Potato___Late_blight\1fa9afe6-69ab-4206-a8b5-487531391a37___RS_LB 3006.JPG,Potato___Late_blight,3,train
D:\Plant-Disease-Detection\PlantVillage\Potato___Late_blight\224d9d63-c097-4142-b1a6-56f88a7bae2e___RS_LB 2630.JPG,Potato___Late_blight,3,train
D:\Plant-Disease-Detection\PlantVillage\Potato___Late_blight\2269e6d9-bb15-49f1-8349-2f0126165960___RS_LB 3197.JPG,Potato___Late_blight,3,test
D:\Plant-Disease-Detection\PlantVillage\Potato___Late_blight\227f2f04-4d59-48d9-958d-5cccc70d3f2b___RS_LB 2772.JPG,Potato___Late_blight,3,train
D:\Plant-Disease-Detection\PlantVillage\Potato___Late_blight\259a9b63-d100-43bd-b611-1c707b9e8842___RS_LB 4562.JPG,Potato___Late_blight,3,train
D:\Plant-Disease-Detection\PlantVillage\Potato___Late_blight\265e32dc-44f3-40f8-8c5d-8bc223dd0f52___RS_LB 4859.JPG,Potato___Late_blight,3,train
D:\Plant-Disease-Detection\PlantVillage\Potato___Late_blight\267d6db0-95db-4945-a6b0-bf05b11ef8ff___RS_LB 3231.JPG,Potato___Late_blight,3,train
D:\Plant-Disease-Detection\PlantVillage\Potato___Late_blight\289cbc85-4659-4db9-95b3-06b14fa36216___RS_LB 3857.JPG,Potato___Late_blight,3,train
D:\Plant-Disease-Detection\PlantVillage\Potato___Late_blight\296e6201-4b46-4449-9edb-c7659d36cf92___RS_LB 4052.JPG,Potato___Late_blight,3,train
D:\Plant-Disease-Detection\PlantVillage\Potato___Late_blight\2a0727c6-24d9-4d20-89ed-51bbd36a4b5a___RS_LB 2987.JPG,Potato___Late_blight,3,train
D:\Plant-Disease-Detection\PlantVillage\Potato___Late_blight\2a3e5c22-1e37-4ba0-8686-cf7482e4e8d3___RS_LB 4126.JPG,Potato___Late_blight,3,train
D:\Plant-Disease-Detection\PlantVillage\Potato___Late_blight\2a52ba17-febc-49b9-b5ab-52a500d387de___RS_LB 2621.JPG,Potato___Late_blight,3,train
D:\Plant-Disease-Detection\PlantVillage\Potato___Late_blight\2addf5f2-acc5-448c-88a1-fe357d9aa9ac___RS_LB 4736.JPG,Potato___Late_blight,3,train
D:\Plant-Disease-Detection\PlantVillage\Potato___Late_blight\2af683b8-ad55-450d-9047-630b85a2d128___RS_LB 4614.JPG,Potato___Late_blight,3,validation
D:\Plant-Disease-Detection\PlantVillage\Potato___Late_blight\2b064606-e6e2-46e0-9788-d1049f0e4fed___RS_LB 4246.JPG,Potato___Late_blight,3,train
D:\Plant-Disease-Detection\PlantVillage\Potato___Late_blight\2b7f92a9-9bd8-4461-9588-ab98abf54be0___RS_LB 2575.JPG,Potato___Late_blight,3,train
D:\Plant-Disease-Detection\PlantVillage\Potato___Late_blight\2b974785-090d-4dae-81a2-ce3ebc2a1c68___RS_LB 4634.JPG,Potato___Late_blight,3,train
D:\Plant-Disease-Detection\PlantVillage\Potato___Late_blight\2c1218c8-eaea-4f5a-be4b-34e34a705063___RS_LB 2530.JPG,Potato___Late_blight,3,train
D:\Plant-Disease-Detection\PlantVillage\Potato___Late_blight\2c2b39ed-75f9-49f6-a28e-36a2cb608297___RS_LB 2794.JPG,Potato___Late_blight,3,train
D:\Plant-Disease-Detection\PlantVillage\Potato___Late_blight\2c33381e-78d8-47fc-8cea-1459164f46d6___RS_LB 4115.JPG,Potato___Late_blight,3,train
D:\Plant-Disease-Detection\PlantVillage\Potato___Late_blight\2c3eddb8-f475-42ce-af72-81271630ba07___RS_LB 4991.JPG,Potato___Late_blight,3,train
D:\Plant-Disease-Detection\PlantVillage\Potato___Late_blight\2d736aa6-79a6-42b0-9e92-d859bcd72824___RS_LB 5244.JPG,Potato___Late_blight,3,train
D:\Plant-Disease-Detection\PlantVillage\Potato___Late_blight\2d8cbe58-280e-4c93-9b06-26f4279eb4d8___RS_LB 2855.JPG,Potato___Late_blight,3,train
D:\Plant-Disease-Detection\PlantVillage\Potato___Late_blight\2e18248f-e251-44c0-b9a5-a198455f43ee___RS_LB 4858.JPG,Potato___Late_blight,3,train
D:\Plant-Disease-Detection\PlantVillage\Potato___Late_blight\2e2bc24d-9900-4b0b-a8ec-abb444350c03___RS_LB 4701.JPG,Potato___Late_blight,3,validation
D:\Plant-Disease-Detection\PlantVillage\Potato___Late_blight\2ea232e4-2e94-426f-b86f-8bc5861f334f___RS_LB 4757.JPG,Potato___Late_blight,3,train
D:\Plant-Disease-Detection\PlantVillage\Potato___Late_blight\2ed031ef-c77f-42d2-83fa-4fbfc66d67b2___RS_LB 5254.JPG,Potato___Late_blight,3,train
D:\Plant-Disease-Detection\PlantVillage\Potato___Late_blight\2ef5c4f6-a798-40fd-8380-f444f3290987___RS_LB 4428.JPG,Potato___Late_blight,3,train
D:\Plant-Disease-Detection\PlantVillage\Potato___Late_blight\2f419afc-a232-42c7-b0ff-92d928647a0f___RS_LB 4917.JPG,Potato___Late_blight,3,train
D:\Plant-Disease-Detection\PlantVillage\Potato___Late_blight\2f6382f7-12fc-4309-b7db-b034b8165c67___RS_LB 4955.JPG,Potato___Late_blight,3,train
D:\Plant-Disease-Detection\PlantVillage\Potato___Late_blight\2f76c068-ebba-499d-8819-2d12bde41695___RS_LB 3232.JPG,Potato___Late_blight,3,train
D:\Plant-Disease-Detection\PlantVillage\Potato___Late_blight\2f7b6898-a342-42a5-a0e5-a9f2bad7eaf1___RS_LB 2831.JPG,Potato___Late_blight,3,validation
D:\Plant-Disease-Detection\PlantVillage\Potato___Late_blight\2f8e6ae7-f6ac-4bab-992b-82e3c51cf476___RS_LB 2743.JPG,Potato___Late_blight,3,train
D:\Plant-Disease-Detection\PlantVillage\Potato___Late_blight\304b3fa0-f0cb-41b5-b835-9bd13773150a___RS_LB 4696.JPG,Potato___Late_blight,3,train
D:\Plant-Disease-Detection\PlantVillage\Potato___Late_blight\317a40c6-c4d8-4b4e-9878-4f742e7f409a___RS_LB 4462.JPG,Potato___Late_blight,3,train
D:\Plant-Disease-Detection\PlantVillage\Potato___Late_blight\324a0ba8-726a-4e6c-a15f-c32a1904f891___RS_LB 3078.JPG,Potato___Late_blight,3,train
D:\Plant-Disease-Detection\PlantVillage\Potato___Late_blight\351a1e47-c9b5-4b38-a5c1-b3d390bfe506___RS_LB 4429.JPG,Potato___Late_blight,3,train
D:\Plant-Disease-Detection\PlantVillage\Potato___Late_blight\357bfc61-bb46-4e77-b9eb-eafdd3af7f6f___RS_LB 3082.JPG,Potato___Late_blight,3,train
D:\Plant-Disease-Detection\PlantVillage\Potato___Late_blight\36c25644-54cb-405d-abef-700d24652958___RS_LB 2606.JPG,Potato___Late_blight,3,train
D:\Plant-Disease-Detection\PlantVillage\Potato___Late_blight\36d2885d-0bc7-4346-8a13-383e1533a68c___RS_LB 5098.JPG,Potato___Late_blight,3,test
D:\Plant-Disease-Detection\PlantVillage\Potato___Late_blight\36d3502f-32cd-4ef9-b63d-575db1c18cf8___RS_LB 4908.JPG,Potato___Late_blight,3,test
D:\Plant-Disease-Detection\PlantVillage\Potato___Late_blight\36f84bc9-df52-44b6-b420-29c3881dea1e___RS_LB 4485.JPG,Potato___Late_blight,3,train
D:\Plant-Disease-Detection\PlantVillage\Potato___Late_blight\36fc1631-634b-42d3-a865-cc858557a8a8___RS_LB 4427.JPG,Potato___Late_blight,3,train
D:\Plant-Disease-Detection\PlantVillage\Potato___Late_blight\377e9523-f375-4c0c-9d66-5abf2abfaefb___RS_LB 2504.JPG,Potato___Late_blight,3,train
D:\Plant-Disease-Detection\PlantVillage\Potato___Late_blight\37ac120b-240a-42fc-839c-90c6dea13d85___RS_LB 5214.JPG,Potato___Late_blight,3,validation
D:\Plant-Disease-Detection\PlantVillage\Potato___Late_blight\37c1e3d4-e54b-431a-b370-2a506b6026a2___RS_LB 4461.JPG,Potato___Late_blight,3,train
D:\Plant-Disease-Detection\PlantVillage\Potato___Late_blight\37c47f95-2216-4f78-87a1-504b198a4f4c___RS_LB 4327.JPG,Potato___Late_blight,3,train
D:\Plant-Disease-Detection\PlantVillage\Potato___Late_blight\37dbf454-f189-4fae-a9e7-a088e7be3f2e___RS_LB 4530.JPG,Potato___Late_blight,3,train
D:\Plant-Disease-Detection\PlantVillage\Potato___Late_blight\38c1c136-d91d-4527-aa8f-623a574a41d9___RS_LB 3042.JPG,Potato___Late_blight,3,validation
D:\Plant-Disease-Detection\PlantVillage\Potato___Late_blight\38d82b6e-16ec-4ac6-b42f-29ff524b4e43___RS_LB 5269.JPG,Potato___Late_blight,3,train
D:\Plant-Disease-Detection\PlantVillage\Potato___Late_blight\38e8e3d1-7c0e-4d66-a926-79538ceadf07___RS_LB 4130.JPG,Potato___Late_blight,3,train
D:\Plant-Disease-Detection\PlantVillage\Potato___Late_blight\38f1a80d-6961-4763-ada2-7504f388cf2d___RS_LB 3217.JPG,Potato___Late_blight,3,train
D:\Plant-Disease-Detection\PlantVillage\Potato___Late_blight\38fa4c3b-0541-4d14-80e7-84a1153b9e5f___RS_LB 4713.JPG,Potato___Late_blight,3,train
D:\Plant-Disease-Detection\PlantVillage\Potato___Late_blight\3a0033d6-2efc-4926-a9eb-3969d815d630___RS_LB 5144.JPG,Potato___Late_blight,3,train
D:\Plant-Disease-Detection\PlantVillage\Potato___Late_blight\3a728bc7-b08d-4a11-bb49-b25d803c3336___RS_LB 4074.JPG,Potato___Late_blight,3,test
D:\Plant-Disease-Detection\PlantVillage\Potato___Late_blight\3b241fa8-12f2-4c80-afe2-0a4cdc8f34a1___RS_LB 5138.JPG,Potato___Late_blight,3,test
D:\Plant-Disease-Detection\PlantVillage\Potato___Late_blight\3c20c90a-788c-4d06-acdb-107f695d901b___RS_LB 4856.JPG,Potato___Late_blight,3,test
D:\Plant-Disease-Detection\PlantVillage\Potato___Late_blight\3c5e5bd4-e805-44b4-a030-51ee6bb1cef6___RS_LB 4139.JPG,Potato___Late_blight,3,train
D:\Plant-Disease-Detection\PlantVillage\Potato___Late_blight\3cfeea97-88e1-42e6-b760-0fa125613e9c___RS_LB 4406.JPG,Potato___Late_blight,3,test
D:\Plant-Disease-Detection\PlantVillage\Potato___Late_blight\3d4b41e8-18f8-400a-a961-82731c6ac4d5___RS_LB 5157.JPG,Potato___Late_blight,3,train
D:\Plant-Disease-Detection\PlantVillage\Potato___Late_blight\3d4ddc33-b13b-4f7e-8689-1cf82532ef8e___RS_LB 3162.JPG,Potato___Late_blight,3,train
D:\Plant-Disease-Detection\PlantVillage\Potato___Late_blight\3d544e81-b7f3-4853-bb65-c78b125d1a6a___RS_LB 3238.JPG,Potato___Late_blight,3,train
D:\Plant-Disease-Detection\PlantVillage\Potato___Late_blight\3e379b4f-29dd-4f14-86e6-11fa37cf3ae9___RS_LB 4789.JPG,Potato___Late_blight,3,train
D:\Plant-Disease-Detection\PlantVillage\Potato___Late_blight\3e81c41f-5b6b-4458-8aa8-6a544a8e678c___RS_LB 4963.JPG,Potato___Late_blight,3,validation
D:\Plant-Disease-Detection\PlantVillage\Potato___Late_blight\3f0fd699-1ce7-437e-a899-662a51d59974___RS_LB 2904.JPG,Potato___Late_blight,3,train
D:\Plant-Disease-Detection\PlantVillage\Potato___Late_blight\3f24e6f6-ff9f-4416-9fce-b8153a030de2___RS_LB 2730.JPG,Potato___Late_blight,3,validation
D:\Plant-Disease-Detection\PlantVillage\Potato___Late_blight\3f2d7c62-8d58-4a40-9df4-0ab3497b13b9___RS_LB 4487.JPG,Potato___Late_blight,3,test
D:\Plant-Disease-Detection\PlantVillage\Potato___Late_blight\3f30c40f-105b-4ce7-a376-d2e6f4681e3b___RS_LB 4921.JPG,Potato___Late_blight,3,validation
D:\Plant-Disease-Detection\PlantVillage\Potato___Late_blight\3f3bd8d4-82d4-456c-a3fc-068a63710d52___RS_LB 4971.JPG,Potato___Late_blight,3,test
D:\Plant-Disease-Detection\PlantVillage\Potato___Late_blight\3f624c56-6bd1-4e7e-8fcd-d6b4480abe12___RS_LB 5215.JPG,Potato___Late_blight,3,validation
D:\Plant-Disease-Detection\PlantVillage\Potato___Late_blight\3f6bce87-fb66-44fb-8e76-e282af4869b9___RS_LB 3013.JPG,Potato___Late_blight,3,test
D:\Plant-Disease-Detection\PlantVillage\Potato___Late_blight\3f6db123-4a6e-4b8a-9b26-954ccf29cc3c___RS_LB 4695.JPG,Potato___Late_blight,3,validation
D:\Plant-Disease-Detection\PlantVillage\Potato___Late_blight\3f7f719f-9849-47c5-8f79-0384a64f8e8f___RS_LB 2862.JPG,Potato___Late_blight,3,train
D:\Plant-Disease-Detection\PlantVillage\Potato___Late_blight\410cba02-24db-487a-a30c-fc7cefba924b___RS_LB 2571.JPG,Potato___Late_blight,3,test
D:\Plant-Disease-Detection\PlantVillage\Potato___Late_blight\418e398c-d710-4682-af82-82f1e8822311___RS_LB 5218.JPG,Potato___Late_blight,3,test
D:\Plant-Disease-Detection\PlantVillage\Potato___Late_blight\41e3b4c0-7aec-4d49-a84c-f37ed2637407___RS_LB 4377.JPG,Potato___Late_blight,3,train
D:\Plant-Disease-Detection\PlantVillage\Potato___Late_blight\420b4d84-d621-4a64-a8bd-30042f1a6609___RS_LB 2778.JPG,Potato___Late_blight,3,train
D:\Plant-Disease-Detection\PlantVillage\Potato___Late_blight\42b19bb3-68b6-4c46-a626-f7480718360a___RS_LB 4686.JPG,Potato___Late_blight,3,train
D:\Plant-Disease-Detection\PlantVillage\Potato___Late_blight\42bc0da9-199f-428f-854c-a9b05c57aa75___RS_LB 2770.JPG,Potato___Late_blight,3,test
D:\Plant-Disease-Detection\PlantVillage\Potato___Late_blight\42cd0719-199a-40a8-aaa0-228bb80e1832___RS_LB 4440.JPG,Potato___Late_blight,3,train
D:\Plant-Disease-Detection\PlantVillage\Potato___Late_blight\430b0d0d-c0aa-4e5b-9826-34251466f735___RS_LB 4718.JPG,Potato___Late_blight,3,train
D:\Plant-Disease-Detection\PlantVillage\Potato___Late_blight\43dde1e0-8c73-45af-8fbf-d500e450a154___RS_LB 3270.JPG,Potato___Late_blight,3,test
D:\Plant-Disease-Detection\PlantVillage\Potato___Late_blight\440adc9e-3f21-4373-ab9a-ed003c3588f3___RS_LB 4152.JPG,Potato___Late_blight,3,test
D:\Plant-Disease-Detection\PlantVillage\Potato___Late_blight\447c4811-7ed2-4576-81b4-2f67c8993db7___RS_LB 4137.JPG,Potato___Late_blight,3,train
D:\Plant-Disease-Detection\PlantVillage\Potato___Late_blight\456f2c6a-a8c8-4dac-9de1-73668e39cd01___RS_LB 3008.JPG,Potato___Late_blight,3,train
D:\Plant-Disease-Detection\PlantVillage\Potato___Late_blight\461f1af8-a71f-446d-b59c-b7f31dde1c74___RS_LB 2833.JPG,Potato___Late_blight,3,test
D:\Plant-Disease-Detection\PlantVillage\Potato___Late_blight\463e8a94-a7e6-4604-a29c-2187500b2318___RS_LB 4244.JPG,Potato___Late_blight,3,validation
D:\Plant-Disease-Detection\PlantVillage\Potato___Late_blight\471fd810-047d-4c87-933b-14c8b46d4b20___RS_LB 5450.JPG,Potato___Late_blight,3,test
D:\Plant-Disease-Detection\PlantVillage\Potato___Late_blight\48f93953-2de7-4724-9c7b-69dc13a47759___RS_LB 4977.JPG,Potato___Late_blight,3,train
D:\Plant-Disease-Detection\PlantVillage\Potato___Late_blight\49d18379-215d-427e-8662-9cde649d4a33___RS_LB 3163.JPG,Potato___Late_blight,3,test
D:\Plant-Disease-Detection\PlantVillage\Potato___Late_blight\49e55f8e-4d44-452c-8e59-d4c4f0ae1085___RS_LB 4333.JPG,Potato___Late_blight,3,test
D:\Plant-Disease-Detection\PlantVillage\Potato___Late_blight\49ffd4fb-07ef-4377-9f14-3648deaa8dd2___RS_LB 4453.JPG,Potato___Late_blight,3,train
D:\Plant-Disease-Detection\PlantVillage\Potato___Late_blight\4a34ce1c-9fde-4707-947a-58432a695741___RS_LB 3277.JPG,Potato___Late_blight,3,validation
D:\Plant-Disease-Detection\PlantVillage\Potato___Late_blight\4a5c555b-3f00-4553-b6a4-3be268969d7f___RS_LB 4323.JPG,Potato___Late_blight,3,train
D:\Plant-Disease-Detection\PlantVillage\Potato___Late_blight\4a911e79-f9c0-4ba1-aa80-567d653df61c___RS_LB 4038.JPG,Potato___Late_blight,3,train
D:\Plant-Disease-Detection\PlantVillage\Potato___Late_blight\4ac84ca7-f60a-406e-938d-40f4ba5b75ce___RS_LB 2731.JPG,Potato___Late_blight,3,validation
D:\Plant-Disease-Detection\PlantVillage\Potato___Late_blight\4afd8bf6-0e1e-4a85-a576-1e8995c88d5c___RS_LB 2505.JPG,Potato___Late_blight,3,test
D:\Plant-Disease-Detection\PlantVillage\Potato___Late_blight\4bccc3ae-4246-48f8-9c07-f4a1d5856314___RS_LB 2760.JPG,Potato___Late_blight,3,train
D:\Plant-Disease-Detection\PlantVillage\Potato___Late_blight\4c846678-1c22-4734-b2bf-fb774bf3bb13___RS_LB 4090.JPG,Potato___Late_blight,3,train
D:\Plant-Disease-Detection\PlantVillage\Potato___Late_blight\4ca06863-f89b-497c-bd3a-9bca78f02942___RS_LB 3088.JPG,Potato___Late_blight,3,train
D:\Plant-Disease-Detection\PlantVillage\Potato___Late_blight\4cc2dba7-6871-481d-8989-07ea683e58b5___RS_LB 4979.JPG,Potato___Late_blight,3,train
D:\Plant-Disease-Detection\PlantVillage\Potato___Late_blight\4cd2f7ef-e3aa-4b2a-b382-6fea00bfd070___RS_LB 5006.JPG,Potato___Late_blight,3,train
D:\Plant-Disease-Detection\PlantVillage\Potato___Late_blight\4ce7142d-29a5-4fa0-8559-f9a2e6a3f62d___RS_LB 3189.JPG,Potato___Late_blight,3,train
D:\Plant-Disease-Detection\PlantVillage\Potato___Late_blight\4d085c80-4d57-4377-8fb3-eab3a25e5f5c___RS_LB 3060.JPG,Potato___Late_blight,3,test
D:\Plant-Disease-Detection\PlantVillage\Potato___Late_blight\4d213f48-e73a-45bf-badd-ead51dda60b4___RS_LB 2981.JPG,Potato___Late_blight,3,test
D:\Plant-Disease-Detection\PlantVillage\Potato___Late_blight\4d56ef9d-bc69-489c-92de-d2fad01d762d___RS_LB 3890.JPG,Potato___Late_blight,3,train
D:\Plant-Disease-Detection\PlantVillage\Potato___Late_blight\4d96b41e-8e2e-4a0d-b9a2-0ab8456e4074___RS_LB 3893.JPG,Potato___Late_blight,3,train
D:\Plant-Disease-Detection\PlantVillage\Potato___Late_blight\4eaf1f96-f7f4-4a92-ba67-0147de20ab72___RS_LB 4830.JPG,Potato___Late_blight,3,test
D:\Plant-Disease-Detection\PlantVillage\Potato___Late_blight\4f138229-2f00-4374-9c16-3732660bf011___RS_LB 4105.JPG,Potato___Late_blight,3,validation
D:\Plant-Disease-Detection\PlantVillage\Potato___Late_blight\4f249e3b-92a0-43e5-a70d-fe3045630437___RS_LB 3913.JPG,Potato___Late_blight,3,train
D:\Plant-Disease-Detection\PlantVillage\Potato___Late_blight\4f41de6a-c118-4296-a753-963d1427323c___RS_LB 4561.JPG,Potato___Late_blight,3,train
D:\Plant-Disease-Detection\PlantVillage\Potato___Late_blight\4fbe268d-dabb-4a25-8283-7968fd91fcdb___RS_LB 4819.JPG,Potato___Late_blight,3,train
D:\Plant-Disease-Detection\PlantVillage\Potato___Late_blight\50abdfe1-411f-4afe-8f78-1ffb7816792f___RS_LB 2694.JPG,Potato___Late_blight,3,validation
D:\Plant-Disease-Detection\PlantVillage\Potato___Late_blight\51a85617-5433-4a07-b822-fa1975cf76b1___RS_LB 4778.JPG,Potato___Late_blight,3,validation
D:\Plant-Disease-Detection\PlantVillage\Potato___Late_blight\51eb7a7a-99b4-47c4-be2f-2de9f4e5e985___RS_LB 5182.JPG,Potato___Late_blight,3,train
D:\Plant-Disease-Detection\PlantVillage\Potato___Late_blight\520c0e9a-1ba4-44fa-aa60-dcdf018a00b3___RS_LB 2850.JPG,Potato___Late_blight,3,train
D:\Plant-Disease-Detection\PlantVillage\Potato___Late_blight\525c5249-eccb-4c23-b5b7-e9d103857432___RS_LB 4077.JPG,Potato___Late_blight,3,validation
D:\Plant-Disease-Detection\PlantVillage\Potato___Late_blight\52c6891d-e627-4ebf-a080-3e8051531f5a___RS_LB 4092.JPG,Potato___Late_blight,3,train
D:\Plant-Disease-Detection\PlantVillage\Potato___Late_blight\530d9a52-266a-49ca-b0d0-a430acac0011___RS_LB 5054.JPG,Potato___Late_blight,3,train
D:\Plant-Disease-Detection\PlantVillage\Potato___Late_blight\531a9b98-e034-4a76-81f0-55f597552f6a___RS_LB 5021.JPG,Potato___Late_blight,3,train
D:\Plant-Disease-Detection\PlantVillage\Potato___Late_blight\53b09253-988e-4a22-966c-b5a03ed6bc44___RS_LB 2924.JPG,Potato___Late_blight,3,train
D:\Plant-Disease-Detection\PlantVillage\Potato___Late_blight\53e33b6d-9fc5-441b-b638-3bf067f92a99___RS_LB 2753.JPG,Potato___Late_blight,3,train
D:\Plant-Disease-Detection\PlantVillage\Potato___Late_blight\542c1489-0040-4867-acb3-82f73249e2f8___RS_LB 4592.JPG,Potato___Late_blight,3,validation
D:\Plant-Disease-Detection\PlantVillage\Potato___Late_blight\546fcdf5-862b-42fb-931d-a51a85dc843c___RS_LB 4403.JPG,Potato___Late_blight,3,train
D:\Plant-Disease-Detection\PlantVillage\Potato___Late_blight\547d3544-5e37-484b-a853-254376c49081___RS_LB 2556.JPG,Potato___Late_blight,3,validation
D:\Plant-Disease-Detection\PlantVillage\Potato___Late_blight\54ed9ec4-c9db-46ff-9a9b-1ebdea084b18___RS_LB 2984.JPG,Potato___Late_blight,3,validation
D:\Plant-Disease-Detection\PlantVillage\Potato___Late_blight\551f74c9-3212-4a08-8f5e-a101b4195e1e___RS_LB 2593.JPG,Potato___Late_blight,3,test
D:\Plant-Disease-Detection\PlantVillage\Potato___Late_blight\55c87fde-32cc-474c-a25a-1846d39aa6f4___RS_LB 2683.JPG,Potato___Late_blight,3,train
D:\Plant-Disease-Detection\PlantVillage\Potato___Late_blight\55ed5831-c628-4352-87a8-13077705fb9a___RS_LB 2872.JPG,Potato___Late_blight,3,train
D:\Plant-Disease-Detection\PlantVillage\Potato___Late_blight\55fa97d3-71b6-4487-9757-f9195f97ba5a___RS_LB 4047.JPG,Potato___Late_blight,3,train
D:\Plant-Disease-Detection\PlantVillage\Potato___Late_blight\563f8e2a-0a5f-4920-aee5-ad98269c8144___RS_LB 4798.JPG,Potato___Late_blight,3,train
D:\Plant-Disease-Detection\PlantVillage\Potato___Late_blight\56aa566a-41be-4109-91bc-0cc99c385b7f___RS_LB 3843.JPG,Potato___Late_blight,3,train
D:\Plant-Disease-Detection\PlantVillage\Potato___Late_blight\573c1cb5-fb43-4b19-886d-638a87bc134b___RS_LB 4007.JPG,Potato___Late_blight,3,train
D:\Plant-Disease-Detection\PlantVillage\Potato___Late_blight\57a137da-7424-4a9d-9e28-bce63decbdcf___RS_LB 2761.JPG,Potato___Late_blight,3,train
D:\Plant-Disease-Detection\PlantVillage\Potato___Late_blight\580e8c49-3b1c-46d2-b3f4-68f0b3de0d77___RS_LB 4063.JPG,Potato___Late_blight,3,train
D:\Plant-Disease-Detection\PlantVillage\Potato___Late_blight\58adb74c-a1b3-4b9d-95b7-f0721c499388___RS_LB 4326.JPG,Potato___Late_blight,3,validation
D:\Plant-Disease-Detection\PlantVillage\Potato___Late_blight\58f100f0-490b-4868-95d1-5883fc3432d3___RS_LB 3302.JPG,Potato___Late_blight,3,train
D:\Plant-Disease-Detection\PlantVillage\Potato___Late_blight\59dcc102-c55f-4a13-991e-8c53db4ce76d___RS_LB 5189.JPG,Potato___Late_blight,3,validation
D:\Plant-Disease-Detection\PlantVillage\Potato___Late_blight\5a2996c9-ed8f-4c8d-bab3-b68a833b7811___RS_LB 4786.JPG,Potato___Late_blight,3,train
D:\Plant-Disease-Detection\PlantVillage\Potato___Late_blight\5a42a288-8be0-4985-9ca5-105f75c8ee01___RS_LB 3275.JPG,Potato___Late_blight,3,test
D:\Plant-Disease-Detection\PlantVillage\Potato___Late_blight\5a7127de-28ef-47fb-ba00-4b68bf0d4157___RS_LB 2822.JPG,Potato___Late_blight,3,train
D:\Plant-Disease-Detection\PlantVillage\Potato___Late_blight\5ad9dba9-ed81-437e-8d5d-1d6660514462___RS_LB 4439.JPG,Potato___Late_blight,3,train
D:\Plant-Disease-Detection\PlantVillage\Potato___Late_blight\5b12fde1-fe3a-49fe-8430-479775018322___RS_LB 3071.JPG,Potato___Late_blight,3,validation
D:\Plant-Disease-Detection\PlantVillage\Potato___Late_blight\5b3de8b6-0690-4a35-ab9d-ef6617c548ff___RS_LB 2925.JPG,Potato___Late_blight,3,test
D:\Plant-Disease-Detection\PlantVillage\Potato___Late_blight\5b816f46-32b8-4a67-9e73-760e3358bd06___RS_LB 3226.JPG,Potato___Late_blight,3,train
D:\Plant-Disease-Detection\PlantVillage\Potato___Late_blight\5ba52ca6-9cd2-4fad-914a-af2f8fea65c6___RS_LB 4740.JPG,Potato___Late_blight,3,validation
D:\Plant-Disease-Detection\PlantVillage\Potato___Late_blight\5bbebfcc-4e51-47ba-948c-46be12f1c170___RS_LB 2716.JPG,Potato___Late_blight,3,test
D:\Plant-Disease-Detection\PlantVillage\Potato___Late_blight\5c1c57f6-6aff-4bba-892e-43ff02311c3f___RS_LB 4046.JPG,Potato___Late_blight,3,train
D:\Plant-Disease-Detection\PlantVillage\Potato___Late_blight\5c43ce7b-f04a-4d0d-9305-47f0d83125c5___RS_LB 5033.JPG,Potato___Late_blight,3,train
D:\Plant-Disease-Detection\PlantVillage\Potato___Late_blight\5d1486fa-750f-47ca-a973-abc45ea5b4fe___RS_LB 4281.JPG,Potato___Late_blight,3,validation
D:\Plant-Disease-Detection\PlantVillage\Potato___Late_blight\5d392db5-bf54-41f4-b76b-e3935dfe0154___RS_LB 3133.JPG,Potato___Late_blight,3,train
D:\Plant-Disease-Detection\PlantVillage\Potato___Late_blight\5d85a25d-ed5a-459d-89fc-8bc9118518bc___RS_LB 4646.JPG,Potato___Late_blight,3,test
D:\Plant-Disease-Detection\PlantVillage\Potato___Late_blight\5e0acf9e-2d13-40bb-912c-e32a844fdd78___RS_LB 5292.JPG,Potato___Late_blight,3,validation
D:\Plant-Disease-Detection\PlantVillage\Potato___Late_blight\5e356292-3046-4967-b1e7-f3e5cf7d0f75___RS_LB 4459.JPG,Potato___Late_blight,3,train
D:\Plant-Disease-Detection\PlantVillage\Potato___Late_blight\5e8203e5-b699-4d5a-acb5-08a5f06ee984___RS_LB 5291.JPG,Potato___Late_blight,3,train
D:\Plant-Disease-Detection\PlantVillage\Potato___Late_blight\5e92b00d-92ed-4de5-b3f7-0d14a076cf02___RS_LB 4004.JPG,Potato___Late_blight,3,validation
D:\Plant-Disease-Detection\PlantVillage\Potato___Late_blight\5ebe5b4f-c3e3-435d-b2d5-49fa1002dbaa___RS_LB 2955.JPG,Potato___Late_blight,3,train
D:\Plant-Disease-Detection\PlantVillage\Potato___Late_blight\5ec337d4-aff8-4174-bae6-72c246db3ce0___RS_LB 3175.JPG,Potato___Late_blight,3,test
D:\Plant-Disease-Detection\PlantVillage\Potato___Late_blight\5f0801e0-b127-4596-9f82-eb36f8ee5c85___RS_LB 3852.JPG,Potato___Late_blight,3,train
D:\Plant-Disease-Detection\PlantVillage\Potato___Late_blight\5f6e341d-3a02-4bc5-ae02-c0a343a835ea___RS_LB 4882.JPG,Potato___Late_blight,3,train
D:\Plant-Disease-Detection\PlantVillage\Potato___Late_blight\5fa21fbf-774d-48ec-916d-c1d7b8c11c82___RS_LB 4795.JPG,Potato___Late_blight,3,train
D:\Plant-Disease-Detection\PlantVillage\Potato___Late_blight\5fe37f29-fe15-42ac-93b5-90aa5337bd55___RS_LB 2514.JPG,Potato___Late_blight,3,test
D:\Plant-Disease-Detection\PlantVillage\Potato___Late_blight\613b5b7f-225d-4df8-8893-0f30111925ae___RS_LB 4243.JPG,Potato___Late_blight,3,train
D:\Plant-Disease-Detection\PlantVillage\Potato___Late_blight\625cf166-4cb5-4e6f-ac94-1193698388f2___RS_LB 5427.JPG,Potato___Late_blight,3,train
D:\Plant-Disease-Detection\PlantVillage\Potato___Late_blight\62d41420-8e32-47d2-9a37-698c07f7dc16___RS_LB 2543.JPG,Potato___Late_blight,3,validation
D:\Plant-Disease-Detection\PlantVillage\Potato___Late_blight\63dc685e-676c-4c9c-8f83-8f54bc7d6139___RS_LB 4117.JPG,Potato___Late_blight,3,train
D:\Plant-Disease-Detection\PlantVillage\Potato___Late_blight\63ec8c33-368c-433d-8953-f28f30e5985f___RS_LB 2943.JPG,Potato___Late_blight,3,train
D:\Plant-Disease-Detection\PlantVillage\Potato___Late_blight\64df88c4-e308-48f3-b475-e2e6206bbd8a___RS_LB 3886.JPG,Potato___Late_blight,3,train
D:\Plant-Disease-Detection\PlantVillage\Potato___Late_blight\64fd9d16-28df-4dd7-9bb5-973bbd9ac6db___RS_LB 4654.JPG,Potato___Late_blight,3,train
D:\Plant-Disease-Detection\PlantVillage\Potato___Late_blight\65bab626-51a1-4d16-ab9c-ddd25f4e2e33___RS_LB 4927.JPG,Potato___Late_blight,3,train
D:\Plant-Disease-Detection\PlantVillage\Potato___Late_blight\699bd8b5-3c57-48c8-be2b-c8a5e12b0764___RS_LB 4083.JPG,Potato___Late_blight,3,train
D:\Plant-Disease-Detection\PlantVillage\Potato___Late_blight\6a62fd77-1091-43ad-86a7-f42c56615e5f___RS_LB 4871.JPG,Potato___Late_blight,3,train
D:\Plant-Disease-Detection\PlantVillage\Potato___Late_blight\6a6315ef-b37d-4067-80cd-bb2d8adf93ca___RS_LB 2919.JPG,Potato___Late_blight,3,train
D:\Plant-Disease-Detection\PlantVillage\Potato___Late_blight\6a687e1b-15c3-4752-b428-e14cbe85feab___RS_LB 2803.JPG,Potato___Late_blight,3,train
D:\Plant-Disease-Detection\PlantVillage\Potato___Late_blight\6a72ed4a-cdb5-4a50-9a0d-efc119066fd7___RS_LB 2865.JPG,Potato___Late_blight,3,test
D:\Plant-Disease-Detection\PlantVillage\Potato___Late_blight\6af65e0d-c1a5-4a28-9ecb-19e7e6d91a70___RS_LB 4128.JPG,Potato___Late_blight,3,test
D:\Plant-Disease-Detection\PlantVillage\Potato___Late_blight\6be49d30-1b69-435a-a533-21b2b1a7fd41___RS_LB 3309.JPG,Potato___Late_blight,3,train
D:\Plant-Disease-Detection\PlantVillage\Potato___Late_blight\6c5ac624-844c-4d01-b030-38e1130e890a___RS_LB 3973.JPG,Potato___Late_blight,3,train
D:\Plant-Disease-Detection\PlantVillage\Potato___Late_blight\6cab0a2b-a2d9-4798-8043-f6ef416ed745___RS_LB 4993.JPG,Potato___Late_blight,3,train
D:\Plant-Disease-Detection\PlantVillage\Potato___Late_blight\6ce76067-e78f-42e3-a1d6-c04f92414038___RS_LB 5267.JPG,Potato___Late_blight,3,train
D:\Plant-Disease-Detection\PlantVillage\Potato___Late_blight\6d22d4ab-de5f-4944-96f9-4ec495a8e4f1___RS_LB 3109.JPG,Potato___Late_blight,3,train
D:\Plant-Disease-Detection\PlantVillage\Potato___Late_blight\6d31cafb-4cf9-455b-ac89-487444b650f7___RS_LB 4236.JPG,Potato___Late_blight,3,train
D:\Plant-Disease-Detection\PlantVillage\Potato___Late_blight\6d51bd53-2556-410c-b151-547c83a06287___RS_LB 3276.JPG,Potato___Late_blight,3,train
D:\Plant-Disease-Detection\PlantVillage\Potato___Late_blight\6e5ae22d-5e91-4fed-b731-94f80ff63613___RS_LB 5113.JPG,Potato___Late_blight,3,train
D:\Plant-Disease-Detection\PlantVillage\Potato___Late_blight\6e9fc91a-e20f-4431-bc54-8492d7ec788e___RS_LB 4527.JPG,Potato___Late_blight,3,train
D:\Plant-Disease-Detection\PlantVillage\Potato___Late_blight\6ecc23ac-9aed-47bb-8ee5-76574de85872___RS_LB 5010.JPG,Potato___Late_blight,3,train
D:\Plant-Disease-Detection\PlantVillage\Potato___Late_blight\6f0fffdc-876f-449f-b03e-f25081f2c44f___RS_LB 4096.JPG,Potato___Late_blight,3,train
D:\Plant-Disease-Detection\PlantVillage\Potato___Late_blight\6f2f2f80-80f5-4f0b-86f6-a0d9b0fa4cbc___RS_LB 4034.JPG,Potato___Late_blight,3,test
D:\Plant-Disease-Detection\PlantVillage\Potato___Late_blight\6f5a4763-2865-4bdf-8c7f-49ab7a53126a___RS_LB 5237.JPG,Potato___Late_blight,3,train
D:\Plant-Disease-Detection\PlantVillage\Potato___Late_blight\6f669c56-c863-4c71-be49-8d020d3f7d3d___RS_LB 5128.JPG,Potato___Late_blight,3,train
D:\Plant-Disease-Detection\PlantVillage\Potato___Late_blight\6f88dbd4-3e54-47ae-850a-0e9c7d9d700d___RS_LB 4737.JPG,Potato___Late_blight,3,train
D:\Plant-Disease-Detection\PlantVillage\Potato___Late_blight\6fa565d1-4fab-4331-b30d-772babc186a4___RS_LB 3887.JPG,Potato___Late_blight,3,train
D:\Plant-Disease-Detection\PlantVillage\Potato___Late_blight\6fc1834e-7909-4177-9480-6cd9f23109b4___RS_LB 4023.JPG,Potato___Late_blight,3,train
D:\Plant-Disease-Detection\PlantVillage\Potato___Late_blight\6fea732f-0819-4ba1-922a-8cbb1a94baff___RS_LB 3336.JPG,Potato___Late_blight,3,test
D:\Plant-Disease-Detection\PlantVillage\Potato___Late_blight\709bddcf-5c54-4fad-8a22-890c00e839a4___RS_LB 4732.JPG,Potato___Late_blight,3,train
D:\Plant-Disease-Detection\PlantVillage\Potato___Late_blight\718aefec-0eba-48fe-9798-f45d3d24fade___RS_LB 4119.JPG,Potato___Late_blight,3,train
D:\Plant-Disease-Detection\PlantVillage\Potato___Late_blight\727dd407-7a8b-4edb-9697-726ae947bd63___RS_LB 2646.JPG,Potato___Late_blight,3,train
D:\Plant-Disease-Detection\PlantVillage\Potato___Late_blight\734b84f8-3bcb-4abd-bf22-0896a16e8df7___RS_LB 2929.JPG,Potato___Late_blight,3,test
D:\Plant-Disease-Detection\PlantVillage\Potato___Late_blight\749a1b32-7152-4dce-87b4-92af094f6b9b___RS_LB 3310.JPG,Potato___Late_blight,3,train
D:\Plant-Disease-Detection\PlantVillage\Potato___Late_blight\755c96cf-1bfa-4d35-9ad2-c04dba9f64c8___RS_LB 3262.JPG,Potato___Late_blight,3,train
D:\Plant-Disease-Detection\PlantVillage\Potato___Late_blight\762a9cd9-7da1-4885-b677-870da1e41768___RS_LB 2592.JPG,Potato___Late_blight,3,validation
D:\Plant-Disease-Detection\PlantVillage\Potato___Late_blight\777a492f-3dfb-4bcf-8b33-a9b09fb21e6e___RS_LB 4866.JPG,Potato___Late_blight,3,train
D:\Plant-Disease-Detection\PlantVillage\Potato___Late_blight\782bc9dd-286b-46ee-b896-fa5520f57b0c___RS_LB 4408.JPG,Potato___Late_blight,3,test
D:\Plant-Disease-Detection\PlantVillage\Potato___Late_blight\790eb0ba-6878-4b5a-85fb-481aa37783a3___RS_LB 3872.JPG,Potato___Late_blight,3,train
D:\Plant-Disease-Detection\PlantVillage\Potato___Late_blight\792d4339-f459-4ef6-aef9-431c64c95cc1___RS_LB 3251.JPG,Potato___Late_blight,3,train
D:\Plant-Disease-Detection\PlantVillage\Potato___Late_blight\793aaf75-3085-4bbb-bace-33a9593c3c94___RS_LB 4847.JPG,Potato___Late_blight,3,test
D:\Plant-Disease-Detection\PlantVillage\Potato___Late_blight\794ef65d-1a4c-445a-b77c-f00d36ec82c6___RS_LB 2869.JPG,Potato___Late_blight,3,train
D:\Plant-Disease-Detection\PlantVillage\Potato___Late_blight\794fae1d-55b2-4275-8fce-174728963813___RS_LB 2841.JPG,Potato___Late_blight,3,validation
D:\Plant-Disease-Detection\PlantVillage\Potato___Late_blight\7a0b26a9-4abe-4e84-ad20-699b0c0cd27e___RS_LB 4376.JPG,Potato___Late_blight,3,validation
D:\Plant-Disease-Detection\PlantVillage\Potato___Late_blight\7a4371b2-72c6-414e-b73e-6e4b4adab72f___RS_LB 3289.JPG,Potato___Late_blight,3,train
D:\Plant-Disease-Detection\PlantVillage\Potato___Late_blight\7b32b8b9-6b65-44e6-a3e5-edd7a5d62ec4___RS_LB 4142.JPG,Potato___Late_blight,3,train
D:\Plant-Disease-Detection\PlantVillage\Potato___Late_blight\7b38a18a-65a4-4162-b48a-658b846be5a2___RS_LB 2733.JPG,Potato___Late_blight,3,train
D:\Plant-Disease-Detection\PlantVillage\Potato___Late_blight\7b5a2c96-f276-477a-8e7e-3325b02719a7___RS_LB 4613.JPG,Potato___Late_blight,3,train
D:\Plant-Disease-Detection\PlantVillage\Potato___Late_blight\7bf67e1e-57c8-4f68-bc5a-56b2a69f30ec___RS_LB 2509.JPG,Potato___Late_blight,3,train
D:\Plant-Disease-Detection\PlantVillage\Potato___Late_blight\805f68c3-b0a9-4072-8ef6-4c48d804e888___RS_LB 5159.JPG,Potato___Late_blight,3,validation
D:\Plant-Disease-Detection\PlantVillage\Potato___Late_blight\80a20af8-9759-4c07-8d0c-d48edc9925c6___RS_LB 5289.JPG,Potato___Late_blight,3,test
D:\Plant-Disease-Detection\PlantVillage\Potato___Late_blight\80bdc2a3-66b8-4d95-abe7-65c7806f7cbf___RS_LB 3073.JPG,Potato___Late_blight,3,validation
D:\Plant-Disease-Detection\PlantVillage\Potato___Late_blight\80e39105-97cd-4368-9e3a-b5498ae1c0a2___RS_LB 4474.JPG,Potato___Late_blight,3,train
D:\Plant-Disease-Detection\PlantVillage\Potato___Late_blight\81e4675f-5f16-4c8a-be12-acb79f46575e___RS_LB 3111.JPG,Potato___Late_blight,3,train
D:\Plant-Disease-Detection\PlantVillage\Potato___Late_blight\82e0f1d2-e996-427b-9216-6b46aedbc07f___RS_LB 4880.JPG,Potato___Late_blight,3,train
D:\Plant-Disease-Detection\PlantVillage\Potato___Late_blight\82eb4f72-487c-4f4e-ace6-cc44a24978ec___RS_LB 2600.JPG,Potato___Late_blight,3,train
D:\Plant-Disease-Detection\PlantVillage\Potato___Late_blight\83f821e6-0924-4bbe-8977-0e11c220aed0___RS_LB 5011.JPG,Potato___Late_blight,3,train
D:\Plant-Disease-Detection\PlantVillage\Potato___Late_blight\841a4e5a-7aa6-4b32-a2b2-436874a48fdb___RS_LB 4469.JPG,Potato___Late_blight,3,train
D:\Plant-Disease-Detection\PlantVillage\Potato___Late_blight\84e85005-c647-4381-8762-c487074c9571___RS_LB 5186.JPG,Potato___Late_blight,3,train
D:\Plant-Disease-Detection\PlantVillage\Potato___Late_blight\84f666da-9e17-4e90-9813-0ed64da175d9___RS_LB 2536.JPG,Potato___Late_blight,3,train
D:\Plant-Disease-Detection\PlantVillage\Potato___Late_blight\856b9ab9-c5af-43f1-a320-097b7380d314___RS_LB 2789.JPG,Potato___Late_blight,3,train
D:\Plant-Disease-Detection\PlantVillage\Potato___Late_blight\85bbcdd2-a9fe-46d1-8e0e-f4e2c5e885fe___RS_LB 3218.JPG,Potato___Late_blight,3,train
D:\Plant-Disease-Detection\PlantVillage\Potato___Late_blight\85d29f87-cb27-4ffa-9ad8-9c47f9a53b33___RS_LB 4437.JPG,Potato___Late_blight,3,train
D:\Plant-Disease-Detection\PlantVillage\Potato___Late_blight\85d60a7c-4a4c-4fcf-8743-21b4c03ff12c___RS_LB 3868.JPG,Potato___Late_blight,3,train
D:\Plant-Disease-Detection\PlantVillage\Potato___Late_blight\87c99be5-a930-410f-8529-e79e030cba0c___RS_LB 5294.JPG,Potato___Late_blight,3,train
D:\Plant-Disease-Detection\PlantVillage\Potato___Late_blight\889b0741-2110-47a9-a2d2-90194e5d7676___RS_LB 4787.JPG,Potato___Late_blight,3,train
D:\Plant-Disease-Detection\PlantVillage\Potato___Late_blight\889d5479-9d54-49b1-9aba-3af34e377592___RS_LB 2635.JPG,Potato___Late_blight,3,validation
D:\Plant-Disease-Detection\PlantVillage\Potato___Late_blight\890ffd2b-7365-4a91-b0e1-f414da0a17a4___RS_LB 3216.JPG,Potato___Late_blight,3,train
D:\Plant-Disease-Detection\PlantVillage\Potato___Late_blight\891ddb02-a289-4d8e-8380-7568686b7a08___RS_LB 3193.JPG,Potato___Late_blight,3,train
D:\Plant-Disease-Detection\PlantVillage\Potato___Late_blight\89ad1a3c-db3c-4d75-9c92-64cea1433f89___RS_LB 2820.JPG,Potato___Late_blight,3,train
D:\Plant-Disease-Detection\PlantVillage\Potato___Late_blight\89c3b470-f3e6-4a8c-90a0-edfc0ef73085___RS_LB 4543.JPG,Potato___Late_blight,3,train
D:\Plant-Disease-Detection\PlantVillage\Potato___Late_blight\90c2a92c-9e38-49a3-aefe-e1805fe64537___RS_LB 3016.JPG,Potato___Late_blight,3,validation
D:\Plant-Disease-Detection\PlantVillage\Potato___Late_blight\929dd251-5fbb-406f-9313-a71e5f96b31c___RS_LB 4781.JPG,Potato___Late_blight,3,train
D:\Plant-Disease-Detection\PlantVillage\Potato___Late_blight\939a9a98-cbc9-4b83-bb47-395f26d7fddd___RS_LB 4293.JPG,Potato___Late_blight,3,train
D:\Plant-Disease-Detection\PlantVillage\Potato___Late_blight\93d91b96-e024-477c-9b76-796e3f1614d4___RS_LB 3297.JPG,Potato___Late_blight,3,train
D:\Plant-Disease-Detection\PlantVillage\Potato___Late_blight\94c50d24-cfd7-486c-a4ac-a10f552d0f8b___RS_LB 4329.JPG,Potato___Late_blight,3,train
D:\Plant-Disease-Detection\PlantVillage\Potato___Late_blight\94ebce3c-2945-44a4-aa81-1abe8e4beea2___RS_LB 3953.JPG,Potato___Late_blight,3,train
D:\Plant-Disease-Detection\PlantVillage\Potato___Late_blight\954d36cb-4a20-4889-83dd-4cba7e7180f8___RS_LB 4536.JPG,Potato___Late_blight,3,train
D:\Plant-Disease-Detection\PlantVillage\Potato___Late_blight\958a4438-2ced-4d8c-af73-871376cf6ed5___RS_LB 4483.JPG,Potato___Late_blight,3,validation
D:\Plant-Disease-Detection\PlantVillage\Potato___Late_blight\967a677a-712c-447f-ba27-f59818944af0___RS_LB 4353.JPG,Potato___Late_blight,3,train
D:\Plant-Disease-Detection\PlantVillage\Potato___Late_blight\969aa93b-46d1-478c-a398-dcb4ed7d27bd___RS_LB 2870.JPG,Potato___Late_blight,3,train
D:\Plant-Disease-Detection\PlantVillage\Potato___Late_blight\96a70433-9204-4a41-acad-d39932559068___RS_LB 3200.JPG,Potato___Late_blight,3,validation
D:\Plant-Disease-Detection\PlantVillage\Potato___Late_blight\971ec52d-67e9-4438-80f6-a6aa32fdc946___RS_LB 3048.JPG,Potato___Late_blight,3,train
D:\Plant-Disease-Detection\PlantVillage\Potato___Late_blight\977cefff-6bb2-41d4-9496-d30e03c71112___RS_LB 3287.JPG,Potato___Late_blight,3,train
D:\Plant-Disease-Detection\PlantVillage\Potato___Late_blight\97a903b7-9b9b-4014-9052-a284f21bfd53___RS_LB 2511.JPG,Potato___Late_blight,3,train
D:\Plant-Disease-Detection\PlantVillage\Potato___Late_blight\97babc05-67f1-49d4-9821-6fb8294da5e8___RS_LB 4541.JPG,Potato___Late_blight,3,train
D:\Plant-Disease-Detection\PlantVillage\Potato___Late_blight\98a806fd-2839-4069-b40b-08522c34ccdc___RS_LB 3032.JPG,Potato___Late_blight,3,train
D:\Plant-Disease-Detection\PlantVillage\Potato___Late_blight\98f31440-de70-4c5f-be88-cdf2cb160d76___RS_LB 4947.JPG,Potato___Late_blight,3,validation
D:\Plant-Disease-Detection\PlantVillage\Potato___Late_blight\feefc118-4434-4ffb-afbb-02fb292f72b6___RS_LB 2874.JPG,Potato___Late_blight,3,train
D:\Plant-Disease-Detection\PlantVillage\Potato___Late_blight\ff03a125-445b-40e1-a7ed-0bb9b155dfd8___RS_LB 5039.JPG,Potato___Late_blight,3,test
D:\Plant-Disease-Detection\PlantVillage\Potato___Late_blight\ff7160f9-f8d7-4576-82b8-009bf1b63b3b___RS_LB 4974.JPG,Potato___Late_blight,3,train
D:\Plant-Disease-Detection\PlantVillage\Potato___Late_blight\fff55a7e-2f86-4747-8d31-f1fde3c307aa___RS_LB 3081.JPG,Potato___Late_blight,3,train
D:\Plant-Disease-Detection\PlantVillage\Tomato__Target_Spot\007ec913-8cfe-43ed-b458-f041a17266ae___Com.G_TgS_FL 9844.JPG,Tomato__Target_Spot,11,train
D:\Plant-Disease-Detection\PlantVillage\Tomato__Target_Spot\01e0b8b1-e713-4c6d-973b-f7636280c58a___Com.G_TgS_FL 9816.JPG,Tomato__Target_Spot,11,train
D:\Plant-Disease-Detection\PlantVillage\Tomato__Target_Spot\01f0e0cb-83a7-4190-9645-bd06b70c8d65___Com.G_TgS_FL 8318.JPG,Tomato__Target_Spot,11,train
D:\Plant-Disease-Detection\PlantVillage\Tomato__Target_Spot\02b891ad-b252-4f46-8618-89a0c36193c2___Com.G_TgS_FL 0038.JPG,Tomato__Target_Spot,11,train
D:\Plant-Disease-Detection\PlantVillage\Tomato__Target_Spot\02da8ab6-7510-4bf7-a0e3-457f14b6adad___Com.G_TgS_FL 1022.JPG,Tomato__Target_Spot,11,train
D:\Plant-Disease-Detection\PlantVillage\Tomato__Target_Spot\05afadf4-12e7-478e-bb0c-334e2bf553f3___Com.G_TgS_FL 0744.JPG,Tomato__Target_Spot,11,test
D:\Plant-Disease-Detection\PlantVillage\Tomato__Target_Spot\05c5b778-ab92-43c8-a390-93826690fc2d___Com.G_TgS_FL 9746.JPG,Tomato__Target_Spot,11,train
D:\Plant-Disease-Detection\PlantVillage\Tomato__Target_Spot\05fa9fcd-ce4c-4c47-aabf-6d794ada4e1c___Com.G_TgS_FL 9802.JPG,Tomato__Target_Spot,11,validation
D:\Plant-Disease-Detection\PlantVillage\Tomato__Target_Spot\06a52af1-8456-4d7f-98bc-d5ec26be7083___Com.G_TgS_FL 9923.JPG,Tomato__Target_Spot,11,train
D:\Plant-Disease-Detection\PlantVillage\Tomato__Target_Spot\06ddddf1-c107-4e34-9546-676f00f52254___Com.G_TgS_FL 8070.JPG,Tomato__Target_Spot,11,train
D:\Plant-Disease-Detection\PlantVillage\Tomato__Target_Spot\06deea79-68e2-4e28-b42d-0ef3a48b65fe___Com.G_TgS_FL 9819.JPG,Tomato__Target_Spot,11,test
D:\Plant-Disease-Detection\PlantVillage\Tomato__Target_Spot\08b9a677-e59f-4f3b-a4ff-325d211abdd2___Com.G_TgS_FL 1126.JPG,Tomato__Target_Spot,11,test
D:\Plant-Disease-Detection\PlantVillage\Tomato__Target_Spot\0a2de4c5-d688-4f9d-9107-ace1d281c307___Com.G_TgS_FL 7941.JPG,Tomato__Target_Spot,11,train
D:\Plant-Disease-Detection\PlantVillage\Tomato__Target_Spot\0a3b6099-c254-4bc3-8360-53a9f558a0c4___Com.G_TgS_FL 8259.JPG,Tomato__Target_Spot,11,validation
D:\Plant-Disease-Detection\PlantVillage\Tomato__Target_Spot\0a458dfc-b513-44f2-a3ce-dab4c3adb939___Com.G_TgS_FL 8166.JPG,Tomato__Target_Spot,11,train
D:\Plant-Disease-Detection\PlantVillage\Tomato__Target_Spot\0a51617c-ecb5-42ce-9d34-300307be3465___Com.G_TgS_FL 0976.JPG,Tomato__Target_Spot,11,train
D:\Plant-Disease-Detection\PlantVillage\Tomato__Target_Spot\0a578317-a98b-4e26-b17b-cd2930330375___Com.G_TgS_FL 0785.JPG,Tomato__Target_Spot,11,train
D:\Plant-Disease-Detection\PlantVillage\Tomato__Target_Spot\0a610d40-f5b8-4580-8e32-cc90b3620017___Com.G_TgS_FL 8191.JPG,Tomato__Target_Spot,11,train
D:\Plant-Disease-Detection\PlantVillage\Tomato__Target_Spot\1c051bf2-9fb9-4d1f-b5c3-d813c0278aca___Com.G_TgS_FL 9683.JPG,Tomato__Target_Spot,11,train
D:\Plant-Disease-Detection\PlantVillage\Tomato__Target_Spot\1c449341-6c92-4eeb-b83a-536d23ebbe96___Com.G_TgS_FL 8011.JPG,Tomato__Target_Spot,11,validation
D:\Plant-Disease-Detection\PlantVillage\Tomato__Target_Spot\1c4677d0-4d19-490a-8b7a-5894806174fb___Com.G_TgS_FL 0965.JPG,Tomato__Target_Spot,11,validation
D:\Plant-Disease-Detection\PlantVillage\Tomato__Target_Spot\1c980f09-7e37-4e57-96e5-d18783691134___Com.G_TgS_FL 9908.JPG,Tomato__Target_Spot,11,train
D:\Plant-Disease-Detection\PlantVillage\Tomato__Target_Spot\1c986ad6-8c08-4b6e-ac23-184d3d8d84fa___Com.G_TgS_FL 8083.JPG,Tomato__Target_Spot,11,validation
D:\Plant-Disease-Detection\PlantVillage\Tomato__Target_Spot\1cc31c92-0fbd-488a-b0a2-ef25f985bf13___Com.G_TgS_FL 9840.JPG,Tomato__Target_Spot,11,train
D:\Plant-Disease-Detection\PlantVillage\Tomato__Target_Spot\1cf38c9a-f005-455f-9101-a04239ccb9a4___Com.G_TgS_FL 0749.JPG,Tomato__Target_Spot,11,train
D:\Plant-Disease-Detection\PlantVillage\Tomato__Target_Spot\1d4b2b39-04ca-4921-b824-52c7062f4efb___Com.G_TgS_FL 9810.JPG,Tomato__Target_Spot,11,validation
D:\Plant-Disease-Detection\PlantVillage\Tomato__Target_Spot\1d51081c-bd57-42aa-9a2b-c394912e87c7___Com.G_TgS_FL 9740.JPG,Tomato__Target_Spot,11,train
D:\Plant-Disease-Detection\PlantVillage\Tomato__Target_Spot\1d67d1c7-108d-4090-88c5-519d52963e9a___Com.G_TgS_FL 0980.JPG,Tomato__Target_Spot,11,validation
D:\Plant-Disease-Detection\PlantVillage\Tomato__Target_Spot\1d7a5100-9953-46fc-b665-8bb9e48bfae5___Com.G_TgS_FL 0921.JPG,Tomato__Target_Spot,11,train
D:\Plant-Disease-Detection\PlantVillage\Tomato__Target_Spot\1d8579f3-ef8b-4a8e-be98-7e39fe8bbf9a___Com.G_TgS_FL 7944.JPG,Tomato__Target_Spot,11,train
D:\Plant-Disease-Detection\PlantVillage\Tomato__Target_Spot\1dbc3729-aa02-46fb-9276-79a382f62026___Com.G_TgS_FL 7951.JPG,Tomato__Target_Spot,11,train
D:\Plant-Disease-Detection\PlantVillage\Tomato__Target_Spot\1dcaf64c-19e6-4854-8d99-53c30dbefcef___Com.G_TgS_FL 0999.JPG,Tomato__Target_Spot,11,validation
D:\Plant-Disease-Detection\PlantVillage\Tomato__Target_Spot\1e5f36a1-69fd-4256-be5d-ae451546b94c___Com.G_TgS_FL 8094.JPG,Tomato__Target_Spot,11,train
D:\Plant-Disease-Detection\PlantVillage\Tomato__Target_Spot\1ea4741f-c01c-486e-a4b4-c77bce536f95___Com.G_TgS_FL 9821.JPG,Tomato__Target_Spot,11,train
D:\Plant-Disease-Detection\PlantVillage\Tomato__Target_Spot\1ec7a39a-7eec-434e-94ae-c6d32923b1e2___Com.G_TgS_FL 1107.JPG,Tomato__Target_Spot,11,train
D:\Plant-Disease-Detection\PlantVillage\Tomato__Target_Spot\1ecca1a2-c028-4cf8-8861-6fcb365bffca___Com.G_TgS_FL 9707.JPG,Tomato__Target_Spot,11,train
D:\Plant-Disease-Detection\PlantVillage\Tomato__Target_Spot\1f2808be-4fd7-4711-b2dd-5dcc765ef22f___Com.G_TgS_FL 8307.JPG,Tomato__Target_Spot,11,train
D:\Plant-Disease-Detection\PlantVillage\Tomato__Target_Spot\1f315135-8b90-4b79-ac61-c71a06ab141e___Com.G_TgS_FL 8080.JPG,Tomato__Target_Spot,11,test
D:\Plant-Disease-Detection\PlantVillage\Tomato__Target_Spot\1f778f17-eacb-4d7a-bf34-041955ebff8f___Com.G_TgS_FL 0694.JPG,Tomato__Target_Spot,11,train
D:\Plant-Disease-Detection\PlantVillage\Tomato__Target_Spot\1fb2795b-4c60-405e-873b-e3dd3fe6563e___Com.G_TgS_FL 0043.JPG,Tomato__Target_Spot,11,train
D:\Plant-Disease-Detection\PlantVillage\Tomato__Target_Spot\1fb8b2d9-f0ac-4af2-8ac7-9304558a88e8___Com.G_TgS_FL 7998.JPG,Tomato__Target_Spot,11,validation
D:\Plant-Disease-Detection\PlantVillage\Tomato__Target_Spot\1fef7bcc-bdc0-45dc-a8e6-1c9ee855a675___Com.G_TgS_FL 9950.JPG,Tomato__Target_Spot,11,validation
D:\Plant-Disease-Detection\PlantVillage\Tomato__Target_Spot\2a1190a6-0661-4066-a05d-2b6486788f10___Com.G_TgS_FL 8239.JPG,Tomato__Target_Spot,11,train
D:\Plant-Disease-Detection\PlantVillage\Tomato__Target_Spot\2a1fa2a0-b6ab-4c9b-984f-ea4108087568___Com.G_TgS_FL 8225.JPG,Tomato__Target_Spot,11,test
D:\Plant-Disease-Detection\PlantVillage\Tomato__Target_Spot\2a71aaa1-bbbc-4d44-a8b6-8ef1f0ebd8ff___Com.G_TgS_FL 1102.JPG,Tomato__Target_Spot,11,train
D:\Plant-Disease-Detection\PlantVillage\Tomato__Target_Spot\2a955c94-cc01-416d-ae86-6ea06af3c253___Com.G_TgS_FL 8056.JPG,Tomato__Target_Spot,11,train
D:\Plant-Disease-Detection\PlantVillage\Tomato__Target_Spot\2b2c841a-f3e8-4861-83d4-c00eaace0049___Com.G_TgS_FL 9897.JPG,Tomato__Target_Spot,11,validation
D:\Plant-Disease-Detection\PlantVillage\Tomato__Target_Spot\2b9b189c-11a8-46ce-9553-acce775bd29d___Com.G_TgS_FL 9978.JPG,Tomato__Target_Spot,11,train
D:\Plant-Disease-Detection\PlantVillage\Tomato__Target_Spot\2bf19a03-71d0-4c97-9dc2-eadaeefac5e6___Com.G_TgS_FL 1002.JPG,Tomato__Target_Spot,11,validation
D:\Plant-Disease-Detection\PlantVillage\Tomato__Target_Spot\2c93d540-be61-4546-9cbc-74c776f19379___Com.G_TgS_FL 0690.JPG,Tomato__Target_Spot,11,train
D:\Plant-Disease-Detection\PlantVillage\Tomato__Target_Spot\2cd822da-0f2b-48a2-9216-6da7fd957874___Com.G_TgS_FL 0761.JPG,Tomato__Target_Spot,11,validation
D:\Plant-Disease-Detection\PlantVillage\Tomato__Target_Spot\2cf65636-9118-4fd6-ada3-1ac605d85356___Com.G_TgS_FL 0971.JPG,Tomato__Target_Spot,11,train
D:\Plant-Disease-Detection\PlantVillage\Tomato__Target_Spot\2cfdcad0-ed4d-496a-80dc-38852264f4cc___Com.G_TgS_FL 0893.JPG,Tomato__Target_Spot,11,train
D:\Plant-Disease-Detection\PlantVillage\Tomato__Target_Spot\2d4f2887-d7e7-4986-ab54-754b8fa3eeb4___Com.G_TgS_FL 8102.JPG,Tomato__Target_Spot,11,train
D:\Plant-Disease-Detection\PlantVillage\Tomato__Target_Spot\2d842c15-c1cd-4f2b-9e12-27855abb9758___Com.G_TgS_FL 0812.JPG,Tomato__Target_Spot,11,validation
D:\Plant-Disease-Detection\PlantVillage\Tomato__Target_Spot\2d918628-2486-4303-8e68-07fdefe3ae6b___Com.G_TgS_FL 9729.JPG,Tomato__Target_Spot,11,train
D:\Plant-Disease-Detection\PlantVillage\Tomato__Target_Spot\2e14fe88-6f4a-4765-9255-7b05d75db72a___Com.G_TgS_FL 9742.JPG,Tomato__Target_Spot,11,train
D:\Plant-Disease-Detection\PlantVillage\Tomato__Target_Spot\2e4a4f1b-f045-42c2-9e29-6b7edcb8f2ef___Com.G_TgS_FL 0996.JPG,Tomato__Target_Spot,11,validation
D:\Plant-Disease-Detection\PlantVillage\Tomato__Target_Spot\2e6677ea-2788-49fd-86bc-1a3d3842725d___Com.G_TgS_FL 1092.JPG,Tomato__Target_Spot,11,test
D:\Plant-Disease-Detection\PlantVillage\Tomato__Target_Spot\2e66bdf7-5fb4-4814-a0e9-db1b2cad451a___Com.G_TgS_FL 8300.JPG,Tomato__Target_Spot,11,test
D:\Plant-Disease-Detection\PlantVillage\Tomato__Target_Spot\2e7e9a37-1d74-4435-94a6-6ac966447e75___Com.G_TgS_FL 9853.JPG,Tomato__Target_Spot,11,train
D:\Plant-Disease-Detection\PlantVillage\Tomato__Target_Spot\2e84b294-8296-4b6a-a702-22e4bb6df804___Com.G_TgS_FL 0899.JPG,Tomato__Target_Spot,11,train
D:\Plant-Disease-Detection\PlantVillage\Tomato__Target_Spot\2e92c5f1-e71e-4d65-9fa8-6f51c242142e___Com.G_TgS_FL 0936.JPG,Tomato__Target_Spot,11,validation
D:\Plant-Disease-Detection\PlantVillage\Tomato__Target_Spot\2eaa8846-bda1-4dc2-b89f-94010addc4b6___Com.G_TgS_FL 8164.JPG,Tomato__Target_Spot,11,train
D:\Plant-Disease-Detection\PlantVillage\Tomato__Target_Spot\2f0011f5-50d5-4f18-8e1b-dc88391810bd___Com.G_TgS_FL 9758.JPG,Tomato__Target_Spot,11,train
D:\Plant-Disease-Detection\PlantVillage\Tomato__Target_Spot\3a12d335-da9d-454c-925d-157e5b59f3b9___Com.G_TgS_FL 8144.JPG,Tomato__Target_Spot,11,validation
D:\Plant-Disease-Detection\PlantVillage\Tomato__Target_Spot\3a2dbdb1-188c-4499-acff-1bcc3b377320___Com.G_TgS_FL 8206.JPG,Tomato__Target_Spot,11,train
D:\Plant-Disease-Detection\PlantVillage\Tomato__Target_Spot\3a8d5e93-55c3-44ca-9c5a-2803cac23804___Com.G_TgS_FL 8046.JPG,Tomato__Target_Spot,11,test
D:\Plant-Disease-Detection\PlantVillage\Tomato__Target_Spot\3a8eb501-7b8f-458b-8c61-ae581f5a68b9___Com.G_TgS_FL 8031.JPG,Tomato__Target_Spot,11,train
D:\Plant-Disease-Detection\PlantVillage\Tomato__Target_Spot\4ab417ba-7f9c-44ee-a7d1-1cd78fe68b58___Com.G_TgS_FL 0046.JPG,Tomato__Target_Spot,11,train
D:\Plant-Disease-Detection\PlantVillage\Tomato__Target_Spot\4acbd8cc-eab9-466d-9d1c-065213652abc___Com.G_TgS_FL 9855.JPG,Tomato__Target_Spot,11,train
D:\Plant-Disease-Detection\PlantVillage\Tomato__Target_Spot\4b5b48f8-7d82-400a-af7a-43f7804896c6___Com.G_TgS_FL 9762.JPG,Tomato__Target_Spot,11,validation
D:\Plant-Disease-Detection\PlantVillage\Tomato__Target_Spot\4b5b9fed-2bbc-4e9d-8268-fef031cef2db___Com.G_TgS_FL 0883.JPG,Tomato__Target_Spot,11,train
D:\Plant-Disease-Detection\PlantVillage\Tomato__Target_Spot\4b98528b-25af-4f6d-b094-9b69eac52082___Com.G_TgS_FL 0932.JPG,Tomato__Target_Spot,11,test
D:\Plant-Disease-Detection\PlantVillage\Tomato__Target_Spot\4c935699-7ce3-4aa8-8180-9c96eb190b61___Com.G_TgS_FL 7920.JPG,Tomato__Target_Spot,11,train
D:\Plant-Disease-Detection\PlantVillage\Tomato__Target_Spot\4cb457d8-e493-414a-967a-f2b8ac0d3758___Com.G_TgS_FL 1093.JPG,Tomato__Target_Spot,11,validation
D:\Plant-Disease-Detection\PlantVillage\Tomato__Target_Spot\4cba9d9a-65a4-4ebf-a11b-7995327b3f01___Com.G_TgS_FL 0862.JPG,Tomato__Target_Spot,11,train
D:\Plant-Disease-Detection\PlantVillage\Tomato__Target_Spot\4cf7fd8f-f605-41c6-93ab-76da0119d40a___Com.G_TgS_FL 8162.JPG,Tomato__Target_Spot,11,train
D:\Plant-Disease-Detection\PlantVillage\Tomato__Target_Spot\4d1a4a12-f8e4-4ff1-bdba-362f986600e2___Com.G_TgS_FL 1064.JPG,Tomato__Target_Spot,11,validation
D:\Plant-Disease-Detection\PlantVillage\Tomato__Target_Spot\4d3e21a2-3a99-4c50-9c42-5d3f4ca777a3___Com.G_TgS_FL 0995.JPG,Tomato__Target_Spot,11,train
D:\Plant-Disease-Detection\PlantVillage\Tomato__Target_Spot\4d6e773b-af80-461b-b682-962579767e6b___Com.G_TgS_FL 8210.JPG,Tomato__Target_Spot,11,train
D:\Plant-Disease-Detection\PlantVillage\Tomato__Target_Spot\4d72bd56-c91d-41d7-9b7f-9c624e63c22a___Com.G_TgS_FL 0023.JPG,Tomato__Target_Spot,11,train
D:\Plant-Disease-Detection\PlantVillage\Tomato__Target_Spot\4da7287d-0928-413c-8dbe-965e6db6c8bd___Com.G_TgS_FL 9666.JPG,Tomato__Target_Spot,11,train
D:\Plant-Disease-Detection\PlantVillage\Tomato__Target_Spot\4db457b0-7f30-4fe4-a34c-8ff9535b3aa0___Com.G_TgS_FL 9793.JPG,Tomato__Target_Spot,11,train
D:\Plant-Disease-Detection\PlantVillage\Tomato__Target_Spot\4dd67eba-381f-4733-9fde-2263b4da5dd0___Com.G_TgS_FL 9947.JPG,Tomato__Target_Spot,11,validation
D:\Plant-Disease-Detection\PlantVillage\Tomato__Target_Spot\4dfda385-7a48-4280-915b-28812f9fc574___Com.G_TgS_FL 0741.JPG,Tomato__Target_Spot,11,train
D:\Plant-Disease-Detection\PlantVillage\Tomato__Target_Spot\4e0ced8b-16a8-45e9-8c2f-b39000230d90___Com.G_TgS_FL 0902.JPG,Tomato__Target_Spot,11,train
D:\Plant-Disease-Detection\PlantVillage\Tomato__Target_Spot\4ec88bab-c631-438f-84dd-1645e7312905___Com.G_TgS_FL 0683.JPG,Tomato__Target_Spot,11,validation
D:\Plant-Disease-Detection\PlantVillage\Tomato__Target_Spot\4f6e682e-f2d7-43da-b18c-b0282ec6f3a4___Com.G_TgS_FL 9774.JPG,Tomato__Target_Spot,11,validation
D:\Plant-Disease-Detection\PlantVillage\Tomato__Target_Spot\4f72435f-b379-4954-8c28-27e8ec20bc76___Com.G_TgS_FL 0011.JPG,Tomato__Target_Spot,11,train
D:\Plant-Disease-Detection\PlantVillage\Tomato__Target_Spot\4f72eec5-805e-462f-b32a-06c70bac3351___Com.G_TgS_FL 9711.JPG,Tomato__Target_Spot,11,train
D:\Plant-Disease-Detection\PlantVillage\Tomato__Target_Spot\4f742898-78c7-4f18-b98b-937734263cbe___Com.G_TgS_FL 0884.JPG,Tomato__Target_Spot,11,validation
D:\Plant-Disease-Detection\PlantVillage\Tomato__Target_Spot\5a084ee2-7a6d-445e-a269-a26e50bd8883___Com.G_TgS_FL 9673.JPG,Tomato__Target_Spot,11,train
D:\Plant-Disease-Detection\PlantVillage\Tomato__Target_Spot\5a69db0e-6144-4ef2-b25b-9e2a1ffe1c3b___Com.G_TgS_FL 9710.JPG,Tomato__Target_Spot,11,train
D:\Plant-Disease-Detection\PlantVillage\Tomato__Target_Spot\5a8d484b-77a7-48f7-90f2-abc064357924___Com.G_TgS_FL 9830.JPG,Tomato__Target_Spot,11,train
D:\Plant-Disease-Detection\PlantVillage\Tomato__Target_Spot\5aab15ae-5464-4eac-a257-a27209916e51___Com.G_TgS_FL 9699.JPG,Tomato__Target_Spot,11,train
D:\Plant-Disease-Detection\PlantVillage\Tomato__Target_Spot\5b500ab1-adff-4111-b567-a004229eda28___Com.G_TgS_FL 0809.JPG,Tomato__Target_Spot,11,validation
D:\Plant-Disease-Detection\PlantVillage\Tomato__Target_Spot\5b92f4fe-d960-4507-8ee3-9b98382d43c6___Com.G_TgS_FL 7965.JPG,Tomato__Target_Spot,11,train
D:\Plant-Disease-Detection\PlantVillage\Tomato__Target_Spot\5b9d911c-97d2-4a47-99d1-356dd365e213___Com.G_TgS_FL 8073.JPG,Tomato__Target_Spot,11,test
D:\Plant-Disease-Detection\PlantVillage\Tomato__Target_Spot\5bdc79ab-ab9c-4e83-9aac-3a440127a9d8___Com.G_TgS_FL 1021.JPG,Tomato__Target_Spot,11,train
D:\Plant-Disease-Detection\PlantVillage\Tomato__Target_Spot\5bddbf3f-9185-472d-a837-273990a74fba___Com.G_TgS_FL 8315.JPG,Tomato__Target_Spot,11,train
D:\Plant-Disease-Detection\PlantVillage\Tomato__Target_Spot\5bf7dbbf-dc6f-4793-a43d-4b678f6eef91___Com.G_TgS_FL 8096.JPG,Tomato__Target_Spot,11,train
D:\Plant-Disease-Detection\PlantVillage\Tomato__Target_Spot\5bf86a15-b1e5-47be-9b76-8678a54d89f4___Com.G_TgS_FL 0875.JPG,Tomato__Target_Spot,11,train
D:\Plant-Disease-Detection\PlantVillage\Tomato__Target_Spot\5c100cff-1203-48a8-9acc-927b18a2e168___Com.G_TgS_FL 0799.JPG,Tomato__Target_Spot,11,test
D:\Plant-Disease-Detection\PlantVillage\Tomato__Target_Spot\5c2ec1a6-59dc-444d-9f75-b4717229743f___Com.G_TgS_FL 7906.JPG,Tomato__Target_Spot,11,train
D:\Plant-Disease-Detection\PlantVillage\Tomato__Target_Spot\5cbe1c45-081e-4fac-a3ac-988bace7c8b6___Com.G_TgS_FL 8084.JPG,Tomato__Target_Spot,11,train
D:\Plant-Disease-Detection\PlantVillage\Tomato__Target_Spot\5ce0b479-d41a-48e0-8615-e6421bff0cbd___Com.G_TgS_FL 9872.JPG,Tomato__Target_Spot,11,train
D:\Plant-Disease-Detection\PlantVillage\Tomato__Target_Spot\5d1140f5-ce1e-457a-b62b-3872b985eedd___Com.G_TgS_FL 0042.JPG,Tomato__Target_Spot,11,train
D:\Plant-Disease-Detection\PlantVillage\Tomato__Target_Spot\5d157d30-435f-4572-9722-43439ebe6ed2___Com.G_TgS_FL 1048.JPG,Tomato__Target_Spot,11,train
D:\Plant-Disease-Detection\PlantVillage\Tomato__Target_Spot\5d25ccac-17ed-43eb-a510-f030932706ba___Com.G_TgS_FL 7888.JPG,Tomato__Target_Spot,11,test
D:\Plant-Disease-Detection\PlantVillage\Tomato__Target_Spot\5d27aeab-9d1a-4556-961c-bda0b67817dd___Com.G_TgS_FL 7939.JPG,Tomato__Target_Spot,11,train
D:\Plant-Disease-Detection\PlantVillage\Tomato__Target_Spot\5d55ddf1-3cd2-48ce-9312-0cffb3f59a3f___Com.G_TgS_FL 9676.JPG,Tomato__Target_Spot,11,train
D:\Plant-Disease-Detection\PlantVillage\Tomato__Target_Spot\5da40213-3be5-43d6-91f6-88e7d0334f90___Com.G_TgS_FL 9722.JPG,Tomato__Target_Spot,11,validation
D:\Plant-Disease-Detection\PlantVillage\Tomato__Target_Spot\5db917b9-048e-48e4-9d9c-9f1abb307a2b___Com.G_TgS_FL 1051.JPG,Tomato__Target_Spot,11,train
D:\Plant-Disease-Detection\PlantVillage\Tomato__Target_Spot\5df31ae3-b89e-4089-8ce8-777b4ac91f6a___Com.G_TgS_FL 0837.JPG,Tomato__Target_Spot,11,train
D:\Plant-Disease-Detection\PlantVillage\Tomato__Target_Spot\5e20be63-2913-449d-a18b-968b6e3dc8fc___Com.G_TgS_FL 8147.JPG,Tomato__Target_Spot,11,validation
D:\Plant-Disease-Detection\PlantVillage\Tomato__Target_Spot\5e690e70-8511-49a2-8986-4cb7154d9acb___Com.G_TgS_FL 9734.JPG,Tomato__Target_Spot,11,train
D:\Plant-Disease-Detection\PlantVillage\Tomato__Target_Spot\5e77f244-af69-4b7e-aba2-40cda5efd445___Com.G_TgS_FL 1065.JPG,Tomato__Target_Spot,11,train
D:\Plant-Disease-Detection\PlantVillage\Tomato__Target_Spot\5e792d39-4b82-4ac1-8b2e-4fa124cb2605___Com.G_TgS_FL 9986.JPG,Tomato__Target_Spot,11,train
D:\Plant-Disease-Detection\PlantVillage\Tomato__Target_Spot\5e9d7d56-4b5c-46d1-b036-0c1a8a02245d___Com.G_TgS_FL 7990.JPG,Tomato__Target_Spot,11,validation
D:\Plant-Disease-Detection\PlantVillage\Tomato__Target_Spot\5eee971d-a69d-4f1d-9e6f-5d3f59ed2e3d___Com.G_TgS_FL 1013.JPG,Tomato__Target_Spot,11,train
D:\Plant-Disease-Detection\PlantVillage\Tomato__Target_Spot\5f373f4a-5bf8-49d2-98f0-fd0a6375e18b___Com.G_TgS_FL 8323.JPG,Tomato__Target_Spot,11,train
D:\Plant-Disease-Detection\PlantVillage\Tomato__Target_Spot\5f693474-3522-4b5e-adaa-2f55e407f45e___Com.G_TgS_FL 8049.JPG,Tomato__Target_Spot,11,test
D:\Plant-Disease-Detection\PlantVillage\Tomato__Target_Spot\5f8a5bf7-8366-4f88-b5e1-bb832608e317___Com.G_TgS_FL 0696.JPG,Tomato__Target_Spot,11,train
D:\Plant-Disease-Detection\PlantVillage\Tomato__Target_Spot\5f95ec42-155b-4646-9703-151a1d2c7e0c___Com.G_TgS_FL 1027.JPG,Tomato__Target_Spot,11,test
D:\Plant-Disease-Detection\PlantVillage\Tomato__Target_Spot\5fe2f26b-7fb0-41ac-85c9-00a1f2acf863___Com.G_TgS_FL 7890.JPG,Tomato__Target_Spot,11,train
D:\Plant-Disease-Detection\PlantVillage\Tomato__Target_Spot\5ff8d4fa-6b88-42da-ac4d-2ad7f681441f___Com.G_TgS_FL 8397.JPG,Tomato__Target_Spot,11,test
D:\Plant-Disease-Detection\PlantVillage\Tomato__Target_Spot\6a13c6e8-ed63-44bb-bddd-6fcbb92e1c3f___Com.G_TgS_FL 8029.JPG,Tomato__Target_Spot,11,train
D:\Plant-Disease-Detection\PlantVillage\Tomato__Target_Spot\6a48c56c-2110-44f9-9f8e-3fa23117d5d2___Com.G_TgS_FL 8123.JPG,Tomato__Target_Spot,11,train
D:\Plant-Disease-Detection\PlantVillage\Tomato__Target_Spot\6a512ebc-696c-43a8-b03a-23acabaa5b52___Com.G_TgS_FL 9738.JPG,Tomato__Target_Spot,11,train
D:\Plant-Disease-Detection\PlantVillage\Tomato__Target_Spot\6b66d5e4-aacb-405a-aea0-bbc9e842822a___Com.G_TgS_FL 9726.JPG,Tomato__Target_Spot,11,test
D:\Plant-Disease-Detection\PlantVillage\Tomato__Target_Spot\6bd21bee-4648-43fc-b481-dc4913a8c9be___Com.G_TgS_FL 0841.JPG,Tomato__Target_Spot,11,train
D:\Plant-Disease-Detection\PlantVillage\Tomato__Target_Spot\6bd6afac-37d6-472f-8ce1-018ec3dbd936___Com.G_TgS_FL 0667.JPG,Tomato__Target_Spot,11,train
D:\Plant-Disease-Detection\PlantVillage\Tomato__Target_Spot\6bf6cc0c-2077-4129-bcc6-9d1ef0902fd9___Com.G_TgS_FL 8081.JPG,Tomato__Target_Spot,11,train
D:\Plant-Disease-Detection\PlantVillage\Tomato__Target_Spot\6c213594-9828-4c8e-ad0a-4e5cb6276f4b___Com.G_TgS_FL 7924.JPG,Tomato__Target_Spot,11,validation
D:\Plant-Disease-Detection\PlantVillage\Tomato__Target_Spot\6c750a22-e196-4476-a5da-f4eeab43d9b0___Com.G_TgS_FL 8052.JPG,Tomato__Target_Spot,11,train
D:\Plant-Disease-Detection\PlantVillage\Tomato__Target_Spot\6c769cf5-f804-4c3b-b156-4a757a2eaa40___Com.G_TgS_FL 9901.JPG,Tomato__Target_Spot,11,test
D:\Plant-Disease-Detection\PlantVillage\Tomato__Target_Spot\6c7d86a8-2974-43da-b9d2-45838396c131___Com.G_TgS_FL 0998.JPG,Tomato__Target_Spot,11,test
D:\Plant-Disease-Detection\PlantVillage\Tomato__Target_Spot\6c9b50d5-1210-471c-8b4d-deb3f24a9209___Com.G_TgS_FL 8116.JPG,Tomato__Target_Spot,11,train
D:\Plant-Disease-Detection\PlantVillage\Tomato__Target_Spot\6d6769c2-371e-4de1-ac82-9df516a5543f___Com.G_TgS_FL 9763.JPG,Tomato__Target_Spot,11,train
D:\Plant-Disease-Detection\PlantVillage\Tomato__Target_Spot\6d8550bb-b43d-4e66-a5fc-f320110ad625___Com.G_TgS_FL 9905.JPG,Tomato__Target_Spot,11,train
D:\Plant-Disease-Detection\PlantVillage\Tomato__Target_Spot\6d8f062f-f709-4e70-bf98-1d6a9bad6671___Com.G_TgS_FL 9809.JPG,Tomato__Target_Spot,11,train
D:\Plant-Disease-Detection\PlantVillage\Tomato__Target_Spot\6d9ca6a6-93df-48c6-93ea-9adc126f2fdf___Com.G_TgS_FL 0019.JPG,Tomato__Target_Spot,11,test
D:\Plant-Disease-Detection\PlantVillage\Tomato__Target_Spot\6db16a45-1060-4ba5-924e-183ce273410a___Com.G_TgS_FL 8124.JPG,Tomato__Target_Spot,11,train
D:\Plant-Disease-Detection\PlantVillage\Tomato__Target_Spot\6df82d72-cc8d-4136-8c9e-b7756255e324___Com.G_TgS_FL 0983.JPG,Tomato__Target_Spot,11,train
D:\Plant-Disease-Detection\PlantVillage\Tomato__Target_Spot\6e340b2e-1f6f-40ba-9a0c-944334002550___Com.G_TgS_FL 7934.JPG,Tomato__Target_Spot,11,train
D:\Plant-Disease-Detection\PlantVillage\Tomato__Target_Spot\6e5d20d1-485c-431f-8e3b-d9af7b28ee92___Com.G_TgS_FL 0656.JPG,Tomato__Target_Spot,11,test
D:\Plant-Disease-Detection\PlantVillage\Tomato__Target_Spot\6e99cd8d-2f43-4800-b75f-459974469a26___Com.G_TgS_FL 1069.JPG,Tomato__Target_Spot,11,train
D:\Plant-Disease-Detection\PlantVillage\Tomato__Target_Spot\6eddf6dc-415f-4e8d-b6b6-3080370e228b___Com.G_TgS_FL 0659.JPG,Tomato__Target_Spot,11,train
D:\Plant-Disease-Detection\PlantVillage\Tomato__Target_Spot\6edeac14-5ac4-4810-a3c0-ff35feb176fb___Com.G_TgS_FL 7911.JPG,Tomato__Target_Spot,11,train
D:\Plant-Disease-Detection\PlantVillage\Tomato__Target_Spot\6ef6ef8a-dde4-4255-9541-8f11c961f06b___Com.G_TgS_FL 8067.JPG,Tomato__Target_Spot,11,train
D:\Plant-Disease-Detection\PlantVillage\Tomato__Target_Spot\6f32358e-0f05-4eb8-94b6-ac3baaa66220___Com.G_TgS_FL 1086.JPG,Tomato__Target_Spot,11,validation
D:\Plant-Disease-Detection\PlantVillage\Tomato__Target_Spot\6f37e2ac-cd3a-420e-8525-7225500c8e34___Com.G_TgS_FL 0802.JPG,Tomato__Target_Spot,11,test
D:\Plant-Disease-Detection\PlantVillage\Tomato__Target_Spot\6f6d42be-c248-474a-a5c8-e13c6a24ab91___Com.G_TgS_FL 7996.JPG,Tomato__Target_Spot,11,validation
D:\Plant-Disease-Detection\PlantVillage\Tomato__Target_Spot\6f77cfc3-4bb5-4692-920a-2d0ea476d1e7___Com.G_TgS_FL 0829.JPG,Tomato__Target_Spot,11,test
D:\Plant-Disease-Detection\PlantVillage\Tomato__Target_Spot\6f7becd5-4b98-490a-b929-926d75053295___Com.G_TgS_FL 0881.JPG,Tomato__Target_Spot,11,train
D:\Plant-Disease-Detection\PlantVillage\Tomato__Target_Spot\6f8c6299-56d3-4477-8c5a-53211bdb8678___Com.G_TgS_FL 0793.JPG,Tomato__Target_Spot,11,train
D:\Plant-Disease-Detection\PlantVillage\Tomato__Target_Spot\6fa8c523-7ee3-483c-b35c-c34fa517e75b___Com.G_TgS_FL 0978.JPG,Tomato__Target_Spot,11,train
D:\Plant-Disease-Detection\PlantVillage\Tomato__Target_Spot\6fcb11a8-c98b-49c1-9c07-31d15225d1fb___Com.G_TgS_FL 9796.JPG,Tomato__Target_Spot,11,train
D:\Plant-Disease-Detection\PlantVillage\Tomato__Target_Spot\6fcbdce6-efdd-4882-ae4a-07161a608610___Com.G_TgS_FL 8237.JPG,Tomato__Target_Spot,11,train
D:\Plant-Disease-Detection\PlantVillage\Tomato__Target_Spot\7a154040-f4a1-4821-989c-d1904eaccf4d___Com.G_TgS_FL 8109.JPG,Tomato__Target_Spot,11,train
D:\Plant-Disease-Detection\PlantVillage\Tomato__Target_Spot\7a402c5b-ef94-421f-a7f4-9287ff26cb75___Com.G_TgS_FL 8377.JPG,Tomato__Target_Spot,11,train
D:\Plant-Disease-Detection\PlantVillage\Tomato__Target_Spot\7a49ce93-fbda-4a85-95bd-f340c6d6487d___Com.G_TgS_FL 9936.JPG,Tomato__Target_Spot,11,train
D:\Plant-Disease-Detection\PlantVillage\Tomato__Target_Spot\7a53588f-b543-4858-a3b5-0e9dab0eaf06___Com.G_TgS_FL 8004.JPG,Tomato__Target_Spot,11,test
D:\Plant-Disease-Detection\PlantVillage\Tomato__Target_Spot\7a911998-4bc2-4949-93a1-050d7cedca01___Com.G_TgS_FL 0768.JPG,Tomato__Target_Spot,11,train
D:\Plant-Disease-Detection\PlantVillage\Tomato__Target_Spot\7aa8db67-c148-4c40-8ccc-54fc86fdf1ab___Com.G_TgS_FL 9994.JPG,Tomato__Target_Spot,11,train
D:\Plant-Disease-Detection\PlantVillage\Tomato__Target_Spot\7ac736c3-34eb-4e85-8f8e-898a8134cabd___Com.G_TgS_FL 0917.JPG,Tomato__Target_Spot,11,validation
D:\Plant-Disease-Detection\PlantVillage\Tomato__Target_Spot\7af2dbd9-ca90-4d58-862f-f08bc920e908___Com.G_TgS_FL 0657.JPG,Tomato__Target_Spot,11,test
D:\Plant-Disease-Detection\PlantVillage\Tomato__Target_Spot\7b199548-cc65-468a-9cf7-51db805dfdeb___Com.G_TgS_FL 1068.JPG,Tomato__Target_Spot,11,train
D:\Plant-Disease-Detection\PlantVillage\Tomato__Target_Spot\7b2e0bdd-be6a-4dc9-af86-53def9109eed___Com.G_TgS_FL 0870.JPG,Tomato__Target_Spot,11,train
D:\Plant-Disease-Detection\PlantVillage\Tomato__Target_Spot\7b3f0354-12f7-471d-910a-32f3b671f95d___Com.G_TgS_FL 0773.JPG,Tomato__Target_Spot,11,test
D:\Plant-Disease-Detection\PlantVillage\Tomato__Target_Spot\7b43a21e-a0cf-49f4-b92c-9b9fd8a3e1c3___Com.G_TgS_FL 7893.JPG,Tomato__Target_Spot,11,train
D:\Plant-Disease-Detection\PlantVillage\Tomato__Target_Spot\7b55987c-1cc1-416a-b065-d865f56ede52___Com.G_TgS_FL 0913.JPG,Tomato__Target_Spot,11,train
D:\Plant-Disease-Detection\PlantVillage\Tomato__Target_Spot\7b6b9eca-fceb-423b-aaa4-d0007e01cd5c___Com.G_TgS_FL 0933.JPG,Tomato__Target_Spot,11,train
D:\Plant-Disease-Detection\PlantVillage\Tomato__Target_Spot\7b6e537a-75bf-4ea0-b89a-088730d7c633___Com.G_TgS_FL 1112.JPG,Tomato__Target_Spot,11,train
D:\Plant-Disease-Detection\PlantVillage\Tomato__Target_Spot\7b9b9e43-96e3-470f-b3c1-894db15a868d___Com.G_TgS_FL 0824.JPG,Tomato__Target_Spot,11,test
D:\Plant-Disease-Detection\PlantVillage\Tomato__Target_Spot\7bd67c4c-0d39-44c4-8d00-71a23cad441b___Com.G_TgS_FL 9881.JPG,Tomato__Target_Spot,11,train
D:\Plant-Disease-Detection\PlantVillage\Tomato__Target_Spot\7bf463d5-e742-43d9-a0d3-08c07adeb456___Com.G_TgS_FL 0897.JPG,Tomato__Target_Spot,11,validation
D:\Plant-Disease-Detection\PlantVillage\Tomato__Target_Spot\7bfa2366-1fd0-475b-aadf-d72055b6ec29___Com.G_TgS_FL 0850.JPG,Tomato__Target_Spot,11,train
D:\Plant-Disease-Detection\PlantVillage\Tomato__Target_Spot\7c32f27e-d346-475b-ad07-75aecc3f0bb7___Com.G_TgS_FL 8098.JPG,Tomato__Target_Spot,11,test
D:\Plant-Disease-Detection\PlantVillage\Tomato__Target_Spot\7c74577b-b663-4c28-be70-bbb4c6ae88e6___Com.G_TgS_FL 1111.JPG,Tomato__Target_Spot,11,train
D:\Plant-Disease-Detection\PlantVillage\Tomato__Target_Spot\7cc08946-55de-40df-a26c-b1320e55b96e___Com.G_TgS_FL 9808.JPG,Tomato__Target_Spot,11,train
D:\Plant-Disease-Detection\PlantVillage\Tomato__Target_Spot\7cd468c6-69dd-43a2-a5b5-b9b38fffd6b3___Com.G_TgS_FL 0732.JPG,Tomato__Target_Spot,11,train
D:\Plant-Disease-Detection\PlantVillage\Tomato__Target_Spot\7cf67634-651e-4d5d-ac6e-37003ec89ab9___Com.G_TgS_FL 8364.JPG,Tomato__Target_Spot,11,train
D:\Plant-Disease-Detection\PlantVillage\Tomato__Target_Spot\7dbcdc64-8646-4251-8253-22361604a72f___Com.G_TgS_FL 9717.JPG,Tomato__Target_Spot,11,train
D:\Plant-Disease-Detection\PlantVillage\Tomato__Target_Spot\7ddd582f-fbfb-4dbb-a73e-bb68f1f864fe___Com.G_TgS_FL 8006.JPG,Tomato__Target_Spot,11,train
D:\Plant-Disease-Detection\PlantVillage\Tomato__Target_Spot\7dee92b9-b5b8-4ef7-b2de-81b83e4451e0___Com.G_TgS_FL 7946.JPG,Tomato__Target_Spot,11,train
D:\Plant-Disease-Detection\PlantVillage\Tomato__Target_Spot\7e096966-bf6a-48c7-8e98-f5821b57e3a6___Com.G_TgS_FL 8182.JPG,Tomato__Target_Spot,11,test
D:\Plant-Disease-Detection\PlantVillage\Tomato__Target_Spot\7e17c9eb-b1ed-4e52-8fe2-02f73d93ed3a___Com.G_TgS_FL 8221.JPG,Tomato__Target_Spot,11,validation
D:\Plant-Disease-Detection\PlantVillage\Tomato__Target_Spot\7e431685-947c-4ab9-9107-e74f3a02cf83___Com.G_TgS_FL 9974.JPG,Tomato__Target_Spot,11,train
D:\Plant-Disease-Detection\PlantVillage\Tomato__Target_Spot\7e65af9a-c384-4674-a069-d4df8cd2c85e___Com.G_TgS_FL 1117.JPG,Tomato__Target_Spot,11,validation
D:\Plant-Disease-Detection\PlantVillage\Tomato__Target_Spot\7eec3aca-476f-457d-8c0a-5c721a26aa4a___Com.G_TgS_FL 9899.JPG,Tomato__Target_Spot,11,test
D:\Plant-Disease-Detection\PlantVillage\Tomato__Target_Spot\7f046d39-6da1-4c04-a3e9-561421a49a11___Com.G_TgS_FL 1023.JPG,Tomato__Target_Spot,11,train
D:\Plant-Disease-Detection\PlantVillage\Tomato__Target_Spot\7f97b6e8-dcd8-484c-8eb1-cbadad030d5c___Com.G_TgS_FL 8125.JPG,Tomato__Target_Spot,11,train
D:\Plant-Disease-Detection\PlantVillage\Tomato__Target_Spot\7f99bf94-4d5f-467f-a409-3305a21736ec___Com.G_TgS_FL 0982.JPG,Tomato__Target_Spot,11,train
D:\Plant-Disease-Detection\PlantVillage\Tomato__Target_Spot\7fa1e7ff-e067-4639-b275-1b2bee9e0100___Com.G_TgS_FL 8100.JPG,Tomato__Target_Spot,11,train
D:\Plant-Disease-Detection\PlantVillage\Tomato__Target_Spot\7fd4f12e-758d-4965-a98f-c59bb9983e31___Com.G_TgS_FL 8211.JPG,Tomato__Target_Spot,11,train
D:\Plant-Disease-Detection\PlantVillage\Tomato__Target_Spot\7fff26be-4802-4778-97cf-96d5a9e4f127___Com.G_TgS_FL 9981.JPG,Tomato__Target_Spot,11,train
D:\Plant-Disease-Detection\PlantVillage\Tomato__Target_Spot\8a3a6a39-5774-4a98-a6a5-9544e425d418___Com.G_TgS_FL 8155.JPG,Tomato__Target_Spot,11,train
D:\Plant-Disease-Detection\PlantVillage\Tomato__Target_Spot\8a4784b3-5780-4fe1-8158-9eff6f987d1b___Com.G_TgS_FL 8349.JPG,Tomato__Target_Spot,11,validation
D:\Plant-Disease-Detection\PlantVillage\Tomato__Target_Spot\8a4995ff-d091-47bc-90d6-eb0c6da66fcf___Com.G_TgS_FL 7876.JPG,Tomato__Target_Spot,11,test
D:\Plant-Disease-Detection\PlantVillage\Tomato__Target_Spot\8a56815a-084b-400b-90a2-752be5c71c51___Com.G_TgS_FL 1062.JPG,Tomato__Target_Spot,11,train
D:\Plant-Disease-Detection\PlantVillage\Tomato__Target_Spot\8a5b87db-6aa8-4f1b-96bc-a98bcce04b1c___Com.G_TgS_FL 8042.JPG,Tomato__Target_Spot,11,train
D:\Plant-Disease-Detection\PlantVillage\Tomato__Target_Spot\8a61a73f-659f-4ebf-95e6-29ecb8184098___Com.G_TgS_FL 8265.JPG,Tomato__Target_Spot,11,train
D:\Plant-Disease-Detection\PlantVillage\Tomato__Target_Spot\8a71b39e-03c4-474d-a729-c6c5039c829c___Com.G_TgS_FL 0963.JPG,Tomato__Target_Spot,11,train
D:\Plant-Disease-Detection\PlantVillage\Tomato__Target_Spot\8ae9dedf-3ec2-4207-b8b5-eb8978658e68___Com.G_TgS_FL 9675.JPG,Tomato__Target_Spot,11,train
D:\Plant-Disease-Detection\PlantVillage\Tomato__Target_Spot\8b006696-91e3-473a-844f-ceae651cdff8___Com.G_TgS_FL 0673.JPG,Tomato__Target_Spot,11,train
D:\Plant-Disease-Detection\PlantVillage\Tomato__Target_Spot\8b0db49a-127f-47e5-b942-a869a028903a___Com.G_TgS_FL 0717.JPG,Tomato__Target_Spot,11,train
D:\Plant-Disease-Detection\PlantVillage\Tomato__Target_Spot\8b704194-2383-4bab-8a5b-9429ffc01b85___Com.G_TgS_FL 0930.JPG,Tomato__Target_Spot,11,train
D:\Plant-Disease-Detection\PlantVillage\Tomato__Target_Spot\8ba6d847-4193-43af-a999-8c7404700e83___Com.G_TgS_FL 9721.JPG,Tomato__Target_Spot,11,train
D:\Plant-Disease-Detection\PlantVillage\Tomato__Target_Spot\8baa930d-dd7a-4ac0-a917-91a6c996dcb5___Com.G_TgS_FL 0720.JPG,Tomato__Target_Spot,11,train
D:\Plant-Disease-Detection\PlantVillage\Tomato__Target_Spot\8bf33883-751c-4b5c-b50f-a955a4e0d8b7___Com.G_TgS_FL 1116.JPG,Tomato__Target_Spot,11,train
D:\Plant-Disease-Detection\PlantVillage\Tomato__Target_Spot\8c034f61-0b93-4b14-b5d6-5ed385cb93b1___Com.G_TgS_FL 7892.JPG,Tomato__Target_Spot,11,test
D:\Plant-Disease-Detection\PlantVillage\Tomato__Target_Spot\8c06b690-c804-4471-873f-e19f84d49fc7___Com.G_TgS_FL 8242.JPG,Tomato__Target_Spot,11,test
D:\Plant-Disease-Detection\PlantVillage\Tomato__Target_Spot\8c1dfdea-0c3d-48bd-9a38-04e2c42264de___Com.G_TgS_FL 9993.JPG,Tomato__Target_Spot,11,train
D:\Plant-Disease-Detection\PlantVillage\Tomato__Target_Spot\8c24d828-453c-4a03-8899-c7358d6da8c1___Com.G_TgS_FL 8401.JPG,Tomato__Target_Spot,11,train
D:\Plant-Disease-Detection\PlantVillage\Tomato__Target_Spot\8c37c82a-1eff-41f9-b485-8a889034d5cf___Com.G_TgS_FL 1050.JPG,Tomato__Target_Spot,11,train
D:\Plant-Disease-Detection\PlantVillage\Tomato__Target_Spot\8c8e659d-009f-49bf-b2be-7972c3680a20___Com.G_TgS_FL 8362.JPG,Tomato__Target_Spot,11,train
D:\Plant-Disease-Detection\PlantVillage\Tomato__Target_Spot\8cdd8352-69a6-471e-978b-2f733fb4d33d___Com.G_TgS_FL 0004.JPG,Tomato__Target_Spot,11,train
D:\Plant-Disease-Detection\PlantVillage\Tomato__Target_Spot\8ce8a9a0-3f3a-4a42-b5b0-1b2221af3d2a___Com.G_TgS_FL 9811.JPG,Tomato__Target_Spot,11,train
D:\Plant-Disease-Detection\PlantVillage\Tomato__Target_Spot\8d1245f0-fee1-4673-ba24-592d447d1163___Com.G_TgS_FL 0992.JPG,Tomato__Target_Spot,11,train
D:\Plant-Disease-Detection\PlantVillage\Tomato__Target_Spot\8d409efa-5d05-4317-a867-57f6dbf2a03f___Com.G_TgS_FL 0710.JPG,Tomato__Target_Spot,11,train
D:\Plant-Disease-Detection\PlantVillage\Tomato__Target_Spot\8d5ad6d9-7070-4022-a423-6812a09823f5___Com.G_TgS_FL 1029.JPG,Tomato__Target_Spot,11,test
D:\Plant-Disease-Detection\PlantVillage\Tomato__Target_Spot\8d694e08-2754-418c-8986-e0e554053e99___Com.G_TgS_FL 8235.JPG,Tomato__Target_Spot,11,test
D:\Plant-Disease-Detection\PlantVillage\Tomato__Target_Spot\8dd3f665-f683-427d-9435-2e62a2650cfd___Com.G_TgS_FL 9879.JPG,Tomato__Target_Spot,11,test
D:\Plant-Disease-Detection\PlantVillage\Tomato__Target_Spot\8e199c01-37e0-4631-a91c-ef5847433118___Com.G_TgS_FL 0934.JPG,Tomato__Target_Spot,11,train
D:\Plant-Disease-Detection\PlantVillage\Tomato__Target_Spot\8e1bf26a-722a-48b9-b668-09e871a4665a___Com.G_TgS_FL 0801.JPG,Tomato__Target_Spot,11,train
D:\Plant-Disease-Detection\PlantVillage\Tomato__Target_Spot\8e28d17d-8a3b-4994-beb6-79b041b5c44b___Com.G_TgS_FL 8246.JPG,Tomato__Target_Spot,11,train
D:\Plant-Disease-Detection\PlantVillage\Tomato__Target_Spot\8e2f4eef-df13-4467-8979-71a6ef511048___Com.G_TgS_FL 1001.JPG,Tomato__Target_Spot,11,train
D:\Plant-Disease-Detection\PlantVillage\Tomato__Target_Spot\8ec26e59-70dc-4eff-a1bb-3381a9b56d96___Com.G_TgS_FL 9992.JPG,Tomato__Target_Spot,11,train
D:\Plant-Disease-Detection\PlantVillage\Tomato__Target_Spot\8ef53996-d440-40b6-8665-2e3acf4f6b7b___Com.G_TgS_FL 9875.JPG,Tomato__Target_Spot,11,train
D:\Plant-Disease-Detection\PlantVillage\Tomato__Target_Spot\8f2a090d-92c1-4bf4-8806-a15a6de7d304___Com.G_TgS_FL 8219.JPG,Tomato__Target_Spot,11,train
D:\Plant-Disease-Detection\PlantVillage\Tomato__Target_Spot\8f2ba5ed-f8a4-4b31-9da4-5e4229bd0274___Com.G_TgS_FL 7880.JPG,Tomato__Target_Spot,11,train
D:\Plant-Disease-Detection\PlantVillage\Tomato__Target_Spot\8f675e4c-4511-47dd-9a01-41a8fe736dd4___Com.G_TgS_FL 8079.JPG,Tomato__Target_Spot,11,train
D:\Plant-Disease-Detection\PlantVillage\Tomato__Target_Spot\8fa4b03e-7abe-456e-a84e-2b490ada8b0f___Com.G_TgS_FL 9709.JPG,Tomato__Target_Spot,11,train
D:\Plant-Disease-Detection\PlantVillage\Tomato__Target_Spot\8fbcb71e-fa17-4918-8484-0a04a90e8ada___Com.G_TgS_FL 0972.JPG,Tomato__Target_Spot,11,train
D:\Plant-Disease-Detection\PlantVillage\Tomato__Target_Spot\8fbf987c-a9b3-45d9-a2ec-6304f9762530___Com.G_TgS_FL 9862.JPG,Tomato__Target_Spot,11,test
D:\Plant-Disease-Detection\PlantVillage\Tomato__Target_Spot\8fe77ca8-8f18-482f-8c30-745efe6ae1c9___Com.G_TgS_FL 8107.JPG,Tomato__Target_Spot,11,train
D:\Plant-Disease-Detection\PlantVillage\Tomato__Target_Spot\8fe7c34f-567b-444b-9cfa-70a1c797bd47___Com.G_TgS_FL 9917.JPG,Tomato__Target_Spot,11,test
D:\Plant-Disease-Detection\PlantVillage\Tomato__Target_Spot\9a03ff47-8285-478e-9e82-f4f51a7180a5___Com.G_TgS_FL 0010.JPG,Tomato__Target_Spot,11,train
D:\Plant-Disease-Detection\PlantVillage\Tomato__Target_Spot\9a0f94b8-4255-4d33-8f87-879b960f3471___Com.G_TgS_FL 0031.JPG,Tomato__Target_Spot,11,train
D:\Plant-Disease-Detection\PlantVillage\Tomato__Target_Spot\9a2e5ed6-a441-4d2b-8d50-fd44c1fde6dc___Com.G_TgS_FL 1110.JPG,Tomato__Target_Spot,11,train
D:\Plant-Disease-Detection\PlantVillage\Tomato__Target_Spot\9a6b79a4-64a9-4238-ba09-31d3312c785e___Com.G_TgS_FL 7943.JPG,Tomato__Target_Spot,11,validation
D:\Plant-Disease-Detection\PlantVillage\Tomato__Target_Spot\9a8a98fe-5fd4-4630-bd49-35cfd3672e8b___Com.G_TgS_FL 9706.JPG,Tomato__Target_Spot,11,train
D:\Plant-Disease-Detection\PlantVillage\Tomato__Target_Spot\9a9c60f1-1991-4a5d-93b9-d546f75e8b03___Com.G_TgS_FL 9858.JPG,Tomato__Target_Spot,11,train
D:\Plant-Disease-Detection\PlantVillage\Tomato__Target_Spot\9ab320dc-b7f4-42ef-82ed-77c6431d0468___Com.G_TgS_FL 0817.JPG,Tomato__Target_Spot,11,train
D:\Plant-Disease-Detection\PlantVillage\Tomato__Tomato_mosaic_virus\000ec6ea-9063-4c33-8abe-d58ca8a88878___PSU_CG 2169.JPG,Tomato__Tomato_mosaic_virus,13,test
D:\Plant-Disease-Detection\PlantVillage\Tomato__Tomato_mosaic_virus\006e354b-c054-4b72-a83c-e3feb038942e___PSU_CG 2330.JPG,Tomato__Tomato_mosaic_virus,13,train
D:\Plant-Disease-Detection\PlantVillage\Tomato__Tomato_mosaic_virus\00c07a77-15e6-4815-92d4-8d1e1afb7f3c___PSU_CG 2052.JPG,Tomato__Tomato_mosaic_virus,13,train
D:\Plant-Disease-Detection\PlantVillage\Tomato__Tomato_mosaic_virus\01b32f27-2b9b-4961-805b-8066bf4d90f1___PSU_CG 2417.JPG,Tomato__Tomato_mosaic_virus,13,train
D:\Plant-Disease-Detection\PlantVillage\Tomato__Tomato_mosaic_virus\021accd9-bbb2-4777-8f94-93295e6de49e___PSU_CG 2075.JPG,Tomato__Tomato_mosaic_virus,13,train
D:\Plant-Disease-Detection\PlantVillage\Tomato__Tomato_mosaic_virus\02cb8c4e-4542-4020-bb46-025de54d97ae___PSU_CG 2098.JPG,Tomato__Tomato_mosaic_virus,13,train
D:\Plant-Disease-Detection\PlantVillage\Tomato__Tomato_mosaic_virus\03b6acc7-41a6-4670-b47c-bef6d4baea18___PSU_CG 2363.JPG,Tomato__Tomato_mosaic_virus,13,train
D:\Plant-Disease-Detection\PlantVillage\Tomato__Tomato_mosaic_virus\046a2559-23b4-4018-a3db-337347ceb391___PSU_CG 2321.JPG,Tomato__Tomato_mosaic_virus,13,train
D:\Plant-Disease-Detection\PlantVillage\Tomato__Tomato_mosaic_virus\05910684-8466-4472-b520-b6f90bfc0d01___PSU_CG 2076.JPG,Tomato__Tomato_mosaic_virus,13,train
D:\Plant-Disease-Detection\PlantVillage\Tomato__Tomato_mosaic_virus\05a31ee3-d097-4e32-a1fe-ef11f84ff374___PSU_CG 2149.JPG,Tomato__Tomato_mosaic_virus,13,train
D:\Plant-Disease-Detection\PlantVillage\Tomato__Tomato_mosaic_virus\08e45674-8d1e-4c3c-804a-663d9fef1ead___PSU_CG 2249.JPG,Tomato__Tomato_mosaic_virus,13,train
D:\Plant-Disease-Detection\PlantVillage\Tomato__Tomato_mosaic_virus\09910ece-e505-4e19-ae9b-0d9e2eaa2cb1___PSU_CG 2047.JPG,Tomato__Tomato_mosaic_virus,13,train
D:\Plant-Disease-Detection\PlantVillage\Tomato__Tomato_mosaic_virus\0a7cc59f-b2b0-4201-9c4a-d91eca5c03a3___PSU_CG 2230.JPG,Tomato__Tomato_mosaic_virus,13,test
D:\Plant-Disease-Detection\PlantVillage\Tomato__Tomato_mosaic_virus\0a91f50b-1263-4b2c-a8c1-f2a6025b82f3___PSU_CG 2136.JPG,Tomato__Tomato_mosaic_virus,13,train
D:\Plant-Disease-Detection\PlantVillage\Tomato__Tomato_mosaic_virus\0b5e2269-7b37-43ac-9a96-c62b9bba2383___PSU_CG 2243.JPG,Tomato__Tomato_mosaic_virus,13,train
D:\Plant-Disease-Detection\PlantVillage\Tomato__Tomato_mosaic_virus\0befa341-0db3-49f4-b4fc-beeb05854bff___PSU_CG 2338.JPG,Tomato__Tomato_mosaic_virus,13,test
D:\Plant-Disease-Detection\PlantVillage\Tomato__Tomato_mosaic_virus\0bf3eb4c-e2cd-4e72-8834-4fc045bd67ae___PSU_CG 2414.JPG,Tomato__Tomato_mosaic_virus,13,train
D:\Plant-Disease-Detection\PlantVillage\Tomato__Tomato_mosaic_virus\0c05f5bb-e38d-422f-8b1c-632d8c0d730c___PSU_CG 2133.JPG,Tomato__Tomato_mosaic_virus,13,train
D:\Plant-Disease-Detection\PlantVillage\Tomato__Tomato_mosaic_virus\0c676b36-7985-42e8-b550-83e2b1c55535___PSU_CG 2177.JPG,Tomato__Tomato_mosaic_virus,13,validation
D:\Plant-Disease-Detection\PlantVillage\Tomato__Tomato_mosaic_virus\0c779116-043c-4715-b080-16be2e8d2552___PSU_CG 2285.JPG,Tomato__Tomato_mosaic_virus,13,train
D:\Plant-Disease-Detection\PlantVillage\Tomato__Tomato_mosaic_virus\0ce34f26-3bd6-420e-ba31-0373b465f267___PSU_CG 2099.JPG,Tomato__Tomato_mosaic_virus,13,test
D:\Plant-Disease-Detection\PlantVillage\Tomato__Tomato_mosaic_virus\0d9accf3-1285-4356-b69b-2ae132c5f145___PSU_CG 2337.JPG,Tomato__Tomato_mosaic_virus,13,train
D:\Plant-Disease-Detection\PlantVillage\Tomato__Tomato_mosaic_virus\0dae2780-43e7-40ac-ae45-95e5318c8f32___PSU_CG 2290.JPG,Tomato__Tomato_mosaic_virus,13,validation
D:\Plant-Disease-Detection\PlantVillage\Tomato__Tomato_mosaic_virus\0e56889c-7e80-49f3-8da3-3a437244e8fd___PSU_CG 2140.JPG,Tomato__Tomato_mosaic_virus,13,train
D:\Plant-Disease-Detection\PlantVillage\Tomato__Tomato_mosaic_virus\0f47e5f6-7271-45c8-8364-e962dedd83c9___PSU_CG 2148.JPG,Tomato__Tomato_mosaic_virus,13,validation
D:\Plant-Disease-Detection\PlantVillage\Tomato__Tomato_mosaic_virus\0fcf9c2a-5c8c-4f37-aa43-6fd41d5e5442___PSU_CG 2055.JPG,Tomato__Tomato_mosaic_virus,13,train
D:\Plant-Disease-Detection\PlantVillage\Tomato__Tomato_mosaic_virus\0fefaaee-79e4-45a6-8606-5a4ab1ea43a2___PSU_CG 2398.JPG,Tomato__Tomato_mosaic_virus,13,validation
D:\Plant-Disease-Detection\PlantVillage\Tomato__Tomato_mosaic_virus\1170f108-86a3-4bc6-8a06-c82e55178f91___PSU_CG 2327.JPG,Tomato__Tomato_mosaic_virus,13,train
D:\Plant-Disease-Detection\PlantVillage\Tomato__Tomato_mosaic_virus\119554ae-c777-46da-abb7-591404fdc65f___PSU_CG 2393.JPG,Tomato__Tomato_mosaic_virus,13,train
D:\Plant-Disease-Detection\PlantVillage\Tomato__Tomato_mosaic_virus\124f2b6c-ba93-46dc-9662-04ec2b631a23___PSU_CG 2084.JPG,Tomato__Tomato_mosaic_virus,13,test
D:\Plant-Disease-Detection\PlantVillage\Tomato__Tomato_mosaic_virus\12f82f12-23f5-4edc-82d7-8bc3ee6f4848___PSU_CG 2373.JPG,Tomato__Tomato_mosaic_virus,13,train
D:\Plant-Disease-Detection\PlantVillage\Tomato__Tomato_mosaic_virus\1349c403-c930-42be-9bfd-39a099c66f4a___PSU_CG 2328.JPG,Tomato__Tomato_mosaic_virus,13,train
D:\Plant-Disease-Detection\PlantVillage\Tomato__Tomato_mosaic_virus\135dcfad-367c-483b-921b-5d24986c471c___PSU_CG 2221.JPG,Tomato__Tomato_mosaic_virus,13,train
D:\Plant-Disease-Detection\PlantVillage\Tomato__Tomato_mosaic_virus\14112644-0ec3-465b-af00-ac2286d8e15f___PSU_CG 2344.JPG,Tomato__Tomato_mosaic_virus,13,test
D:\Plant-Disease-Detection\PlantVillage\Tomato__Tomato_mosaic_virus\146eaf68-7f61-4717-ac81-2f8bb4533fec___PSU_CG 2406.JPG,Tomato__Tomato_mosaic_virus,13,test
D:\Plant-Disease-Detection\PlantVillage\Tomato__Tomato_mosaic_virus\14c21616-aa9e-4d85-8aff-bdf7f4cf3720___PSU_CG 2079.JPG,Tomato__Tomato_mosaic_virus,13,train
D:\Plant-Disease-Detection\PlantVillage\Tomato__Tomato_mosaic_virus\155b3b3a-2eab-4b55-aa3c-bb8d7b53b624___PSU_CG 2302.JPG,Tomato__Tomato_mosaic_virus,13,validation
D:\Plant-Disease-Detection\PlantVillage\Tomato__Tomato_mosaic_virus\1588e951-b57d-47a2-8371-7be3a45fd2cc___PSU_CG 2121.JPG,Tomato__Tomato_mosaic_virus,13,train
D:\Plant-Disease-Detection\PlantVillage\Tomato__Tomato_mosaic_virus\15f1e22a-9c70-4060-a275-fac10c196341___PSU_CG 2118.JPG,Tomato__Tomato_mosaic_virus,13,test
D:\Plant-Disease-Detection\PlantVillage\Tomato__Tomato_mosaic_virus\169a7634-85a7-4096-85a3-4e75de98defe___PSU_CG 2226.JPG,Tomato__Tomato_mosaic_virus,13,train
D:\Plant-Disease-Detection\PlantVillage\Tomato__Tomato_mosaic_virus\16f91dc7-59a2-4cc3-b896-64e28bc60ced___PSU_CG 2108.JPG,Tomato__Tomato_mosaic_virus,13,train
D:\Plant-Disease-Detection\PlantVillage\Tomato__Tomato_mosaic_virus\176ff795-1f59-4248-8374-bf5a88187934___PSU_CG 2160.JPG,Tomato__Tomato_mosaic_virus,13,train
D:\Plant-Disease-Detection\PlantVillage\Tomato__Tomato_mosaic_virus\17964172-e35d-45c6-8273-ae73dfab0cb3___PSU_CG 2074.JPG,Tomato__Tomato_mosaic_virus,13,train
D:\Plant-Disease-Detection\PlantVillage\Tomato__Tomato_mosaic_virus\186fd47c-c1a7-4384-b619-dc3c0c0e9d4b___PSU_CG 2203.JPG,Tomato__Tomato_mosaic_virus,13,train
D:\Plant-Disease-Detection\PlantVillage\Tomato__Tomato_mosaic_virus\1ae794c7-287b-4a16-9cff-2fa11545eb00___PSU_CG 2102.JPG,Tomato__Tomato_mosaic_virus,13,test
D:\Plant-Disease-Detection\PlantVillage\Tomato__Tomato_mosaic_virus\1b9dc07a-40ab-45bc-a873-1ad4212e35a3___PSU_CG 2289.JPG,Tomato__Tomato_mosaic_virus,13,train
D:\Plant-Disease-Detection\PlantVillage\Tomato__Tomato_mosaic_virus\1ccfd473-6b3d-47a9-897b-0653d7683d75___PSU_CG 2163.JPG,Tomato__Tomato_mosaic_virus,13,train
D:\Plant-Disease-Detection\PlantVillage\Tomato__Tomato_mosaic_virus\1cee26b4-0ba1-4371-8c7e-c641e6ca311d___PSU_CG 2283.JPG,Tomato__Tomato_mosaic_virus,13,train
D:\Plant-Disease-Detection\PlantVillage\Tomato__Tomato_mosaic_virus\1d89d788-438c-4cee-9403-6fd8ac9863de___PSU_CG 2254.JPG,Tomato__Tomato_mosaic_virus,13,train
D:\Plant-Disease-Detection\PlantVillage\Tomato__Tomato_mosaic_virus\1f675039-385d-4438-b157-db0c95673580___PSU_CG 2100.JPG,Tomato__Tomato_mosaic_virus,13,train
D:\Plant-Disease-Detection\PlantVillage\Tomato__Tomato_mosaic_virus\20182b2d-dfda-4ef1-89cc-17856e051b00___PSU_CG 2072.JPG,Tomato__Tomato_mosaic_virus,13,train
D:\Plant-Disease-Detection\PlantVillage\Tomato__Tomato_mosaic_virus\20ea80e7-dcdc-4df4-80b0-1c6750effed4___PSU_CG 2281.JPG,Tomato__Tomato_mosaic_virus,13,train
D:\Plant-Disease-Detection\PlantVillage\Tomato__Tomato_mosaic_virus\21fe0741-4ff6-4f8f-8969-6b8bdeea58fa___PSU_CG 2278.JPG,Tomato__Tomato_mosaic_virus,13,test
D:\Plant-Disease-Detection\PlantVillage\Tomato__Tomato_mosaic_virus\227c893f-5a46-4df3-859d-ba3a74e4cb82___PSU_CG 2277.JPG,Tomato__Tomato_mosaic_virus,13,validation
D:\Plant-Disease-Detection\PlantVillage\Tomato__Tomato_mosaic_virus\22a98961-90fb-4ff5-a6db-6313fa61f74b___PSU_CG 2125.JPG,Tomato__Tomato_mosaic_virus,13,test
D:\Plant-Disease-Detection\PlantVillage\Tomato__Tomato_mosaic_virus\2324b02b-1f9d-46a2-82f2-23856019d516___PSU_CG 2382.JPG,Tomato__Tomato_mosaic_virus,13,train
D:\Plant-Disease-Detection\PlantVillage\Tomato__Tomato_mosaic_virus\2370fa79-6f15-4ae5-a3cb-2d585a0043c2___PSU_CG 2178.JPG,Tomato__Tomato_mosaic_virus,13,test
D:\Plant-Disease-Detection\PlantVillage\Tomato__Tomato_mosaic_virus\23987cfe-9866-46ce-b4ec-49ad82ede267___PSU_CG 2224.JPG,Tomato__Tomato_mosaic_virus,13,train
D:\Plant-Disease-Detection\PlantVillage\Tomato__Tomato_mosaic_virus\2474f9d1-c3b6-4ec6-bb65-b5d1dd7021dc___PSU_CG 2201.JPG,Tomato__Tomato_mosaic_virus,13,train
D:\Plant-Disease-Detection\PlantVillage\Tomato__Tomato_mosaic_virus\2480c7f8-eb75-4606-bf92-24f09ac52a37___PSU_CG 2380.JPG,Tomato__Tomato_mosaic_virus,13,train
D:\Plant-Disease-Detection\PlantVillage\Tomato__Tomato_mosaic_virus\25857136-3515-4433-8129-c26f91e94cbe___PSU_CG 2233.JPG,Tomato__Tomato_mosaic_virus,13,validation
D:\Plant-Disease-Detection\PlantVillage\Tomato__Tomato_mosaic_virus\263f99b9-9604-42c3-9a7f-687973b8dc79___PSU_CG 2280.JPG,Tomato__Tomato_mosaic_virus,13,train
D:\Plant-Disease-Detection\PlantVillage\Tomato__Tomato_mosaic_virus\26ea2737-6f69-441b-a5da-7f68ed4e8f5e___PSU_CG 2141.JPG,Tomato__Tomato_mosaic_virus,13,train
D:\Plant-Disease-Detection\PlantVillage\Tomato__Tomato_mosaic_virus\27000177-5a1d-4539-b78d-07a6f9a38089___PSU_CG 2168.JPG,Tomato__Tomato_mosaic_virus,13,train
D:\Plant-Disease-Detection\PlantVillage\Tomato__Tomato_mosaic_virus\271772e3-6aeb-4d46-9233-ad877d12971f___PSU_CG 2317.JPG,Tomato__Tomato_mosaic_virus,13,validation
D:\Plant-Disease-Detection\PlantVillage\Tomato__Tomato_mosaic_virus\274c03c3-c69a-4182-ba3f-d6e93b2dea0b___PSU_CG 2349.JPG,Tomato__Tomato_mosaic_virus,13,test
D:\Plant-Disease-Detection\PlantVillage\Tomato__Tomato_mosaic_virus\2767e072-0e76-4860-abc3-769fb4af3aae___PSU_CG 2257.JPG,Tomato__Tomato_mosaic_virus,13,validation
D:\Plant-Disease-Detection\PlantVillage\Tomato__Tomato_mosaic_virus\27ebc6ca-9094-46c1-9fa7-35432b9adb93___PSU_CG 2310.JPG,Tomato__Tomato_mosaic_virus,13,train
D:\Plant-Disease-Detection\PlantVillage\Tomato__Tomato_mosaic_virus\29bbbfcc-76ef-4506-9c1b-1a749646856e___PSU_CG 2184.JPG,Tomato__Tomato_mosaic_virus,13,train
D:\Plant-Disease-Detection\PlantVillage\Tomato__Tomato_mosaic_virus\2afd76a3-68f8-42cf-a68a-2f3076168dc0___PSU_CG 2260.JPG,Tomato__Tomato_mosaic_virus,13,train
D:\Plant-Disease-Detection\PlantVillage\Tomato__Tomato_mosaic_virus\2bd56a9c-3dec-41f7-ab7a-403670ea0462___PSU_CG 2346.JPG,Tomato__Tomato_mosaic_virus,13,train
D:\Plant-Disease-Detection\PlantVillage\Tomato__Tomato_mosaic_virus\2d053972-2f30-414c-9de9-e37c98e44648___PSU_CG 2104.JPG,Tomato__Tomato_mosaic_virus,13,validation
D:\Plant-Disease-Detection\PlantVillage\Tomato__Tomato_mosaic_virus\2d981dde-7e7f-4486-ae83-cdb9b28c7904___PSU_CG 2258.JPG,Tomato__Tomato_mosaic_virus,13,train
D:\Plant-Disease-Detection\PlantVillage\Tomato__Tomato_mosaic_virus\2df35be7-ba8c-4ff6-a608-f7c481c59ede___PSU_CG 2202.JPG,Tomato__Tomato_mosaic_virus,13,train
D:\Plant-Disease-Detection\PlantVillage\Tomato__Tomato_mosaic_virus\2e03280e-123a-4231-a73a-652c57338137___PSU_CG 2053.JPG,Tomato__Tomato_mosaic_virus,13,test
D:\Plant-Disease-Detection\PlantVillage\Tomato__Tomato_mosaic_virus\2f240e5e-cbb9-406a-98aa-12028411429c___PSU_CG 2123.JPG,Tomato__Tomato_mosaic_virus,13,train
D:\Plant-Disease-Detection\PlantVillage\Tomato__Tomato_mosaic_virus\2f8c596f-15d8-4524-b527-8617329c1819___PSU_CG 2146.JPG,Tomato__Tomato_mosaic_virus,13,train
D:\Plant-Disease-Detection\PlantVillage\Tomato__Tomato_mosaic_virus\2fa22081-5533-4b18-9a8f-671f210db37e___PSU_CG 2092.JPG,Tomato__Tomato_mosaic_virus,13,train
D:\Plant-Disease-Detection\PlantVillage\Tomato__Tomato_mosaic_virus\2ffd2426-1463-48aa-a3bb-622ece568219___PSU_CG 2137.JPG,Tomato__Tomato_mosaic_virus,13,train
D:\Plant-Disease-Detection\PlantVillage\Tomato__Tomato_mosaic_virus\3117475d-3948-45a5-b2c7-630efb8bfab8___PSU_CG 2333.JPG,Tomato__Tomato_mosaic_virus,13,train
D:\Plant-Disease-Detection\PlantVillage\Tomato__Tomato_mosaic_virus\32a6609d-e858-4da0-a153-b59b4de976b7___PSU_CG 2061.JPG,Tomato__Tomato_mosaic_virus,13,train
D:\Plant-Disease-Detection\PlantVillage\Tomato__Tomato_mosaic_virus\33f5422e-7889-4ab4-ab53-93507cc83f78___PSU_CG 2261.JPG,Tomato__Tomato_mosaic_virus,13,train
D:\Plant-Disease-Detection\PlantVillage\Tomato__Tomato_mosaic_virus\3671c4a4-c7dd-40cb-a6a8-02fb84331246___PSU_CG 2383.JPG,Tomato__Tomato_mosaic_virus,13,test
D:\Plant-Disease-Detection\PlantVillage\Tomato__Tomato_mosaic_virus\3790abe5-03cb-4d5c-bfaa-9dcbc64debb2___PSU_CG 2402.JPG,Tomato__Tomato_mosaic_virus,13,train
D:\Plant-Disease-Detection\PlantVillage\Tomato__Tomato_mosaic_virus\382828a4-dbdf-4ddc-a75b-9a6fcc4b600e___PSU_CG 2054.JPG,Tomato__Tomato_mosaic_virus,13,train
D:\Plant-Disease-Detection\PlantVillage\Tomato__Tomato_mosaic_virus\38748c94-80b0-4a2b-b330-61d2619f5913___PSU_CG 2081.JPG,Tomato__Tomato_mosaic_virus,13,train
D:\Plant-Disease-Detection\PlantVillage\Tomato__Tomato_mosaic_virus\388f46e3-32d3-45f3-84fd-12cb06feed12___PSU_CG 2119.JPG,Tomato__Tomato_mosaic_virus,13,train
D:\Plant-Disease-Detection\PlantVillage\Tomato__Tomato_mosaic_virus\3890da39-cc56-47ae-bc49-547565b69dc0___PSU_CG 2248.JPG,Tomato__Tomato_mosaic_virus,13,train
D:\Plant-Disease-Detection\PlantVillage\Tomato__Tomato_mosaic_virus\39dc536a-03ba-4e34-9ade-9618715f4b96___PSU_CG 2106.JPG,Tomato__Tomato_mosaic_virus,13,train
D:\Plant-Disease-Detection\PlantVillage\Tomato__Tomato_mosaic_virus\3a99961c-cc66-44a9-b2c7-4d5a0714e839___PSU_CG 2162.JPG,Tomato__Tomato_mosaic_virus,13,train
D:\Plant-Disease-Detection\PlantVillage\Tomato__Tomato_mosaic_virus\3b0a3f5d-ff2c-4c7b-a8b9-71d8daa6dd4f___PSU_CG 2097.JPG,Tomato__Tomato_mosaic_virus,13,train
D:\Plant-Disease-Detection\PlantVillage\Tomato__Tomato_mosaic_virus\3b990211-ec63-4cb4-a502-ca99b4764dfb___PSU_CG 2126.JPG,Tomato__Tomato_mosaic_virus,13,train
D:\Plant-Disease-Detection\PlantVillage\Tomato__Tomato_mosaic_virus\3cb6ee9b-8550-4216-bde5-814807add4e5___PSU_CG 2395.JPG,Tomato__Tomato_mosaic_virus,13,train
D:\Plant-Disease-Detection\PlantVillage\Tomato__Tomato_mosaic_virus\3d028390-f367-423b-b0f7-a44e2cac2393___PSU_CG 2205.JPG,Tomato__Tomato_mosaic_virus,13,train
D:\Plant-Disease-Detection\PlantVillage\Tomato__Tomato_mosaic_virus\3ecbb7b8-ad66-4944-886e-de2ae2c2c35e___PSU_CG 2095.JPG,Tomato__Tomato_mosaic_virus,13,train
D:\Plant-Disease-Detection\PlantVillage\Tomato__Tomato_mosaic_virus\3f2e59c8-d048-4995-adc0-a9a758044b8d___PSU_CG 2206.JPG,Tomato__Tomato_mosaic_virus,13,train
D:\Plant-Disease-Detection\PlantVillage\Tomato__Tomato_mosaic_virus\40f5f8aa-9bba-4e56-8ec0-8a935309c70f___PSU_CG 2211.JPG,Tomato__Tomato_mosaic_virus,13,train
D:\Plant-Disease-Detection\PlantVillage\Tomato__Tomato_mosaic_virus\4139ab06-a33a-448d-819a-3b6da9784a2d___PSU_CG 2049.JPG,Tomato__Tomato_mosaic_virus,13,train
D:\Plant-Disease-Detection\PlantVillage\Tomato__Tomato_mosaic_virus\42896f16-bf4c-4db1-b488-08d830dff66b___PSU_CG 2341.JPG,Tomato__Tomato_mosaic_virus,13,train
D:\Plant-Disease-Detection\PlantVillage\Tomato__Tomato_mosaic_virus\43f4bccf-0e70-479a-9880-5523f8ffbe9b___PSU_CG 2367.JPG,Tomato__Tomato_mosaic_virus,13,train
D:\Plant-Disease-Detection\PlantVillage\Tomato__Tomato_mosaic_virus\453cf1e5-cfb7-4350-8257-c51a47fb36b8___PSU_CG 2111.JPG,Tomato__Tomato_mosaic_virus,13,train
D:\Plant-Disease-Detection\PlantVillage\Tomato__Tomato_mosaic_virus\4571a1c4-3a67-4437-a5bf-8bc1a2af22e4___PSU_CG 2360.JPG,Tomato__Tomato_mosaic_virus,13,validation
D:\Plant-Disease-Detection\PlantVillage\Tomato__Tomato_mosaic_virus\457f4e02-65b3-4e02-ba87-7f20ab44f89e___PSU_CG 2180.JPG,Tomato__Tomato_mosaic_virus,13,train
D:\Plant-Disease-Detection\PlantVillage\Tomato__Tomato_mosaic_virus\46b3cb66-9265-464f-9b0a-ac23eb72a4a0___PSU_CG 2411.JPG,Tomato__Tomato_mosaic_virus,13,test
D:\Plant-Disease-Detection\PlantVillage\Tomato__Tomato_mosaic_virus\47135ee0-8924-4fa2-b9ef-122d0d3eb629___PSU_CG 2194.JPG,Tomato__Tomato_mosaic_virus,13,train
D:\Plant-Disease-Detection\PlantVillage\Tomato__Tomato_mosaic_virus\49a98ba1-a1b1-4d4b-85af-29aa6648fc64___PSU_CG 2292.JPG,Tomato__Tomato_mosaic_virus,13,train
D:\Plant-Disease-Detection\PlantVillage\Tomato__Tomato_mosaic_virus\4a76c13f-3e28-4849-81ef-4cdd6cdcccf4___PSU_CG 2171.JPG,Tomato__Tomato_mosaic_virus,13,train
D:\Plant-Disease-Detection\PlantVillage\Tomato__Tomato_mosaic_virus\4ab5b752-6622-42f2-8743-fa9c9b03e137___PSU_CG 2120.JPG,Tomato__Tomato_mosaic_virus,13,train
D:\Plant-Disease-Detection\PlantVillage\Tomato__Tomato_mosaic_virus\4ab92098-cb26-40ef-b145-fbd1cdde9bd5___PSU_CG 2392.JPG,Tomato__Tomato_mosaic_virus,13,train
D:\Plant-Disease-Detection\PlantVillage\Tomato__Tomato_mosaic_virus\4c518a8d-6ecc-45c2-b14c-f610a400c950___PSU_CG 2370.JPG,Tomato__Tomato_mosaic_virus,13,train
D:\Plant-Disease-Detection\PlantVillage\Tomato__Tomato_mosaic_virus\4e35d3db-e33d-493d-80f2-6a3fdce77959___PSU_CG 2135.JPG,Tomato__Tomato_mosaic_virus,13,validation
D:\Plant-Disease-Detection\PlantVillage\Tomato__Tomato_mosaic_virus\503c6a57-2af3-48ed-b96f-e2cbf6fb5dd1___PSU_CG 2263.JPG,Tomato__Tomato_mosaic_virus,13,train
D:\Plant-Disease-Detection\PlantVillage\Tomato__Tomato_mosaic_virus\526552ed-aa23-41e6-a79f-05f8fca5162d___PSU_CG 2090.JPG,Tomato__Tomato_mosaic_virus,13,test
D:\Plant-Disease-Detection\PlantVillage\Tomato__Tomato_mosaic_virus\526f2f56-2290-422d-a454-d576aa72d466___PSU_CG 2057.JPG,Tomato__Tomato_mosaic_virus,13,train
D:\Plant-Disease-Detection\PlantVillage\Tomato__Tomato_mosaic_virus\54355f0e-7332-4990-b96e-fbff2637f5b7___PSU_CG 2245.JPG,Tomato__Tomato_mosaic_virus,13,train
D:\Plant-Disease-Detection\PlantVillage\Tomato__Tomato_mosaic_virus\5455c7dd-3208-49aa-b5f7-b1d76ad73959___PSU_CG 2122.JPG,Tomato__Tomato_mosaic_virus,13,train
D:\Plant-Disease-Detection\PlantVillage\Tomato__Tomato_mosaic_virus\55117128-4dcf-4b3a-bde6-9f42a18d4b24___PSU_CG 2377.JPG,Tomato__Tomato_mosaic_virus,13,train
D:\Plant-Disease-Detection\PlantVillage\Tomato__Tomato_mosaic_virus\55e25156-7b0c-43c6-b6f8-37d0b7097a38___PSU_CG 2347.JPG,Tomato__Tomato_mosaic_virus,13,validation
D:\Plant-Disease-Detection\PlantVillage\Tomato__Tomato_mosaic_virus\570486a0-abe0-4046-add9-14aab37de620___PSU_CG 2313.JPG,Tomato__Tomato_mosaic_virus,13,train
D:\Plant-Disease-Detection\PlantVillage\Tomato__Tomato_mosaic_virus\57b10f20-7819-40b1-924c-b484c42c515f___PSU_CG 2356.JPG,Tomato__Tomato_mosaic_virus,13,test
D:\Plant-Disease-Detection\PlantVillage\Tomato__Tomato_mosaic_virus\58ddf6d1-0e20-4c35-944f-d50c922a07d8___PSU_CG 2415.JPG,Tomato__Tomato_mosaic_virus,13,train
D:\Plant-Disease-Detection\PlantVillage\Tomato__Tomato_mosaic_virus\59168647-7103-404e-86b4-2be640a85a98___PSU_CG 2156.JPG,Tomato__Tomato_mosaic_virus,13,train
D:\Plant-Disease-Detection\PlantVillage\Tomato__Tomato_mosaic_virus\597a2eac-2596-4aed-9b6c-0ec234998ed8___PSU_CG 2210.JPG,Tomato__Tomato_mosaic_virus,13,test
D:\Plant-Disease-Detection\PlantVillage\Tomato__Tomato_mosaic_virus\597f8dc8-681f-49a8-8985-4ba5b181b53a___PSU_CG 2193.JPG,Tomato__Tomato_mosaic_virus,13,validation
D:\Plant-Disease-Detection\PlantVillage\Tomato__Tomato_mosaic_virus\59e3d4c3-f6fe-4d68-82a5-d509b810b39d___PSU_CG 2303.JPG,Tomato__Tomato_mosaic_virus,13,train
D:\Plant-Disease-Detection\PlantVillage\Tomato__Tomato_mosaic_virus\59f9754c-2d49-4a74-ba11-4f9a017c8348___PSU_CG 2200.JPG,Tomato__Tomato_mosaic_virus,13,validation
D:\Plant-Disease-Detection\PlantVillage\Tomato__Tomato_mosaic_virus\59fd6a1e-ee07-415b-a588-50f110301021___PSU_CG 2088.JPG,Tomato__Tomato_mosaic_virus,13,test
D:\Plant-Disease-Detection\PlantVillage\Tomato__Tomato_mosaic_virus\5a006502-4484-463c-8ed3-48d61e803520___PSU_CG 2388.JPG,Tomato__Tomato_mosaic_virus,13,validation
D:\Plant-Disease-Detection\PlantVillage\Tomato__Tomato_mosaic_virus\5ab64087-b61c-48b9-9db7-5c6ce3eeefcd___PSU_CG 2299.JPG,Tomato__Tomato_mosaic_virus,13,train
D:\Plant-Disease-Detection\PlantVillage\Tomato__Tomato_mosaic_virus\5b09c1a9-f5ca-4c26-a627-a6ac6b2045cb___PSU_CG 2247.JPG,Tomato__Tomato_mosaic_virus,13,train
D:\Plant-Disease-Detection\PlantVillage\Tomato__Tomato_mosaic_virus\5b9b782e-cabd-447c-b690-4b8a29bf7f7e___PSU_CG 2231.JPG,Tomato__Tomato_mosaic_virus,13,train
D:\Plant-Disease-Detection\PlantVillage\Tomato__Tomato_mosaic_virus\5c049070-cf7f-4508-8e61-c5efb64bca3c___PSU_CG 2326.JPG,Tomato__Tomato_mosaic_virus,13,train
D:\Plant-Disease-Detection\PlantVillage\Tomato__Tomato_mosaic_virus\5c49d086-dc47-480e-b5b1-0b69bacb66bf___PSU_CG 2241.JPG,Tomato__Tomato_mosaic_virus,13,train
D:\Plant-Disease-Detection\PlantVillage\Tomato__Tomato_mosaic_virus\5d3eb639-b75e-4929-9a6a-4b89856b2345___PSU_CG 2273.JPG,Tomato__Tomato_mosaic_virus,13,train
D:\Plant-Disease-Detection\PlantVillage\Tomato__Tomato_mosaic_virus\5d5ee5fc-35e3-4be9-980e-111679ec95b3___PSU_CG 2170.JPG,Tomato__Tomato_mosaic_virus,13,test
D:\Plant-Disease-Detection\PlantVillage\Tomato__Tomato_mosaic_virus\5e990ddc-28f3-4624-8498-28f3b10111fd___PSU_CG 2182.JPG,Tomato__Tomato_mosaic_virus,13,test
D:\Plant-Disease-Detection\PlantVillage\Tomato__Tomato_mosaic_virus\5ecb9930-250d-4fac-9547-e3b5142eec46___PSU_CG 2164.JPG,Tomato__Tomato_mosaic_virus,13,train
D:\Plant-Disease-Detection\PlantVillage\Tomato__Tomato_mosaic_virus\5f45109b-365d-47f2-9921-07e576ac9a93___PSU_CG 2314.JPG,Tomato__Tomato_mosaic_virus,13,train
D:\Plant-Disease-Detection\PlantVillage\Tomato__Tomato_mosaic_virus\5f6523e1-d5f2-44d9-a4a3-ae4a72a8a6cd___PSU_CG 2237.JPG,Tomato__Tomato_mosaic_virus,13,train
D:\Plant-Disease-Detection\PlantVillage\Tomato__Tomato_mosaic_virus\5fe42ce9-0173-49ba-9cd5-9c4fb3f24883___PSU_CG 2351.JPG,Tomato__Tomato_mosaic_virus,13,train
D:\Plant-Disease-Detection\PlantVillage\Tomato__Tomato_mosaic_virus\6065503d-0803-4697-90f7-8c7db1ee28ab___PSU_CG 2227.JPG,Tomato__Tomato_mosaic_virus,13,validation
D:\Plant-Disease-Detection\PlantVillage\Tomato__Tomato_mosaic_virus\62416312-84be-45de-98ad-4df14365e38e___PSU_CG 2058.JPG,Tomato__Tomato_mosaic_virus,13,train
D:\Plant-Disease-Detection\PlantVillage\Tomato__Tomato_mosaic_virus\629e19d4-c6f5-457f-9e17-80a1e77140fe___PSU_CG 2129.JPG,Tomato__Tomato_mosaic_virus,13,train
D:\Plant-Disease-Detection\PlantVillage\Tomato__Tomato_mosaic_virus\6374877d-fcc6-4a2a-97de-e4d0c157ffae___PSU_CG 2068.JPG,Tomato__Tomato_mosaic_virus,13,validation
D:\Plant-Disease-Detection\PlantVillage\Tomato__Tomato_mosaic_virus\65226438-efaa-4bf4-91e7-e459e3528565___PSU_CG 2143.JPG,Tomato__Tomato_mosaic_virus,13,test
D:\Plant-Disease-Detection\PlantVillage\Tomato__Tomato_mosaic_virus\656459eb-a35c-426b-8ee9-45d4a4076b5b___PSU_CG 2228.JPG,Tomato__Tomato_mosaic_virus,13,train
D:\Plant-Disease-Detection\PlantVillage\Tomato__Tomato_mosaic_virus\658e96ee-271d-442b-876e-a52970ff540f___PSU_CG 2269.JPG,Tomato__Tomato_mosaic_virus,13,validation
D:\Plant-Disease-Detection\PlantVillage\Tomato__Tomato_mosaic_virus\65d7e8ff-9197-4211-a1b7-850c3a74f740___PSU_CG 2073.JPG,Tomato__Tomato_mosaic_virus,13,train
D:\Plant-Disease-Detection\PlantVillage\Tomato__Tomato_mosaic_virus\66778ba1-eb89-4597-913a-71c68eb0251e___PSU_CG 2274.JPG,Tomato__Tomato_mosaic_virus,13,train
D:\Plant-Disease-Detection\PlantVillage\Tomato__Tomato_mosaic_virus\67076009-be77-4b3f-8de7-bc6f13df64f4___PSU_CG 2209.JPG,Tomato__Tomato_mosaic_virus,13,train
D:\Plant-Disease-Detection\PlantVillage\Tomato__Tomato_mosaic_virus\67662638-1bfa-4ff6-8305-2d8544277ef0___PSU_CG 2222.JPG,Tomato__Tomato_mosaic_virus,13,train
D:\Plant-Disease-Detection\PlantVillage\Tomato__Tomato_mosaic_virus\67c65196-795d-4df0-bbd8-0c18af1028c1___PSU_CG 2387.JPG,Tomato__Tomato_mosaic_virus,13,validation
D:\Plant-Disease-Detection\PlantVillage\Tomato__Tomato_mosaic_virus\67ccd0d2-9b55-48a7-b093-a616d9c57845___PSU_CG 2307.JPG,Tomato__Tomato_mosaic_virus,13,train
D:\Plant-Disease-Detection\PlantVillage\Tomato__Tomato_mosaic_virus\67d62cc2-ac5e-4ad7-91a0-c097163df653___PSU_CG 2048.JPG,Tomato__Tomato_mosaic_virus,13,train
D:\Plant-Disease-Detection\PlantVillage\Tomato__Tomato_mosaic_virus\6804695f-56f8-4ff9-90f8-69ee95097463___PSU_CG 2067.JPG,Tomato__Tomato_mosaic_virus,13,train
D:\Plant-Disease-Detection\PlantVillage\Tomato__Tomato_mosaic_virus\6881c9a5-04b2-41c3-b29f-1ca04bd73967___PSU_CG 2390.JPG,Tomato__Tomato_mosaic_virus,13,train
D:\Plant-Disease-Detection\PlantVillage\Tomato__Tomato_mosaic_virus\696758e5-0f10-4599-b596-e9e7566c4791___PSU_CG 2062.JPG,Tomato__Tomato_mosaic_virus,13,train
D:\Plant-Disease-Detection\PlantVillage\Tomato__Tomato_mosaic_virus\69726f1b-4d1c-4647-aef2-090e57246501___PSU_CG 2131.JPG,Tomato__Tomato_mosaic_virus,13,validation
D:\Plant-Disease-Detection\PlantVillage\Tomato__Tomato_mosaic_virus\69bad8a8-c403-4e4b-bff8-1026169bb582___PSU_CG 2109.JPG,Tomato__Tomato_mosaic_virus,13,validation
D:\Plant-Disease-Detection\PlantVillage\Tomato__Tomato_mosaic_virus\69d3740b-5aba-47e2-ae2f-46541333c3a5___PSU_CG 2420.JPG,Tomato__Tomato_mosaic_virus,13,train
D:\Plant-Disease-Detection\PlantVillage\Tomato__Tomato_mosaic_virus\6a2c0438-3207-4998-893a-02ddb3a26081___PSU_CG 2294.JPG,Tomato__Tomato_mosaic_virus,13,train
D:\Plant-Disease-Detection\PlantVillage\Tomato__Tomato_mosaic_virus\6b15d0fc-1089-4f54-955a-0d1ebbf0ab30___PSU_CG 2364.JPG,Tomato__Tomato_mosaic_virus,13,validation
D:\Plant-Disease-Detection\PlantVillage\Tomato__Tomato_mosaic_virus\6b5eed43-832e-4cca-97eb-534b65635d14___PSU_CG 2050.JPG,Tomato__Tomato_mosaic_virus,13,validation
D:\Plant-Disease-Detection\PlantVillage\Tomato__Tomato_mosaic_virus\6c3a09c7-04b2-4c0d-bbe0-bf55ea2e5472___PSU_CG 2195.JPG,Tomato__Tomato_mosaic_virus,13,validation
D:\Plant-Disease-Detection\PlantVillage\Tomato__Tomato_mosaic_virus\6c468dae-d392-4435-8d2f-adcadf0425b8___PSU_CG 2276.JPG,Tomato__Tomato_mosaic_virus,13,train
D:\Plant-Disease-Detection\PlantVillage\Tomato__Tomato_mosaic_virus\6ddf37fe-9143-420d-a269-c57f53ac5429___PSU_CG 2213.JPG,Tomato__Tomato_mosaic_virus,13,train
D:\Plant-Disease-Detection\PlantVillage\Tomato__Tomato_mosaic_virus\6e36029a-1c73-49e6-80b9-5e5cf12f43c1___PSU_CG 2217.JPG,Tomato__Tomato_mosaic_virus,13,train
D:\Plant-Disease-Detection\PlantVillage\Tomato__Tomato_mosaic_virus\6e67c953-5934-439c-8303-e1762793a36a___PSU_CG 2181.JPG,Tomato__Tomato_mosaic_virus,13,train
D:\Plant-Disease-Detection\PlantVillage\Tomato__Tomato_mosaic_virus\6e8fac68-5902-4a78-a5c1-05c1c9dd006f___PSU_CG 2343.JPG,Tomato__Tomato_mosaic_virus,13,validation
D:\Plant-Disease-Detection\PlantVillage\Tomato__Tomato_mosaic_virus\6ebb483a-d1b6-4d7d-aad1-e717c2a36167___PSU_CG 2286.JPG,Tomato__Tomato_mosaic_virus,13,train
D:\Plant-Disease-Detection\PlantVillage\Tomato__Tomato_mosaic_virus\6f020ba1-d1a7-41f4-95da-4ca61471b2e6___PSU_CG 2059.JPG,Tomato__Tomato_mosaic_virus,13,train
D:\Plant-Disease-Detection\PlantVillage\Tomato__Tomato_mosaic_virus\6f341314-6084-4784-a3ba-0a9bdc944366___PSU_CG 2372.JPG,Tomato__Tomato_mosaic_virus,13,train
D:\Plant-Disease-Detection\PlantVillage\Tomato__Tomato_mosaic_virus\71aa5741-6923-4593-9a23-bc7f58dc40b2___PSU_CG 2183.JPG,Tomato__Tomato_mosaic_virus,13,test
D:\Plant-Disease-Detection\PlantVillage\Tomato__Tomato_mosaic_virus\71ed39c0-f601-4913-aaf0-7719b3cc75b2___PSU_CG 2152.JPG,Tomato__Tomato_mosaic_virus,13,train
D:\Plant-Disease-Detection\PlantVillage\Tomato__Tomato_mosaic_virus\72124620-ccfa-40d7-a518-a0257def7afc___PSU_CG 2335.JPG,Tomato__Tomato_mosaic_virus,13,train
D:\Plant-Disease-Detection\PlantVillage\Tomato__Tomato_mosaic_virus\7395917b-a4d4-4156-9bd8-55b4a4dc5022___PSU_CG 2207.JPG,Tomato__Tomato_mosaic_virus,13,train
D:\Plant-Disease-Detection\PlantVillage\Tomato__Tomato_mosaic_virus\739ccd84-1026-4871-8f5c-2320c205fe2e___PSU_CG 2399.JPG,Tomato__Tomato_mosaic_virus,13,train
D:\Plant-Disease-Detection\PlantVillage\Tomato__Tomato_mosaic_virus\73be89b4-f57a-4230-a0e4-4a0f50230fc7___PSU_CG 2142.JPG,Tomato__Tomato_mosaic_virus,13,train
D:\Plant-Disease-Detection\PlantVillage\Tomato__Tomato_mosaic_virus\73c3945a-ec2b-4e6e-ad9d-0ad6193d7136___PSU_CG 2375.JPG,Tomato__Tomato_mosaic_virus,13,train
D:\Plant-Disease-Detection\PlantVillage\Tomato__Tomato_mosaic_virus\73d4d7e9-6565-468f-83f4-ce0652c23577___PSU_CG 2316.JPG,Tomato__Tomato_mosaic_virus,13,train
D:\Plant-Disease-Detection\PlantVillage\Tomato__Tomato_mosaic_virus\7569fab7-ac19-4ac4-a01b-b77a4abb0c29___PSU_CG 2350.JPG,Tomato__Tomato_mosaic_virus,13,validation
D:\Plant-Disease-Detection\PlantVillage\Tomato__Tomato_mosaic_virus\75c566a5-8c20-4294-8138-4f06a3c2df7c___PSU_CG 2158.JPG,Tomato__Tomato_mosaic_virus,13,train
D:\Plant-Disease-Detection\PlantVillage\Tomato__Tomato_mosaic_virus\763335af-2beb-4331-b2e5-3f61a4b0b914___PSU_CG 2365.JPG,Tomato__Tomato_mosaic_virus,13,train
D:\Plant-Disease-Detection\PlantVillage\Tomato__Tomato_mosaic_virus\76a40b12-a909-483a-853e-f548c569be2e___PSU_CG 2189.JPG,Tomato__Tomato_mosaic_virus,13,test
D:\Plant-Disease-Detection\PlantVillage\Tomato__Tomato_mosaic_virus\76d665fa-6aec-4c47-adac-069107b3cf46___PSU_CG 2268.JPG,Tomato__Tomato_mosaic_virus,13,train
D:\Plant-Disease-Detection\PlantVillage\Tomato__Tomato_mosaic_virus\78c968a3-8083-4924-b351-3f36569cf33a___PSU_CG 2214.JPG,Tomato__Tomato_mosaic_virus,13,train
D:\Plant-Disease-Detection\PlantVillage\Tomato__Tomato_mosaic_virus\79894594-feb4-46ca-830c-5f1cf5b11063___PSU_CG 2063.JPG,Tomato__Tomato_mosaic_virus,13,train
D:\Plant-Disease-Detection\PlantVillage\Tomato__Tomato_mosaic_virus\79bc1836-99f1-48ac-a05c-3113b59b1a3d___PSU_CG 2172.JPG,Tomato__Tomato_mosaic_virus,13,test
D:\Plant-Disease-Detection\PlantVillage\Tomato__Tomato_mosaic_virus\79f7f0e7-f4c8-4cf4-9c5d-2c4c4675fc04___PSU_CG 2147.JPG,Tomato__Tomato_mosaic_virus,13,train
D:\Plant-Disease-Detection\PlantVillage\Tomato__Tomato_mosaic_virus\7a6e4837-d63d-465a-abae-ef857bf43e2d___PSU_CG 2117.JPG,Tomato__Tomato_mosaic_virus,13,train
D:\Plant-Disease-Detection\PlantVillage\Tomato__Tomato_mosaic_virus\7b505f19-468f-49f1-be42-662529f6787a___PSU_CG 2166.JPG,Tomato__Tomato_mosaic_virus,13,test
D:\Plant-Disease-Detection\PlantVillage\Tomato__Tomato_mosaic_virus\7c9939ff-c133-460f-a883-26ecb38aa594___PSU_CG 2340.JPG,Tomato__Tomato_mosaic_virus,13,train
D:\Plant-Disease-Detection\PlantVillage\Tomato__Tomato_mosaic_virus\7d35f41d-27d1-4ff8-8527-54ca210a47b5___PSU_CG 2359.JPG,Tomato__Tomato_mosaic_virus,13,train
D:\Plant-Disease-Detection\PlantVillage\Tomato__Tomato_mosaic_virus\7d688270-b9e9-41fb-a22a-6af2f6285b46___PSU_CG 2091.JPG,Tomato__Tomato_mosaic_virus,13,validation
D:\Plant-Disease-Detection\PlantVillage\Tomato__Tomato_mosaic_virus\7d961b54-7557-4800-ae6a-00b6945f99c0___PSU_CG 2293.JPG,Tomato__Tomato_mosaic_virus,13,validation
D:\Plant-Disease-Detection\PlantVillage\Tomato__Tomato_mosaic_virus\7db0dde8-3597-4a71-8fc1-cc6bc1dd89c4___PSU_CG 2196.JPG,Tomato__Tomato_mosaic_virus,13,train
D:\Plant-Disease-Detection\PlantVillage\Tomato__Tomato_mosaic_virus\7dd798aa-f748-4ac3-9f6d-d4ced4a27403___PSU_CG 2374.JPG,Tomato__Tomato_mosaic_virus,13,train
D:\Plant-Disease-Detection\PlantVillage\Tomato__Tomato_mosaic_virus\7ddb3878-8899-42bd-8ec1-5ee012f30cf2___PSU_CG 2188.JPG,Tomato__Tomato_mosaic_virus,13,train
D:\Plant-Disease-Detection\PlantVillage\Tomato__Tomato_mosaic_virus\7e30ae4f-05e2-4806-ad63-c86fb601d445___PSU_CG 2412.JPG,Tomato__Tomato_mosaic_virus,13,train
D:\Plant-Disease-Detection\PlantVillage\Tomato__Tomato_mosaic_virus\802d3f0c-8f4d-43ec-8bc9-c8bb43c2f8c2___PSU_CG 2354.JPG,Tomato__Tomato_mosaic_virus,13,train
D:\Plant-Disease-Detection\PlantVillage\Tomato__Tomato_mosaic_virus\82a23930-4324-4d3e-b599-9861796f01db___PSU_CG 2366.JPG,Tomato__Tomato_mosaic_virus,13,test
D:\Plant-Disease-Detection\PlantVillage\Tomato__Tomato_mosaic_virus\830ed62d-ec4b-4df9-97fe-fddf36d7c3cb___PSU_CG 2301.JPG,Tomato__Tomato_mosaic_virus,13,train
D:\Plant-Disease-Detection\PlantVillage\Tomato__Tomato_mosaic_virus\847307bc-58ab-45fc-8001-f1e07a38bc82___PSU_CG 2065.JPG,Tomato__Tomato_mosaic_virus,13,train
D:\Plant-Disease-Detection\PlantVillage\Tomato__Tomato_mosaic_virus\860780b3-9c8b-4f90-9010-ac255e953784___PSU_CG 2150.JPG,Tomato__Tomato_mosaic_virus,13,test
D:\Plant-Disease-Detection\PlantVillage\Tomato__Tomato_mosaic_virus\86965ac5-b790-4218-a3c6-216d10da5211___PSU_CG 2066.JPG,Tomato__Tomato_mosaic_virus,13,train
D:\Plant-Disease-Detection\PlantVillage\Tomato__Tomato_mosaic_virus\875b2d3c-44cd-440c-8807-8f52b1e7d45a___PSU_CG 2318.JPG,Tomato__Tomato_mosaic_virus,13,test
D:\Plant-Disease-Detection\PlantVillage\Tomato__Tomato_mosaic_virus\897f830b-569c-46e0-8c27-1b82504ae77f___PSU_CG 2113.JPG,Tomato__Tomato_mosaic_virus,13,train
D:\Plant-Disease-Detection\PlantVillage\Tomato__Tomato_mosaic_virus\89bc4fcf-1c6c-4285-84b5-564fd657e150___PSU_CG 2419.JPG,Tomato__Tomato_mosaic_virus,13,train
D:\Plant-Disease-Detection\PlantVillage\Tomato__Tomato_mosaic_virus\8a000704-8eda-40bd-b07d-d04634d4fe72___PSU_CG 2238.JPG,Tomato__Tomato_mosaic_virus,13,train
D:\Plant-Disease-Detection\PlantVillage\Tomato__Tomato_mosaic_virus\8a01c89e-3a9f-465a-ac47-79cc99f5ffaa___PSU_CG 2329.JPG,Tomato__Tomato_mosaic_virus,13,train
D:\Plant-Disease-Detection\PlantVillage\Tomato__Tomato_mosaic_virus\8a398af5-59cc-4d7e-9de9-07c5a5bb2cf3___PSU_CG 2116.JPG,Tomato__Tomato_mosaic_virus,13,train
D:\Plant-Disease-Detection\PlantVillage\Tomato__Tomato_mosaic_virus\8af472ce-108f-4478-807f-cdf8f4cbdceb___PSU_CG 2218.JPG,Tomato__Tomato_mosaic_virus,13,train
D:\Plant-Disease-Detection\PlantVillage\Tomato__Tomato_mosaic_virus\8b43c3f3-73ae-47bc-a620-079ebeeb10a4___PSU_CG 2094.JPG,Tomato__Tomato_mosaic_virus,13,train
D:\Plant-Disease-Detection\PlantVillage\Tomato__Tomato_mosaic_virus\8b75624a-5775-4d44-a2e0-62243632b4a9___PSU_CG 2279.JPG,Tomato__Tomato_mosaic_virus,13,validation
D:\Plant-Disease-Detection\PlantVillage\Tomato__Tomato_mosaic_virus\8babd25a-f124-4d1f-a57a-5db347b34f0d___PSU_CG 2355.JPG,Tomato__Tomato_mosaic_virus,13,validation
D:\Plant-Disease-Detection\PlantVillage\Tomato__Tomato_mosaic_virus\8bfa3082-1cd3-4520-b8cc-2fae871dbc55___PSU_CG 2239.JPG,Tomato__Tomato_mosaic_virus,13,train
D:\Plant-Disease-Detection\PlantVillage\Tomato__Tomato_mosaic_virus\8d37ec47-c16b-4d56-a19e-0cf49690a30a___PSU_CG 2197.JPG,Tomato__Tomato_mosaic_virus,13,train
D:\Plant-Disease-Detection\PlantVillage\Tomato__Tomato_mosaic_virus\8e59061b-3802-4297-8724-a001efb95268___PSU_CG 2064.JPG,Tomato__Tomato_mosaic_virus,13,test
D:\Plant-Disease-Detection\PlantVillage\Tomato__Tomato_mosaic_virus\91247151-4bae-4d55-a35c-edb9318bdb09___PSU_CG 2139.JPG,Tomato__Tomato_mosaic_virus,13,train
D:\Plant-Disease-Detection\PlantVillage\Tomato__Tomato_mosaic_virus\914cd3f1-e98f-49b3-8223-0a55870362b0___PSU_CG 2259.JPG,Tomato__Tomato_mosaic_virus,13,train
D:\Plant-Disease-Detection\PlantVillage\Tomato__Tomato_mosaic_virus\9155ae3a-ecb2-4744-b60b-60f96f4e3ba8___PSU_CG 2191.JPG,Tomato__Tomato_mosaic_virus,13,validation
D:\Plant-Disease-Detection\PlantVillage\Tomato__Tomato_mosaic_virus\932959d9-826b-465f-82d7-8b419d2ad040___PSU_CG 2187.JPG,Tomato__Tomato_mosaic_virus,13,validation
D:\Plant-Disease-Detection\PlantVillage\Tomato__Tomato_mosaic_virus\9492201b-e31b-463f-9ffc-1669b8afc908___PSU_CG 2409.JPG,Tomato__Tomato_mosaic_virus,13,train
D:\Plant-Disease-Detection\PlantVillage\Tomato__Tomato_mosaic_virus\94cfe1f8-8f00-48a1-abd2-6a4f8e2a4c55___PSU_CG 2077.JPG,Tomato__Tomato_mosaic_virus,13,train
D:\Plant-Disease-Detection\PlantVillage\Tomato__Tomato_mosaic_virus\9563b3bb-b942-4d32-9582-0b4021aaf116___PSU_CG 2229.JPG,Tomato__Tomato_mosaic_virus,13,train
D:\Plant-Disease-Detection\PlantVillage\Tomato__Tomato_mosaic_virus\9586aed6-53c5-4245-8994-a60ac12e422c___PSU_CG 2361.JPG,Tomato__Tomato_mosaic_virus,13,train
D:\Plant-Disease-Detection\PlantVillage\Tomato__Tomato_mosaic_virus\96c9cc98-5faf-49ad-826b-11f3ecd64577___PSU_CG 2161.JPG,Tomato__Tomato_mosaic_virus,13,train
D:\Plant-Disease-Detection\PlantVillage\Tomato__Tomato_mosaic_virus\97465c93-52c3-4df9-a820-de9ae6f4d03e___PSU_CG 2232.JPG,Tomato__Tomato_mosaic_virus,13,train
D:\Plant-Disease-Detection\PlantVillage\Tomato__Tomato_mosaic_virus\9752941a-c045-41ef-aa87-55bc29011096___PSU_CG 2138.JPG,Tomato__Tomato_mosaic_virus,13,train
D:\Plant-Disease-Detection\PlantVillage\Tomato__Tomato_mosaic_virus\97aa541d-9ac5-4933-8977-2bd64094ad38___PSU_CG 2070.JPG,Tomato__Tomato_mosaic_virus,13,train
D:\Plant-Disease-Detection\PlantVillage\Tomato__Tomato_mosaic_virus\983cd485-5bc8-46a0-94cc-26c522228508___PSU_CG 2397.JPG,Tomato__Tomato_mosaic_virus,13,validation
D:\Plant-Disease-Detection\PlantVillage\Tomato__Tomato_mosaic_virus\9876590b-d8fd-48b0-9b48-c8ed707db6f8___PSU_CG 2127.JPG,Tomato__Tomato_mosaic_virus,13,validation
D:\Plant-Disease-Detection\PlantVillage\Tomato__Tomato_mosaic_virus\9916341f-9dd9-498f-b553-476d9f2d722e___PSU_CG 2087.JPG,Tomato__Tomato_mosaic_virus,13,train
D:\Plant-Disease-Detection\PlantVillage\Tomato__Tomato_mosaic_virus\99879471-2f23-494a-be42-a5817fabde96___PSU_CG 2381.JPG,Tomato__Tomato_mosaic_virus,13,validation
D:\Plant-Disease-Detection\PlantVillage\Tomato__Tomato_mosaic_virus\99a4b1cb-e55a-4954-a7c5-ebb0cc57ed2a___PSU_CG 2096.JPG,Tomato__Tomato_mosaic_virus,13,train
D:\Plant-Disease-Detection\PlantVillage\Tomato__Tomato_mosaic_virus\99e849b4-3c38-4a96-ba96-14a133861e06___PSU_CG 2151.JPG,Tomato__Tomato_mosaic_virus,13,train
D:\Plant-Disease-Detection\PlantVillage\Tomato__Tomato_mosaic_virus\9a3941e6-32bc-4417-862b-2f03e4040b65___PSU_CG 2159.JPG,Tomato__Tomato_mosaic_virus,13,train
D:\Plant-Disease-Detection\PlantVillage\Tomato__Tomato_mosaic_virus\9a3a36e0-b0eb-4844-84f5-db08e2d9adef___PSU_CG 2300.JPG,Tomato__Tomato_mosaic_virus,13,train
D:\Plant-Disease-Detection\PlantVillage\Tomato__Tomato_mosaic_virus\9c96bbe3-5599-4e31-996f-ae37d75872f5___PSU_CG 2215.JPG,Tomato__Tomato_mosaic_virus,13,train
D:\Plant-Disease-Detection\PlantVillage\Tomato__Tomato_mosaic_virus\9ec78399-de3a-4431-a5fc-e100406c5642___PSU_CG 2275.JPG,Tomato__Tomato_mosaic_virus,13,train
D:\Plant-Disease-Detection\PlantVillage\Tomato__Tomato_mosaic_virus\9ef0e7b7-ce38-4829-aad9-23b954a26000___PSU_CG 2324.JPG,Tomato__Tomato_mosaic_virus,13,train
D:\Plant-Disease-Detection\PlantVillage\Tomato__Tomato_mosaic_virus\9fb02b86-77fe-450a-a85e-276cf7d1c1fb___PSU_CG 2376.JPG,Tomato__Tomato_mosaic_virus,13,train
D:\Plant-Disease-Detection\PlantVillage\Tomato__Tomato_mosaic_virus\a03ed170-8835-4339-9d11-ab36c11c4b5a___PSU_CG 2394.JPG,Tomato__Tomato_mosaic_virus,13,train
D:\Plant-Disease-Detection\PlantVillage\Tomato__Tomato_mosaic_virus\a0966902-32cd-469a-bf55-9fc7f4761107___PSU_CG 2322.JPG,Tomato__Tomato_mosaic_virus,13,test
D:\Plant-Disease-Detection\PlantVillage\Tomato__Tomato_mosaic_virus\a142b58c-1713-4e17-a68c-96eaf4b5ae23___PSU_CG 2219.JPG,Tomato__Tomato_mosaic_virus,13,train
D:\Plant-Disease-Detection\PlantVillage\Tomato__Tomato_mosaic_virus\a2bc1805-22f6-48a3-8718-cd2b0ed9eb16___PSU_CG 2225.JPG,Tomato__Tomato_mosaic_virus,13,train
D:\Plant-Disease-Detection\PlantVillage\Tomato__Tomato_mosaic_virus\a374c412-e665-4f38-9e73-49a70fb18b1c___PSU_CG 2378.JPG,Tomato__Tomato_mosaic_virus,13,train
D:\Plant-Disease-Detection\PlantVillage\Tomato__Tomato_mosaic_virus\a3bfb1c8-d60a-4894-adf8-297035279f47___PSU_CG 2306.JPG,Tomato__Tomato_mosaic_virus,13,train
D:\Plant-Disease-Detection\PlantVillage\Tomato__Tomato_mosaic_virus\a3f05d12-0e65-4f04-8f7d-5299124eb392___PSU_CG 2204.JPG,Tomato__Tomato_mosaic_virus,13,validation
D:\Plant-Disease-Detection\PlantVillage\Tomato__Tomato_mosaic_virus\a409fdf6-263d-4160-b007-52e531010def___PSU_CG 2291.JPG,Tomato__Tomato_mosaic_virus,13,train
D:\Plant-Disease-Detection\PlantVillage\Tomato__Tomato_mosaic_virus\a4453e9a-4ede-4377-be38-fd77e9bf16f0___PSU_CG 2308.JPG,Tomato__Tomato_mosaic_virus,13,train
D:\Plant-Disease-Detection\PlantVillage\Tomato__Tomato_mosaic_virus\a4917ff1-44a6-4f13-bb49-9368acb3a7e9___PSU_CG 2069.JPG,Tomato__Tomato_mosaic_virus,13,train
D:\Plant-Disease-Detection\PlantVillage\Tomato__Tomato_mosaic_virus\a5bc7391-adbd-4d94-89b0-e3aeb7ba81b9___PSU_CG 2368.JPG,Tomato__Tomato_mosaic_virus,13,train
D:\Plant-Disease-Detection\PlantVillage\Tomato__Tomato_mosaic_virus\a72414b0-f520-4044-abeb-cd09c28b4a9f___PSU_CG 2267.JPG,Tomato__Tomato_mosaic_virus,13,train
D:\Plant-Disease-Detection\PlantVillage\Tomato__Tomato_mosaic_virus\a75c61c4-b765-42a1-9896-7937b15ed996___PSU_CG 2051.JPG,Tomato__Tomato_mosaic_virus,13,train
D:\Plant-Disease-Detection\PlantVillage\Tomato__Tomato_mosaic_virus\a7c7e844-1b1f-4aaf-aa23-abd2bce9f5fc___PSU_CG 2244.JPG,Tomato__Tomato_mosaic_virus,13,train
D:\Plant-Disease-Detection\PlantVillage\Tomato__Tomato_mosaic_virus\aab31aa2-ac8f-46a1-9b9b-7b728a776e8d___PSU_CG 2250.JPG,Tomato__Tomato_mosaic_virus,13,test
D:\Plant-Disease-Detection\PlantVillage\Tomato__Tomato_mosaic_virus\adb470b2-bae7-4386-bbc2-cda168dd69e2___PSU_CG 2315.JPG,Tomato__Tomato_mosaic_virus,13,train
D:\Plant-Disease-Detection\PlantVillage\Tomato__Tomato_mosaic_virus\c5132603-ce86-45c0-b9f9-d35c07f4057f___PSU_CG 2256.JPG,Tomato__Tomato_mosaic_virus,13,test
D:\Plant-Disease-Detection\PlantVillage\Tomato__Tomato_mosaic_virus\c668017b-5c87-4f2e-90ab-021b81f48b1b___PSU_CG 2272.JPG,Tomato__Tomato_mosaic_virus,13,validation
D:\Plant-Disease-Detection\PlantVillage\Tomato__Tomato_mosaic_virus\ca62b320-b16a-4c41-aae6-0b9492c499f6___PSU_CG 2165.JPG,Tomato__Tomato_mosaic_virus,13,train
D:\Plant-Disease-Detection\PlantVillage\Tomato__Tomato_mosaic_virus\cc8059de-bae3-4ace-b6a5-f12a07fef342___PSU_CG 2410.JPG,Tomato__Tomato_mosaic_virus,13,train
D:\Plant-Disease-Detection\PlantVillage\Tomato__Tomato_mosaic_virus\ccbfedd0-e8d7-4f09-aa7b-98213e408c39___PSU_CG 2216.JPG,Tomato__Tomato_mosaic_virus,13,train
D:\Plant-Disease-Detection\PlantVillage\Tomato__Tomato_mosaic_virus\cd8dc897-42ed-494e-8079-53d625d925e0___PSU_CG 2311.JPG,Tomato__Tomato_mosaic_virus,13,test
D:\Plant-Disease-Detection\PlantVillage\Tomato__Tomato_mosaic_virus\cfd8a28f-7af7-4102-b848-0b6d1b2c60e4___PSU_CG 2404.JPG,Tomato__Tomato_mosaic_virus,13,test
D:\Plant-Disease-Detection\PlantVillage\Tomato__Tomato_mosaic_virus\d0c853a7-0f78-4c80-b2d4-74a84adb1d91___PSU_CG 2153.JPG,Tomato__Tomato_mosaic_virus,13,train
D:\Plant-Disease-Detection\PlantVillage\Tomato__Tomato_mosaic_virus\d330d4c1-8c11-491d-999f-ac63f47c2cab___PSU_CG 2093.JPG,Tomato__Tomato_mosaic_virus,13,validation
D:\Plant-Disease-Detection\PlantVillage\Tomato__Tomato_mosaic_virus\d338ebb0-f140-48c6-b828-7349f43cf866___PSU_CG 2339.JPG,Tomato__Tomato_mosaic_virus,13,test
D:\Plant-Disease-Detection\PlantVillage\Tomato__Tomato_mosaic_virus\d38e784f-9bbb-4c1f-84d1-3464ff0dbc16___PSU_CG 2103.JPG,Tomato__Tomato_mosaic_virus,13,train
D:\Plant-Disease-Detection\PlantVillage\Tomato__Tomato_mosaic_virus\d398ca36-5b67-4690-a2d2-53380e63c4bb___PSU_CG 2085.JPG,Tomato__Tomato_mosaic_virus,13,train
D:\Plant-Disease-Detection\PlantVillage\Tomato__Tomato_mosaic_virus\d53047af-8624-4c80-a2be-8aa9ea6f0a35___PSU_CG 2208.JPG,Tomato__Tomato_mosaic_virus,13,test
D:\Plant-Disease-Detection\PlantVillage\Tomato__Tomato_mosaic_virus\d5632be7-268d-4781-8986-b71a6449be9c___PSU_CG 2413.JPG,Tomato__Tomato_mosaic_virus,13,train
D:\Plant-Disease-Detection\PlantVillage\Tomato__Tomato_mosaic_virus\d636946f-b3da-4b36-aeb6-f602ef86a245___PSU_CG 2101.JPG,Tomato__Tomato_mosaic_virus,13,train
D:\Plant-Disease-Detection\PlantVillage\Tomato__Tomato_mosaic_virus\d6e833a9-cf89-4d75-a524-7a52356b08de___PSU_CG 2358.JPG,Tomato__Tomato_mosaic_virus,13,train
D:\Plant-Disease-Detection\PlantVillage\Tomato__Tomato_mosaic_virus\d8106a03-3742-4e57-9ea7-d634b56c76cf___PSU_CG 2265.JPG,Tomato__Tomato_mosaic_virus,13,train
D:\Plant-Disease-Detection\PlantVillage\Tomato__Tomato_mosaic_virus\d82c0de0-bd22-464c-b511-1aad0a44f005___PSU_CG 2384.JPG,Tomato__Tomato_mosaic_virus,13,validation
D:\Plant-Disease-Detection\PlantVillage\Tomato__Tomato_mosaic_virus\d9812306-9ab7-4c41-8c08-0aaaa0a9db5f___PSU_CG 2056.JPG,Tomato__Tomato_mosaic_virus,13,test
D:\Plant-Disease-Detection\PlantVillage\Tomato__Tomato_mosaic_virus\d987e4ec-b96a-411e-b132-daf7d8e8707d___PSU_CG 2114.JPG,Tomato__Tomato_mosaic_virus,13,train
D:\Plant-Disease-Detection\PlantVillage\Tomato__Tomato_mosaic_virus\da1583ac-e469-400a-9092-da870299fd35___PSU_CG 2071.JPG,Tomato__Tomato_mosaic_virus,13,train
D:\Plant-Disease-Detection\PlantVillage\Tomato__Tomato_mosaic_virus\da2bbe3c-5626-46d2-9640-2da89552f113___PSU_CG 2319.JPG,Tomato__Tomato_mosaic_virus,13,train
D:\Plant-Disease-Detection\PlantVillage\Tomato__Tomato_mosaic_virus\db0867bf-ca5a-4dd0-99e0-6d41efaffff6___PSU_CG 2334.JPG,Tomato__Tomato_mosaic_virus,13,train
D:\Plant-Disease-Detection\PlantVillage\Tomato__Tomato_mosaic_virus\db6ecf05-d8bd-431f-86d7-d3f5403eab81___PSU_CG 2408.JPG,Tomato__Tomato_mosaic_virus,13,validation
D:\Plant-Disease-Detection\PlantVillage\Tomato__Tomato_mosaic_virus\db9e6f9e-2f4f-47dc-a576-287166ae6386___PSU_CG 2386.JPG,Tomato__Tomato_mosaic_virus,13,test
D:\Plant-Disease-Detection\PlantVillage\Tomato__Tomato_mosaic_virus\dcb74f2b-c523-4147-b9ce-690800411273___PSU_CG 2154.JPG,Tomato__Tomato_mosaic_virus,13,test
D:\Plant-Disease-Detection\PlantVillage\Tomato__Tomato_mosaic_virus\dcbf5ac4-f25b-4e62-999b-44e1892db4ab___PSU_CG 2107.JPG,Tomato__Tomato_mosaic_virus,13,test
D:\Plant-Disease-Detection\PlantVillage\Tomato__Tomato_mosaic_virus\dccceb76-131a-4ce3-a864-5e46cf863c09___PSU_CG 2336.JPG,Tomato__Tomato_mosaic_virus,13,test
D:\Plant-Disease-Detection\PlantVillage\Tomato__Tomato_mosaic_virus\dd1161b0-ed4e-42f0-a63b-1ff8d9adf3ed___PSU_CG 2405.JPG,Tomato__Tomato_mosaic_virus,13,train
D:\Plant-Disease-Detection\PlantVillage\Tomato__Tomato_mosaic_virus\e03cb55d-6525-4186-a318-5c06c0691642___PSU_CG 2353.JPG,Tomato__Tomato_mosaic_virus,13,train
D:\Plant-Disease-Detection\PlantVillage\Tomato__Tomato_mosaic_virus\e10f2f79-91b8-4210-95a3-f1fe50d109e2___PSU_CG 2295.JPG,Tomato__Tomato_mosaic_virus,13,test
D:\Plant-Disease-Detection\PlantVillage\Tomato__Tomato_mosaic_virus\e1693a70-df15-4743-829a-67f593d1e381___PSU_CG 2110.JPG,Tomato__Tomato_mosaic_virus,13,validation
D:\Plant-Disease-Detection\PlantVillage\Tomato__Tomato_mosaic_virus\e19ffd2f-e299-49c2-b445-270a938fc4e7___PSU_CG 2251.JPG,Tomato__Tomato_mosaic_virus,13,validation
D:\Plant-Disease-Detection\PlantVillage\Tomato__Tomato_mosaic_virus\e1c99066-9ee5-4424-8701-9ee9bea5e229___PSU_CG 2284.JPG,Tomato__Tomato_mosaic_virus,13,train
D:\Plant-Disease-Detection\PlantVillage\Tomato__Tomato_mosaic_virus\e3abcfd4-0994-4f38-a18e-83b90498d30c___PSU_CG 2297.JPG,Tomato__Tomato_mosaic_virus,13,train
D:\Plant-Disease-Detection\PlantVillage\Tomato__Tomato_mosaic_virus\e8900c28-b9e9-41d4-b8f6-5c4be8db1296___PSU_CG 2352.JPG,Tomato__Tomato_mosaic_virus,13,train
D:\Plant-Disease-Detection\PlantVillage\Tomato__Tomato_mosaic_virus\e8c8a6a2-f3e4-4b4d-986b-76031a36abf4___PSU_CG 2371.JPG,Tomato__Tomato_mosaic_virus,13,train
D:\Plant-Disease-Detection\PlantVillage\Tomato__Tomato_mosaic_virus\e98b0937-0e74-4bc9-bfa5-9018ce0498d2___PSU_CG 2298.JPG,Tomato__Tomato_mosaic_virus,13,train
D:\Plant-Disease-Detection\PlantVillage\Tomato__Tomato_mosaic_virus\eb04ce63-3a56-4ed4-abad-124215f10cae___PSU_CG 2264.JPG,Tomato__Tomato_mosaic_virus,13,train
D:\Plant-Disease-Detection\PlantVillage\Tomato__Tomato_mosaic_virus\ebf036fa-436b-42aa-8a34-0b0f188bc54a___PSU_CG 2134.JPG,Tomato__Tomato_mosaic_virus,13,test
D:\Plant-Disease-Detection\PlantVillage\Tomato__Tomato_mosaic_virus\ebfce9c7-8727-4218-9e7b-cd4f2ff50177___PSU_CG 2112.JPG,Tomato__Tomato_mosaic_virus,13,train
D:\Plant-Disease-Detection\PlantVillage\Tomato__Tomato_mosaic_virus\ecc79dcf-6446-4df2-a8c8-ab322effeec3___PSU_CG 2220.JPG,Tomato__Tomato_mosaic_virus,13,train
D:\Plant-Disease-Detection\PlantVillage\Tomato__Tomato_mosaic_virus\ee1d7f40-d80c-4cac-9cd3-1a687431496e___PSU_CG 2282.JPG,Tomato__Tomato_mosaic_virus,13,validation
D:\Plant-Disease-Detection\PlantVillage\Tomato__Tomato_mosaic_virus\ee5d3bda-66ef-4de8-878d-e345c3eae676___PSU_CG 2086.JPG,Tomato__Tomato_mosaic_virus,13,train
D:\Plant-Disease-Detection\PlantVillage\Tomato__Tomato_mosaic_virus\eec8df45-9f5b-4121-a630-8088c5422efd___PSU_CG 2157.JPG,Tomato__Tomato_mosaic_virus,13,validation
D:\Plant-Disease-Detection\PlantVillage\Tomato__Tomato_mosaic_virus\eeeb214a-2f7d-4e91-991f-003a3a9508be___PSU_CG 2078.JPG,Tomato__Tomato_mosaic_virus,13,test
D:\Plant-Disease-Detection\PlantVillage\Tomato__Tomato_mosaic_virus\efc00b83-9c44-48f5-b6ff-3acc4f5b0875___PSU_CG 2345.JPG,Tomato__Tomato_mosaic_virus,13,train
D:\Plant-Disease-Detection\PlantVillage\Tomato__Tomato_mosaic_virus\efd2cbd0-24dc-4c09-92b1-37963ae84721___PSU_CG 2379.JPG,Tomato__Tomato_mosaic_virus,13,train
D:\Plant-Disease-Detection\PlantVillage\Tomato__Tomato_mosaic_virus\f16eeb0f-5219-4a81-9941-351b3d9ba5fc___PSU_CG 2089.JPG,Tomato__Tomato_mosaic_virus,13,validation
D:\Plant-Disease-Detection\PlantVillage\Tomato__Tomato_mosaic_virus\f3d26b9f-7999-4b20-8503-0e1d3a878742___PSU_CG 2304.JPG,Tomato__Tomato_mosaic_virus,13,train
D:\Plant-Disease-Detection\PlantVillage\Tomato__Tomato_mosaic_virus\f5d2043f-a274-431f-accc-1a3e1a7df172___PSU_CG 2400.JPG,Tomato__Tomato_mosaic_virus,13,train
D:\Plant-Disease-Detection\PlantVillage\Tomato__Tomato_mosaic_virus\f6c12455-7dce-40b2-9d33-36bff9caa4ea___PSU_CG 2192.JPG,Tomato__Tomato_mosaic_virus,13,test
D:\Plant-Disease-Detection\PlantVillage\Tomato__Tomato_mosaic_virus\f7d8d2a1-2cc6-41e7-9626-76ddf51e7a8b___PSU_CG 2179.JPG,Tomato__Tomato_mosaic_virus,13,validation
D:\Plant-Disease-Detection\PlantVillage\Tomato__Tomato_mosaic_virus\f85cef40-132b-4be8-8781-d8e5c14c7f22___PSU_CG 2242.JPG,Tomato__Tomato_mosaic_virus,13,train
D:\Plant-Disease-Detection\PlantVillage\Tomato__Tomato_YellowLeaf__Curl_Virus\00a538f3-8421-43ab-9e6f-758d36180dd3___YLCV_NREC 2667.JPG,Tomato__Tomato_YellowLeaf__Curl_Virus,12,train
D:\Plant-Disease-Detection\PlantVillage\Tomato__Tomato_YellowLeaf__Curl_Virus\00b41556-fe22-41fb-93aa-76b0c45d923a___UF.GRC_YLCV_Lab 02644.JPG,Tomato__Tomato_YellowLeaf__Curl_Virus,12,validation
D:\Plant-Disease-Detection\PlantVillage\Tomato__Tomato_YellowLeaf__Curl_Virus\00b814ee-cfa9-489a-bed3-c1f927bef05a___YLCV_NREC 0220.JPG,Tomato__Tomato_YellowLeaf__Curl_Virus,12,train
D:\Plant-Disease-Detection\PlantVillage\Tomato__Tomato_YellowLeaf__Curl_Virus\00c16232-5beb-41a1-9a05-b18a02f10ca1___YLCV_NREC 2536.JPG,Tomato__Tomato_YellowLeaf__Curl_Virus,12,train
D:\Plant-Disease-Detection\PlantVillage\Tomato__Tomato_YellowLeaf__Curl_Virus\00e8f0db-abfd-4991-b51f-b87ab7e24612___YLCV_GCREC 2519.JPG,Tomato__Tomato_YellowLeaf__Curl_Virus,12,train
D:\Plant-Disease-Detection\PlantVillage\Tomato__Tomato_YellowLeaf__Curl_Virus\01cc37b3-ab08-44bc-be70-7f14b610f011___UF.GRC_YLCV_Lab 09617.JPG,Tomato__Tomato_YellowLeaf__Curl_Virus,12,train
D:\Plant-Disease-Detection\PlantVillage\Tomato__Tomato_YellowLeaf__Curl_Virus\01ce3a43-e874-4317-b4fe-dea4402cb7ce___UF.GRC_YLCV_Lab 09572.JPG,Tomato__Tomato_YellowLeaf__Curl_Virus,12,train
D:\Plant-Disease-Detection\PlantVillage\Tomato__Tomato_YellowLeaf__Curl_Virus\01eb1927-e742-449d-97ea-5b83bbfe5b11___UF.GRC_YLCV_Lab 02751.JPG,Tomato__Tomato_YellowLeaf__Curl_Virus,12,test
D:\Plant-Disease-Detection\PlantVillage\Tomato__Tomato_YellowLeaf__Curl_Virus\01f7eeb8-19c7-4c7b-9789-00538abf46fe___UF.GRC_YLCV_Lab 09492.JPG,Tomato__Tomato_YellowLeaf__Curl_Virus,12,train
D:\Plant-Disease-Detection\PlantVillage\Tomato__Tomato_YellowLeaf__Curl_Virus\01fa2c83-fffb-4aad-a456-e991aeb93f3e___UF.GRC_YLCV_Lab 02154.JPG,Tomato__Tomato_YellowLeaf__Curl_Virus,12,train
D:\Plant-Disease-Detection\PlantVillage\Tomato__Tomato_YellowLeaf__Curl_Virus\02a03cfc-cf18-404d-9831-e772baa11ceb___YLCV_NREC 2797.JPG,Tomato__Tomato_YellowLeaf__Curl_Virus,12,train
D:\Plant-Disease-Detection\PlantVillage\Tomato__Tomato_YellowLeaf__Curl_Virus\02aabe96-31be-42a5-a825-261d854e15be___YLCV_GCREC 2894.JPG,Tomato__Tomato_YellowLeaf__Curl_Virus,12,train
D:\Plant-Disease-Detection\PlantVillage\Tomato__Tomato_YellowLeaf__Curl_Virus\02affd71-1fe6-48f7-bef4-3d5a59ec7814___UF.GRC_YLCV_Lab 01517.JPG,Tomato__Tomato_YellowLeaf__Curl_Virus,12,train
D:\Plant-Disease-Detection\PlantVillage\Tomato__Tomato_YellowLeaf__Curl_Virus\02b8b54b-bcb2-4da9-8af3-14ca4c4223d0___YLCV_GCREC 5126.JPG,Tomato__Tomato_YellowLeaf__Curl_Virus,12,train
D:\Plant-Disease-Detection\PlantVillage\Tomato__Tomato_YellowLeaf__Curl_Virus\02c14371-a83a-4214-bbc2-31b1143c165b___YLCV_GCREC 2164.JPG,Tomato__Tomato_YellowLeaf__Curl_Virus,12,test
D:\Plant-Disease-Detection\PlantVillage\Tomato__Tomato_YellowLeaf__Curl_Virus\02cb40d6-550a-42fb-99ce-247e4406a322___UF.GRC_YLCV_Lab 02991.JPG,Tomato__Tomato_YellowLeaf__Curl_Virus,12,validation
D:\Plant-Disease-Detection\PlantVillage\Tomato__Tomato_YellowLeaf__Curl_Virus\02cee277-e491-468a-8ffc-f64227d33b4c___YLCV_GCREC 2197.JPG,Tomato__Tomato_YellowLeaf__Curl_Virus,12,test
D:\Plant-Disease-Detection\PlantVillage\Tomato__Tomato_YellowLeaf__Curl_Virus\02d5be6b-eafd-4063-9ba5-4a01901bce82___UF.GRC_YLCV_Lab 03004.JPG,Tomato__Tomato_YellowLeaf__Curl_Virus,12,train
D:\Plant-Disease-Detection\PlantVillage\Tomato__Tomato_YellowLeaf__Curl_Virus\02dc4f14-66a1-4db1-8367-96413b7187d5___YLCV_GCREC 2151.JPG,Tomato__Tomato_YellowLeaf__Curl_Virus,12,train
D:\Plant-Disease-Detection\PlantVillage\Tomato__Tomato_YellowLeaf__Curl_Virus\02dec71c-6051-4b2c-8a08-24efbe306766___YLCV_GCREC 5340.JPG,Tomato__Tomato_YellowLeaf__Curl_Virus,12,train
D:\Plant-Disease-Detection\PlantVillage\Tomato__Tomato_YellowLeaf__Curl_Virus\02dfcd5a-d665-4d4a-a12d-c64682647190___UF.GRC_YLCV_Lab 01991.JPG,Tomato__Tomato_YellowLeaf__Curl_Virus,12,test
D:\Plant-Disease-Detection\PlantVillage\Tomato__Tomato_YellowLeaf__Curl_Virus\02e3b67b-0cf3-4624-a0f6-61f5abd2fbe4___YLCV_NREC 0154.JPG,Tomato__Tomato_YellowLeaf__Curl_Virus,12,train
D:\Plant-Disease-Detection\PlantVillage\Tomato__Tomato_YellowLeaf__Curl_Virus\0a0fe942-bb9e-4384-8466-779017d00bcf___UF.GRC_YLCV_Lab 02192.JPG,Tomato__Tomato_YellowLeaf__Curl_Virus,12,train
D:\Plant-Disease-Detection\PlantVillage\Tomato__Tomato_YellowLeaf__Curl_Virus\0a14b65b-2e45-4bed-be45-c482a40a4f7c___UF.GRC_YLCV_Lab 02090.JPG,Tomato__Tomato_YellowLeaf__Curl_Virus,12,train
D:\Plant-Disease-Detection\PlantVillage\Tomato__Tomato_YellowLeaf__Curl_Virus\0a17e781-b999-4a31-88a0-e914c4ba4a8a___UF.GRC_YLCV_Lab 02214.JPG,Tomato__Tomato_YellowLeaf__Curl_Virus,12,train
D:\Plant-Disease-Detection\PlantVillage\Tomato__Tomato_YellowLeaf__Curl_Virus\0a1d1def-462c-46d3-90e6-2a11fcb45a21___UF.GRC_YLCV_Lab 01675.JPG,Tomato__Tomato_YellowLeaf__Curl_Virus,12,validation
D:\Plant-Disease-Detection\PlantVillage\Tomato__Tomato_YellowLeaf__Curl_Virus\0a1e2ed0-619c-43da-8c47-f8000a252954___UF.GRC_YLCV_Lab 03060.JPG,Tomato__Tomato_YellowLeaf__Curl_Virus,12,train
D:\Plant-Disease-Detection\PlantVillage\Tomato__Tomato_YellowLeaf__Curl_Virus\0a22fcaa-634d-4711-b2a8-777063377543___UF.GRC_YLCV_Lab 03238.JPG,Tomato__Tomato_YellowLeaf__Curl_Virus,12,test
D:\Plant-Disease-Detection\PlantVillage\Tomato__Tomato_YellowLeaf__Curl_Virus\0a24f0eb-982d-4611-8a0c-088ef1ac8cb5___YLCV_GCREC 5454.JPG,Tomato__Tomato_YellowLeaf__Curl_Virus,12,train
D:\Plant-Disease-Detection\PlantVillage\Tomato__Tomato_YellowLeaf__Curl_Virus\0a25c782-93a7-4a08-ace0-0ec025cba908___UF.GRC_YLCV_Lab 01945.JPG,Tomato__Tomato_YellowLeaf__Curl_Virus,12,train
D:\Plant-Disease-Detection\PlantVillage\Tomato__Tomato_YellowLeaf__Curl_Virus\0a351fc7-e2aa-426f-bba0-f6d5096827a3___UF.GRC_YLCV_Lab 02044.JPG,Tomato__Tomato_YellowLeaf__Curl_Virus,12,train
D:\Plant-Disease-Detection\PlantVillage\Tomato__Tomato_YellowLeaf__Curl_Virus\0a3befdb-c654-435b-b834-d3451436afd3___YLCV_NREC 2313.JPG,Tomato__Tomato_YellowLeaf__Curl_Virus,12,train
D:\Plant-Disease-Detection\PlantVillage\Tomato__Tomato_YellowLeaf__Curl_Virus\0a3d19ca-a126-4ea3-83e3-0abb0e9b02e3___YLCV_GCREC 2449.JPG,Tomato__Tomato_YellowLeaf__Curl_Virus,12,train
D:\Plant-Disease-Detection\PlantVillage\Tomato__Tomato_YellowLeaf__Curl_Virus\0a5431ac-44ff-4507-a8aa-6eee46235015___UF.GRC_YLCV_Lab 03031.JPG,Tomato__Tomato_YellowLeaf__Curl_Virus,12,train
D:\Plant-Disease-Detection\PlantVillage\Tomato__Tomato_YellowLeaf__Curl_Virus\0a59259c-71e7-4d92-a232-d9d04e924aac___UF.GRC_YLCV_Lab 01709.JPG,Tomato__Tomato_YellowLeaf__Curl_Virus,12,test
D:\Plant-Disease-Detection\PlantVillage\Tomato__Tomato_YellowLeaf__Curl_Virus\0a5f0d25-53a0-47d4-b3fa-984ec3b2a2fb___YLCV_GCREC 5214.JPG,Tomato__Tomato_YellowLeaf__Curl_Virus,12,train
D:\Plant-Disease-Detection\PlantVillage\Tomato__Tomato_YellowLeaf__Curl_Virus\0a7f1993-85ae-4ba4-865b-df96bb0b52b4___YLCV_NREC 2416.JPG,Tomato__Tomato_YellowLeaf__Curl_Virus,12,validation
D:\Plant-Disease-Detection\PlantVillage\Tomato__Tomato_YellowLeaf__Curl_Virus\0a85f197-fa0e-4665-be11-d52e84a45878___UF.GRC_YLCV_Lab 02732.JPG,Tomato__Tomato_YellowLeaf__Curl_Virus,12,test
D:\Plant-Disease-Detection\PlantVillage\Tomato__Tomato_YellowLeaf__Curl_Virus\0a8aaafa-a978-49f5-9324-61fc4c766845___YLCV_GCREC 2694.JPG,Tomato__Tomato_YellowLeaf__Curl_Virus,12,test
D:\Plant-Disease-Detection\PlantVillage\Tomato__Tomato_YellowLeaf__Curl_Virus\0a9560c4-1430-4514-93c4-7036f6fee43d___UF.GRC_YLCV_Lab 01280.JPG,Tomato__Tomato_YellowLeaf__Curl_Virus,12,train
D:\Plant-Disease-Detection\PlantVillage\Tomato__Tomato_YellowLeaf__Curl_Virus\0a972298-84e7-47b4-9968-a77369063b02___YLCV_GCREC 1977.JPG,Tomato__Tomato_YellowLeaf__Curl_Virus,12,validation
D:\Plant-Disease-Detection\PlantVillage\Tomato__Tomato_YellowLeaf__Curl_Virus\0a9ce4eb-961b-4f11-a06f-2946cfd0d562___UF.GRC_YLCV_Lab 02233.JPG,Tomato__Tomato_YellowLeaf__Curl_Virus,12,train
D:\Plant-Disease-Detection\PlantVillage\Tomato__Tomato_YellowLeaf__Curl_Virus\0a9e37a2-95d5-4af7-95a1-2cbb67074452___YLCV_NREC 2291.JPG,Tomato__Tomato_YellowLeaf__Curl_Virus,12,validation
D:\Plant-Disease-Detection\PlantVillage\Tomato__Tomato_YellowLeaf__Curl_Virus\0aa5f107-5a75-4679-a316-634a840660fe___YLCV_NREC 2657.JPG,Tomato__Tomato_YellowLeaf__Curl_Virus,12,train
D:\Plant-Disease-Detection\PlantVillage\Tomato__Tomato_YellowLeaf__Curl_Virus\0ab15cde-93e5-41ff-8fd5-db09c6829d72___YLCV_GCREC 2293.JPG,Tomato__Tomato_YellowLeaf__Curl_Virus,12,test
D:\Plant-Disease-Detection\PlantVillage\Tomato__Tomato_YellowLeaf__Curl_Virus\0adad6ca-4983-4c80-b19f-6be9d47400ea___YLCV_GCREC 5341.JPG,Tomato__Tomato_YellowLeaf__Curl_Virus,12,validation
D:\Plant-Disease-Detection\PlantVillage\Tomato__Tomato_YellowLeaf__Curl_Virus\0ae5c8c7-af28-42b4-a312-efd080f76c1a___YLCV_GCREC 5464.JPG,Tomato__Tomato_YellowLeaf__Curl_Virus,12,test
D:\Plant-Disease-Detection\PlantVillage\Tomato__Tomato_YellowLeaf__Curl_Virus\0ae630bc-8f67-40b7-b264-120ba0d66341___YLCV_GCREC 5115.JPG,Tomato__Tomato_YellowLeaf__Curl_Virus,12,train
D:\Plant-Disease-Detection\PlantVillage\Tomato__Tomato_YellowLeaf__Curl_Virus\0ae828f5-e6e8-4100-b297-52f98dfc6109___UF.GRC_YLCV_Lab 01958.JPG,Tomato__Tomato_YellowLeaf__Curl_Virus,12,test
D:\Plant-Disease-Detection\PlantVillage\Tomato__Tomato_YellowLeaf__Curl_Virus\0ae9ff61-7285-4683-897e-a9703ead6307___YLCV_NREC 2199.JPG,Tomato__Tomato_YellowLeaf__Curl_Virus,12,test
D:\Plant-Disease-Detection\PlantVillage\Tomato__Tomato_YellowLeaf__Curl_Virus\0aeac05f-804d-4e4c-a753-644ae6547d60___UF.GRC_YLCV_Lab 01539.JPG,Tomato__Tomato_YellowLeaf__Curl_Virus,12,train
D:\Plant-Disease-Detection\PlantVillage\Tomato__Tomato_YellowLeaf__Curl_Virus\0aeb6056-aab3-4510-bf52-77960c436637___UF.GRC_YLCV_Lab 01334.JPG,Tomato__Tomato_YellowLeaf__Curl_Virus,12,train
D:\Plant-Disease-Detection\PlantVillage\Tomato__Tomato_YellowLeaf__Curl_Virus\0af20242-8776-44c3-80fd-32dedaa1609f___UF.GRC_YLCV_Lab 02985.JPG,Tomato__Tomato_YellowLeaf__Curl_Virus,12,train
D:\Plant-Disease-Detection\PlantVillage\Tomato__Tomato_YellowLeaf__Curl_Virus\0b0791c1-7f59-4e84-a59c-ec2fb1934d00___YLCV_GCREC 2804.JPG,Tomato__Tomato_YellowLeaf__Curl_Virus,12,train
D:\Plant-Disease-Detection\PlantVillage\Tomato__Tomato_YellowLeaf__Curl_Virus\0b0a09a1-7e13-44e5-ab27-2e8f3ca3d605___UF.GRC_YLCV_Lab 02968.JPG,Tomato__Tomato_YellowLeaf__Curl_Virus,12,train
D:\Plant-Disease-Detection\PlantVillage\Tomato__Tomato_YellowLeaf__Curl_Virus\0b115553-d92b-4ecc-a58f-0733b6e57e1f___YLCV_GCREC 5162.JPG,Tomato__Tomato_YellowLeaf__Curl_Virus,12,train
D:\Plant-Disease-Detection\PlantVillage\Tomato__Tomato_YellowLeaf__Curl_Virus\0b117366-e274-4379-a660-d0affe75c975___UF.GRC_YLCV_Lab 02904.JPG,Tomato__Tomato_YellowLeaf__Curl_Virus,12,train
D:\Plant-Disease-Detection\PlantVillage\Tomato__Tomato_YellowLeaf__Curl_Virus\0b1dcb63-9519-4b34-af8f-cd2292c86df5___YLCV_GCREC 5294.JPG,Tomato__Tomato_YellowLeaf__Curl_Virus,12,train
D:\Plant-Disease-Detection\PlantVillage\Tomato__Tomato_YellowLeaf__Curl_Virus\0b29fe6c-b8da-4a5e-b94a-79b0b42fd905___UF.GRC_YLCV_Lab 01813.JPG,Tomato__Tomato_YellowLeaf__Curl_Virus,12,test
D:\Plant-Disease-Detection\PlantVillage\Tomato__Tomato_YellowLeaf__Curl_Virus\0b33ec9a-3f2e-4fee-b663-472c143e3951___YLCV_GCREC 2631.JPG,Tomato__Tomato_YellowLeaf__Curl_Virus,12,train
D:\Plant-Disease-Detection\PlantVillage\Tomato__Tomato_YellowLeaf__Curl_Virus\0b3778d6-b81e-43eb-9512-7e9067a9ca8f___UF.GRC_YLCV_Lab 08551.JPG,Tomato__Tomato_YellowLeaf__Curl_Virus,12,validation
D:\Plant-Disease-Detection\PlantVillage\Tomato__Tomato_YellowLeaf__Curl_Virus\0b3c0bd6-c379-483e-a340-f592056e8c69___YLCV_NREC 2764.JPG,Tomato__Tomato_YellowLeaf__Curl_Virus,12,test
D:\Plant-Disease-Detection\PlantVillage\Tomato__Tomato_YellowLeaf__Curl_Virus\0b458337-20be-4c8d-ae8d-184cd60ee8c1___UF.GRC_YLCV_Lab 01311.JPG,Tomato__Tomato_YellowLeaf__Curl_Virus,12,train
D:\Plant-Disease-Detection\PlantVillage\Tomato__Tomato_YellowLeaf__Curl_Virus\0b496439-e920-4d79-97dd-cfbbd491b895___UF.GRC_YLCV_Lab 01276.JPG,Tomato__Tomato_YellowLeaf__Curl_Virus,12,validation
D:\Plant-Disease-Detection\PlantVillage\Tomato__Tomato_YellowLeaf__Curl_Virus\0b4f1295-fb19-4541-afa5-271800914460___UF.GRC_YLCV_Lab 03030.JPG,Tomato__Tomato_YellowLeaf__Curl_Virus,12,test
D:\Plant-Disease-Detection\PlantVillage\Tomato__Tomato_YellowLeaf__Curl_Virus\0b65e4d3-9a6e-463a-b930-814c787d01c6___UF.GRC_YLCV_Lab 01910.JPG,Tomato__Tomato_YellowLeaf__Curl_Virus,12,train
D:\Plant-Disease-Detection\PlantVillage\Tomato__Tomato_YellowLeaf__Curl_Virus\0b668e46-2ef6-4dbf-b45e-220b45bad923___YLCV_NREC 2553.JPG,Tomato__Tomato_YellowLeaf__Curl_Virus,12,test
D:\Plant-Disease-Detection\PlantVillage\Tomato__Tomato_YellowLeaf__Curl_Virus\0b6dc215-ed6c-4c32-acb3-527447eca603___YLCV_NREC 0204.JPG,Tomato__Tomato_YellowLeaf__Curl_Virus,12,validation
D:\Plant-Disease-Detection\PlantVillage\Tomato__Tomato_YellowLeaf__Curl_Virus\0b78b271-70eb-478c-b6b5-c271a2dfd3e2___UF.GRC_YLCV_Lab 01380.JPG,Tomato__Tomato_YellowLeaf__Curl_Virus,12,train
D:\Plant-Disease-Detection\PlantVillage\Tomato__Tomato_YellowLeaf__Curl_Virus\0bbc17fe-64da-46f7-938b-7208cc81c19a___UF.GRC_YLCV_Lab 02304.JPG,Tomato__Tomato_YellowLeaf__Curl_Virus,12,train
D:\Plant-Disease-Detection\PlantVillage\Tomato__Tomato_YellowLeaf__Curl_Virus\0bca3405-5d24-4780-a96c-6c51d91c2677___YLCV_NREC 2696.JPG,Tomato__Tomato_YellowLeaf__Curl_Virus,12,train
D:\Plant-Disease-Detection\PlantVillage\Tomato__Tomato_YellowLeaf__Curl_Virus\0be8de3c-4851-46ec-86d9-65688d4aad7f___YLCV_NREC 2410.JPG,Tomato__Tomato_YellowLeaf__Curl_Virus,12,test
D:\Plant-Disease-Detection\PlantVillage\Tomato__Tomato_YellowLeaf__Curl_Virus\0bfc96b3-56ba-4ba4-804a-fc2ba59e0c6a___UF.GRC_YLCV_Lab 03202.JPG,Tomato__Tomato_YellowLeaf__Curl_Virus,12,train
D:\Plant-Disease-Detection\PlantVillage\Tomato__Tomato_YellowLeaf__Curl_Virus\0c0df91e-e996-451f-96b0-e4a2106da06d___YLCV_NREC 2669.JPG,Tomato__Tomato_YellowLeaf__Curl_Virus,12,train
D:\Plant-Disease-Detection\PlantVillage\Tomato__Tomato_YellowLeaf__Curl_Virus\0c1943b0-e26d-451b-921f-b1127fa9c56d___UF.GRC_YLCV_Lab 02523.JPG,Tomato__Tomato_YellowLeaf__Curl_Virus,12,train
D:\Plant-Disease-Detection\PlantVillage\Tomato__Tomato_YellowLeaf__Curl_Virus\0c19cb59-85ac-4ed9-bc56-ccf75915973b___YLCV_GCREC 5345.JPG,Tomato__Tomato_YellowLeaf__Curl_Virus,12,test
D:\Plant-Disease-Detection\PlantVillage\Tomato__Tomato_YellowLeaf__Curl_Virus\0c29886e-37b9-4468-b1ca-71e9c6c37414___YLCV_GCREC 2234.JPG,Tomato__Tomato_YellowLeaf__Curl_Virus,12,train
D:\Plant-Disease-Detection\PlantVillage\Tomato__Tomato_YellowLeaf__Curl_Virus\0c4b231f-3230-448f-91f0-2c70a23fb3d6___UF.GRC_YLCV_Lab 09353.JPG,Tomato__Tomato_YellowLeaf__Curl_Virus,12,train
D:\Plant-Disease-Detection\PlantVillage\Tomato__Tomato_YellowLeaf__Curl_Virus\0c4e96da-6951-4706-9738-bc36bf5d0101___YLCV_GCREC 2150.JPG,Tomato__Tomato_YellowLeaf__Curl_Virus,12,train
D:\Plant-Disease-Detection\PlantVillage\Tomato__Tomato_YellowLeaf__Curl_Virus\0c5284d1-6539-4f83-b48c-9c8ae8462d9b___UF.GRC_YLCV_Lab 09566.JPG,Tomato__Tomato_YellowLeaf__Curl_Virus,12,train
D:\Plant-Disease-Detection\PlantVillage\Tomato__Tomato_YellowLeaf__Curl_Virus\0c546c5e-f03f-4012-91cb-f036b2dae385___UF.GRC_YLCV_Lab 01783.JPG,Tomato__Tomato_YellowLeaf__Curl_Virus,12,train
D:\Plant-Disease-Detection\PlantVillage\Tomato__Tomato_YellowLeaf__Curl_Virus\0c5ab0f1-9f4c-47f0-980d-f9b67201ce51___YLCV_NREC 0058.JPG,Tomato__Tomato_YellowLeaf__Curl_Virus,12,train
D:\Plant-Disease-Detection\PlantVillage\Tomato__Tomato_YellowLeaf__Curl_Virus\0c6d4620-cb78-4896-884d-b07cef71dfd3___YLCV_NREC 2640.JPG,Tomato__Tomato_YellowLeaf__Curl_Virus,12,train
D:\Plant-Disease-Detection\PlantVillage\Tomato__Tomato_YellowLeaf__Curl_Virus\0c71b575-2862-4037-8ae4-ee3b98554954___UF.GRC_YLCV_Lab 03050.JPG,Tomato__Tomato_YellowLeaf__Curl_Virus,12,train
D:\Plant-Disease-Detection\PlantVillage\Tomato__Tomato_YellowLeaf__Curl_Virus\0c72b9ff-059c-4169-879e-dd7f7ad46a7c___YLCV_GCREC 2303.JPG,Tomato__Tomato_YellowLeaf__Curl_Virus,12,train
D:\Plant-Disease-Detection\PlantVillage\Tomato__Tomato_YellowLeaf__Curl_Virus\0c7b6caf-1be3-4061-87a0-28946c7aa3d2___YLCV_GCREC 2731.JPG,Tomato__Tomato_YellowLeaf__Curl_Virus,12,test
D:\Plant-Disease-Detection\PlantVillage\Tomato__Tomato_YellowLeaf__Curl_Virus\0c88eee3-dc38-42ff-b834-a406d3275208___UF.GRC_YLCV_Lab 01762.JPG,Tomato__Tomato_YellowLeaf__Curl_Virus,12,test
D:\Plant-Disease-Detection\PlantVillage\Tomato__Tomato_YellowLeaf__Curl_Virus\0c8d8784-1442-45e6-b7b9-0d9659015bfa___YLCV_NREC 0228.JPG,Tomato__Tomato_YellowLeaf__Curl_Virus,12,train
D:\Plant-Disease-Detection\PlantVillage\Tomato__Tomato_YellowLeaf__Curl_Virus\0c9ad7ef-1db7-4a0b-864d-7b6ca98a0282___UF.GRC_YLCV_Lab 01506.JPG,Tomato__Tomato_YellowLeaf__Curl_Virus,12,test
D:\Plant-Disease-Detection\PlantVillage\Tomato__Tomato_YellowLeaf__Curl_Virus\0c9f5882-6af4-4472-8504-0987cdb4048a___UF.GRC_YLCV_Lab 01610.JPG,Tomato__Tomato_YellowLeaf__Curl_Virus,12,test
D:\Plant-Disease-Detection\PlantVillage\Tomato__Tomato_YellowLeaf__Curl_Virus\0ca720d9-bea9-4ae0-ae2c-11d58f58cd1c___YLCV_NREC 2931.JPG,Tomato__Tomato_YellowLeaf__Curl_Virus,12,train
D:\Plant-Disease-Detection\PlantVillage\Tomato__Tomato_YellowLeaf__Curl_Virus\0cadd488-b8bd-4396-830d-c5bae89571e4___YLCV_NREC 0083.JPG,Tomato__Tomato_YellowLeaf__Curl_Virus,12,train
D:\Plant-Disease-Detection\PlantVillage\Tomato__Tomato_YellowLeaf__Curl_Virus\0cb388f8-8a0b-444f-a44f-8f11b611415f___YLCV_NREC 0098.JPG,Tomato__Tomato_YellowLeaf__Curl_Virus,12,validation
D:\Plant-Disease-Detection\PlantVillage\Tomato__Tomato_YellowLeaf__Curl_Virus\0cdb1a93-1261-43ae-a67d-60352f783a56___YLCV_GCREC 5336.JPG,Tomato__Tomato_YellowLeaf__Curl_Virus,12,train
D:\Plant-Disease-Detection\PlantVillage\Tomato__Tomato_YellowLeaf__Curl_Virus\0ce66ec5-0bb7-4fde-9c61-750a1a150f75___UF.GRC_YLCV_Lab 02219.JPG,Tomato__Tomato_YellowLeaf__Curl_Virus,12,train
D:\Plant-Disease-Detection\PlantVillage\Tomato__Tomato_YellowLeaf__Curl_Virus\0d07c65d-0a4f-4a0b-8e5a-ade16407928a___UF.GRC_YLCV_Lab 02450.JPG,Tomato__Tomato_YellowLeaf__Curl_Virus,12,train
D:\Plant-Disease-Detection\PlantVillage\Tomato__Tomato_YellowLeaf__Curl_Virus\0d16f917-9442-43a2-b7cf-9832c064777d___UF.GRC_YLCV_Lab 01738.JPG,Tomato__Tomato_YellowLeaf__Curl_Virus,12,train
D:\Plant-Disease-Detection\PlantVillage\Tomato__Tomato_YellowLeaf__Curl_Virus\0d173b50-c743-4422-99d1-48a0069518db___UF.GRC_YLCV_Lab 03204.JPG,Tomato__Tomato_YellowLeaf__Curl_Virus,12,train
D:\Plant-Disease-Detection\PlantVillage\Tomato__Tomato_YellowLeaf__Curl_Virus\0d18695b-030f-4bf4-9153-40759c2a6110___YLCV_GCREC 2242.JPG,Tomato__Tomato_YellowLeaf__Curl_Virus,12,train
D:\Plant-Disease-Detection\PlantVillage\Tomato__Tomato_YellowLeaf__Curl_Virus\0d27f2d1-65b1-4b6c-a5ee-fb8538f2ff46___YLCV_NREC 0073.JPG,Tomato__Tomato_YellowLeaf__Curl_Virus,12,train
D:\Plant-Disease-Detection\PlantVillage\Tomato__Tomato_YellowLeaf__Curl_Virus\0d296f78-4aa3-44d1-ac45-eee4cd20743a___UF.GRC_YLCV_Lab 09404.JPG,Tomato__Tomato_YellowLeaf__Curl_Virus,12,train
D:\Plant-Disease-Detection\PlantVillage\Tomato__Tomato_YellowLeaf__Curl_Virus\0d4ba6a2-e8a6-49b0-8f94-ab63ab5c5d3c___YLCV_NREC 2030.JPG,Tomato__Tomato_YellowLeaf__Curl_Virus,12,train
D:\Plant-Disease-Detection\PlantVillage\Tomato__Tomato_YellowLeaf__Curl_Virus\0d4d2931-d063-4f29-8190-9c624e42f561___YLCV_NREC 2649.JPG,Tomato__Tomato_YellowLeaf__Curl_Virus,12,train
D:\Plant-Disease-Detection\PlantVillage\Tomato__Tomato_YellowLeaf__Curl_Virus\0d55ad70-9d84-46ef-a515-1291d27997ac___YLCV_GCREC 5242.JPG,Tomato__Tomato_YellowLeaf__Curl_Virus,12,train
D:\Plant-Disease-Detection\PlantVillage\Tomato__Tomato_YellowLeaf__Curl_Virus\0d613c80-738a-42da-834f-7db6203018ff___UF.GRC_YLCV_Lab 02393.JPG,Tomato__Tomato_YellowLeaf__Curl_Virus,12,train
D:\Plant-Disease-Detection\PlantVillage\Tomato__Tomato_YellowLeaf__Curl_Virus\0d63c167-dff7-4486-983f-c46183a1a210___YLCV_GCREC 2262.JPG,Tomato__Tomato_YellowLeaf__Curl_Virus,12,validation
D:\Plant-Disease-Detection\PlantVillage\Tomato__Tomato_YellowLeaf__Curl_Virus\0d84c5c2-beed-4122-898f-db2ca354de95___YLCV_GCREC 1914.JPG,Tomato__Tomato_YellowLeaf__Curl_Virus,12,train
D:\Plant-Disease-Detection\PlantVillage\Tomato__Tomato_YellowLeaf__Curl_Virus\0d95d4d3-9623-4c1a-a30d-9128a6d04b81___UF.GRC_YLCV_Lab 09449.JPG,Tomato__Tomato_YellowLeaf__Curl_Virus,12,train
D:\Plant-Disease-Detection\PlantVillage\Tomato__Tomato_YellowLeaf__Curl_Virus\0db2375d-d754-4e42-b921-43ca8869bdf7___YLCV_NREC 2342.JPG,Tomato__Tomato_YellowLeaf__Curl_Virus,12,validation
D:\Plant-Disease-Detection\PlantVillage\Tomato__Tomato_YellowLeaf__Curl_Virus\0db2eb04-b52c-4df9-9b3d-17bf58f03bc3___UF.GRC_YLCV_Lab 02967.JPG,Tomato__Tomato_YellowLeaf__Curl_Virus,12,test
D:\Plant-Disease-Detection\PlantVillage\Tomato__Tomato_YellowLeaf__Curl_Virus\0dbdab59-5915-41ac-8ba1-bae9b0ae726b___YLCV_NREC 2552.JPG,Tomato__Tomato_YellowLeaf__Curl_Virus,12,train
D:\Plant-Disease-Detection\PlantVillage\Tomato__Tomato_YellowLeaf__Curl_Virus\0dbf9fad-ad17-4dcf-90cf-b5e3fa26e3a5___UF.GRC_YLCV_Lab 08583.JPG,Tomato__Tomato_YellowLeaf__Curl_Virus,12,train
D:\Plant-Disease-Detection\PlantVillage\Tomato__Tomato_YellowLeaf__Curl_Virus\0dc37de6-047f-43d5-8b83-cd50628b1606___YLCV_NREC 2611.JPG,Tomato__Tomato_YellowLeaf__Curl_Virus,12,train
D:\Plant-Disease-Detection\PlantVillage\Tomato__Tomato_YellowLeaf__Curl_Virus\0dfe0a59-8266-4ca7-b93b-f25b8c550cb6___YLCV_NREC 0170.JPG,Tomato__Tomato_YellowLeaf__Curl_Virus,12,train
D:\Plant-Disease-Detection\PlantVillage\Tomato__Tomato_YellowLeaf__Curl_Virus\0e05041e-0302-4a10-ab94-73b92e360540___YLCV_GCREC 2538.JPG,Tomato__Tomato_YellowLeaf__Curl_Virus,12,train
D:\Plant-Disease-Detection\PlantVillage\Tomato__Tomato_YellowLeaf__Curl_Virus\0e07d1ac-39e3-404a-b14e-3218ee74e6bd___YLCV_NREC 2784.JPG,Tomato__Tomato_YellowLeaf__Curl_Virus,12,train
D:\Plant-Disease-Detection\PlantVillage\Tomato__Tomato_YellowLeaf__Curl_Virus\0e09d4f6-8101-4913-b543-1df3510793a0___YLCV_GCREC 2618.JPG,Tomato__Tomato_YellowLeaf__Curl_Virus,12,train
D:\Plant-Disease-Detection\PlantVillage\Tomato__Tomato_YellowLeaf__Curl_Virus\0e154a66-40e6-4215-9200-853b3752635b___YLCV_GCREC 2133.JPG,Tomato__Tomato_YellowLeaf__Curl_Virus,12,train
D:\Plant-Disease-Detection\PlantVillage\Tomato__Tomato_YellowLeaf__Curl_Virus\0e1fda76-d958-490f-9fcb-21e86c99dbe6___UF.GRC_YLCV_Lab 02200.JPG,Tomato__Tomato_YellowLeaf__Curl_Virus,12,train
D:\Plant-Disease-Detection\PlantVillage\Tomato__Tomato_YellowLeaf__Curl_Virus\0e2b6085-96c0-427c-801d-324eaef8b315___UF.GRC_YLCV_Lab 02848.JPG,Tomato__Tomato_YellowLeaf__Curl_Virus,12,validation
D:\Plant-Disease-Detection\PlantVillage\Tomato__Tomato_YellowLeaf__Curl_Virus\0e321bad-3d5e-4f2f-abf0-f991bfc12b26___UF.GRC_YLCV_Lab 09481.JPG,Tomato__Tomato_YellowLeaf__Curl_Virus,12,train
D:\Plant-Disease-Detection\PlantVillage\Tomato__Tomato_YellowLeaf__Curl_Virus\0e4e83c1-3664-4754-956e-5250f49980c2___UF.GRC_YLCV_Lab 02976.JPG,Tomato__Tomato_YellowLeaf__Curl_Virus,12,train
D:\Plant-Disease-Detection\PlantVillage\Tomato__Tomato_YellowLeaf__Curl_Virus\0e70ed92-83e0-42ee-bb0e-24a2063db86f___UF.GRC_YLCV_Lab 01659.JPG,Tomato__Tomato_YellowLeaf__Curl_Virus,12,train
D:\Plant-Disease-Detection\PlantVillage\Tomato__Tomato_YellowLeaf__Curl_Virus\0ea977a7-c7b3-429a-b7cf-a9656070c0a7___UF.GRC_YLCV_Lab 02249.JPG,Tomato__Tomato_YellowLeaf__Curl_Virus,12,train
D:\Plant-Disease-Detection\PlantVillage\Tomato__Tomato_YellowLeaf__Curl_Virus\0ea9a403-bd63-42e1-9352-902db6c725e2___YLCV_NREC 2735.JPG,Tomato__Tomato_YellowLeaf__Curl_Virus,12,validation
D:\Plant-Disease-Detection\PlantVillage\Tomato__Tomato_YellowLeaf__Curl_Virus\0eac2833-5c90-4777-8e7d-b5c41785644b___UF.GRC_YLCV_Lab 09400.JPG,Tomato__Tomato_YellowLeaf__Curl_Virus,12,train
D:\Plant-Disease-Detection\PlantVillage\Tomato__Tomato_YellowLeaf__Curl_Virus\0eafc3f5-7c78-4408-b129-69cf1dee659f___YLCV_NREC 2502.JPG,Tomato__Tomato_YellowLeaf__Curl_Virus,12,test
D:\Plant-Disease-Detection\PlantVillage\Tomato__Tomato_YellowLeaf__Curl_Virus\0ec33982-87fc-49c4-a61e-5459a2497045___UF.GRC_YLCV_Lab 01749.JPG,Tomato__Tomato_YellowLeaf__Curl_Virus,12,train
D:\Plant-Disease-Detection\PlantVillage\Tomato__Tomato_YellowLeaf__Curl_Virus\0ec3e86a-8c2a-4f66-9c29-ee995dc88a7e___UF.GRC_YLCV_Lab 02980.JPG,Tomato__Tomato_YellowLeaf__Curl_Virus,12,train
D:\Plant-Disease-Detection\PlantVillage\Tomato__Tomato_YellowLeaf__Curl_Virus\0ec4aaf3-ec45-476f-bb03-2e97421b8c5f___UF.GRC_YLCV_Lab 03212.JPG,Tomato__Tomato_YellowLeaf__Curl_Virus,12,train
D:\Plant-Disease-Detection\PlantVillage\Tomato__Tomato_YellowLeaf__Curl_Virus\0ecb87cb-7759-4207-8b39-1d52326f6882___YLCV_GCREC 2597.JPG,Tomato__Tomato_YellowLeaf__Curl_Virus,12,train
D:\Plant-Disease-Detection\PlantVillage\Tomato__Tomato_YellowLeaf__Curl_Virus\0ee45ebe-5685-40d8-962c-e9f83b6af513___YLCV_NREC 2034.JPG,Tomato__Tomato_YellowLeaf__Curl_Virus,12,validation
D:\Plant-Disease-Detection\PlantVillage\Tomato__Tomato_YellowLeaf__Curl_Virus\0ef08a25-e24e-4ac7-96b7-fbc28046ce34___UF.GRC_YLCV_Lab 02884.JPG,Tomato__Tomato_YellowLeaf__Curl_Virus,12,train
D:\Plant-Disease-Detection\PlantVillage\Tomato__Tomato_YellowLeaf__Curl_Virus\0ef5dfde-771e-45cc-b0b1-38f1bc72547c___UF.GRC_YLCV_Lab 03247.JPG,Tomato__Tomato_YellowLeaf__Curl_Virus,12,train
D:\Plant-Disease-Detection\PlantVillage\Tomato__Tomato_YellowLeaf__Curl_Virus\0efaf7db-e814-4528-bfd9-eeda31d69d13___UF.GRC_YLCV_Lab 02888.JPG,Tomato__Tomato_YellowLeaf__Curl_Virus,12,train
D:\Plant-Disease-Detection\PlantVillage\Tomato__Tomato_YellowLeaf__Curl_Virus\0efb26b8-d292-4a54-ac93-32e5abb09d82___UF.GRC_YLCV_Lab 02715.JPG,Tomato__Tomato_YellowLeaf__Curl_Virus,12,test
D:\Plant-Disease-Detection\PlantVillage\Tomato__Tomato_YellowLeaf__Curl_Virus\0f0da02f-84af-4fba-a236-ee4be8a35884___UF.GRC_YLCV_Lab 03086.JPG,Tomato__Tomato_YellowLeaf__Curl_Virus,12,train
D:\Plant-Disease-Detection\PlantVillage\Tomato__Tomato_YellowLeaf__Curl_Virus\0f316e6e-9682-4651-b097-3adc84d046b7___YLCV_GCREC 2824.JPG,Tomato__Tomato_YellowLeaf__Curl_Virus,12,train
D:\Plant-Disease-Detection\PlantVillage\Tomato__Tomato_YellowLeaf__Curl_Virus\0f4001ae-9a28-4263-9eb1-1028ecbcd312___YLCV_NREC 2322.JPG,Tomato__Tomato_YellowLeaf__Curl_Virus,12,train
D:\Plant-Disease-Detection\PlantVillage\Tomato__Tomato_YellowLeaf__Curl_Virus\0f40a5f1-6297-461f-833c-df6487d0b7ad___YLCV_GCREC 2062.JPG,Tomato__Tomato_YellowLeaf__Curl_Virus,12,train
D:\Plant-Disease-Detection\PlantVillage\Tomato__Tomato_YellowLeaf__Curl_Virus\0f4764d2-a42c-4c17-8a9c-a38adb04a9a1___UF.GRC_YLCV_Lab 09615.JPG,Tomato__Tomato_YellowLeaf__Curl_Virus,12,validation
D:\Plant-Disease-Detection\PlantVillage\Tomato__Tomato_YellowLeaf__Curl_Virus\0f61a675-b540-49d3-9ef4-86a73228dcc8___UF.GRC_YLCV_Lab 09337.JPG,Tomato__Tomato_YellowLeaf__Curl_Virus,12,test
D:\Plant-Disease-Detection\PlantVillage\Tomato__Tomato_YellowLeaf__Curl_Virus\0f73811c-1401-434d-bd60-844d416e2846___UF.GRC_YLCV_Lab 01267.JPG,Tomato__Tomato_YellowLeaf__Curl_Virus,12,train
D:\Plant-Disease-Detection\PlantVillage\Tomato__Tomato_YellowLeaf__Curl_Virus\0f871667-c2f9-4c4c-b98d-9cb4bb2cc057___UF.GRC_YLCV_Lab 02434.JPG,Tomato__Tomato_YellowLeaf__Curl_Virus,12,train
D:\Plant-Disease-Detection\PlantVillage\Tomato__Tomato_YellowLeaf__Curl_Virus\0f934304-9bca-4c2e-a198-ab667b8e7687___YLCV_GCREC 2683.JPG,Tomato__Tomato_YellowLeaf__Curl_Virus,12,train
D:\Plant-Disease-Detection\PlantVillage\Tomato__Tomato_YellowLeaf__Curl_Virus\0fada544-d797-4168-bbf4-4f9dcfd24ec8___YLCV_NREC 1993.JPG,Tomato__Tomato_YellowLeaf__Curl_Virus,12,train
D:\Plant-Disease-Detection\PlantVillage\Tomato__Tomato_YellowLeaf__Curl_Virus\0fb17853-7286-4d25-84a2-9c991db63ae5___UF.GRC_YLCV_Lab 02745.JPG,Tomato__Tomato_YellowLeaf__Curl_Virus,12,validation
D:\Plant-Disease-Detection\PlantVillage\Tomato__Tomato_YellowLeaf__Curl_Virus\0fcbc9ec-8e9b-4a39-8204-a0a04c6f906f___UF.GRC_YLCV_Lab 09421.JPG,Tomato__Tomato_YellowLeaf__Curl_Virus,12,train
D:\Plant-Disease-Detection\PlantVillage\Tomato__Tomato_YellowLeaf__Curl_Virus\0fdcaef4-4723-4b4b-b81c-45f250a8ede3___YLCV_NREC 0254.JPG,Tomato__Tomato_YellowLeaf__Curl_Virus,12,validation
D:\Plant-Disease-Detection\PlantVillage\Tomato__Tomato_YellowLeaf__Curl_Virus\0fe8e176-9806-44bb-9dbd-394e47305776___UF.GRC_YLCV_Lab 02654.JPG,Tomato__Tomato_YellowLeaf__Curl_Virus,12,train
D:\Plant-Disease-Detection\PlantVillage\Tomato__Tomato_YellowLeaf__Curl_Virus\0fec6099-f860-47b5-a25b-455fea689861___UF.GRC_YLCV_Lab 02971.JPG,Tomato__Tomato_YellowLeaf__Curl_Virus,12,train
D:\Plant-Disease-Detection\PlantVillage\Tomato__Tomato_YellowLeaf__Curl_Virus\0ff3b5dd-ca75-4a15-95f3-903c2c272487___YLCV_NREC 2990.JPG,Tomato__Tomato_YellowLeaf__Curl_Virus,12,train
D:\Plant-Disease-Detection\PlantVillage\Tomato__Tomato_YellowLeaf__Curl_Virus\0ffb7a14-85d7-4b84-afde-59ed5d86b0e1___YLCV_NREC 2945.JPG,Tomato__Tomato_YellowLeaf__Curl_Virus,12,test
D:\Plant-Disease-Detection\PlantVillage\Tomato__Tomato_YellowLeaf__Curl_Virus\1a1f95f6-bfed-4a4e-a2c2-f9fb45611631___YLCV_GCREC 5131.JPG,Tomato__Tomato_YellowLeaf__Curl_Virus,12,train
D:\Plant-Disease-Detection\PlantVillage\Tomato__Tomato_YellowLeaf__Curl_Virus\1a5c3b6d-82ff-4f9b-9ba9-575a493ed3d9___UF.GRC_YLCV_Lab 02684.JPG,Tomato__Tomato_YellowLeaf__Curl_Virus,12,train
D:\Plant-Disease-Detection\PlantVillage\Tomato__Tomato_YellowLeaf__Curl_Virus\1b1762b5-7aef-463c-ab99-bcc49246407a___UF.GRC_YLCV_Lab 01470.JPG,Tomato__Tomato_YellowLeaf__Curl_Virus,12,train
D:\Plant-Disease-Detection\PlantVillage\Tomato__Tomato_YellowLeaf__Curl_Virus\1b273914-1083-497e-a4fb-4a515ea53296___UF.GRC_YLCV_Lab 08552.JPG,Tomato__Tomato_YellowLeaf__Curl_Virus,12,test
D:\Plant-Disease-Detection\PlantVillage\Tomato__Tomato_YellowLeaf__Curl_Virus\1b55735a-c10e-4ea9-969d-8fb3fac8622f___UF.GRC_YLCV_Lab 02818.JPG,Tomato__Tomato_YellowLeaf__Curl_Virus,12,validation
D:\Plant-Disease-Detection\PlantVillage\Tomato__Tomato_YellowLeaf__Curl_Virus\1b568289-2f14-4019-b028-3f02ffe3752b___YLCV_NREC 2254.JPG,Tomato__Tomato_YellowLeaf__Curl_Virus,12,train
D:\Plant-Disease-Detection\PlantVillage\Tomato__Tomato_YellowLeaf__Curl_Virus\1b85c0b1-e76a-4bfb-9bb2-576103e7a5bb___UF.GRC_YLCV_Lab 01824.JPG,Tomato__Tomato_YellowLeaf__Curl_Virus,12,train
D:\Plant-Disease-Detection\PlantVillage\Tomato__Tomato_YellowLeaf__Curl_Virus\1b94c436-a664-4e2a-af62-8e4d3761754a___YLCV_GCREC 2343.JPG,Tomato__Tomato_YellowLeaf__Curl_Virus,12,validation
D:\Plant-Disease-Detection\PlantVillage\Tomato__Tomato_YellowLeaf__Curl_Virus\1b951a13-a6af-48f7-8d4c-fbdf2d4d0c7c___UF.GRC_YLCV_Lab 02208.JPG,Tomato__Tomato_YellowLeaf__Curl_Virus,12,validation
D:\Plant-Disease-Detection\PlantVillage\Tomato__Tomato_YellowLeaf__Curl_Virus\1b977d41-3763-42c6-9d9b-e791db254f7e___YLCV_NREC 2716.JPG,Tomato__Tomato_YellowLeaf__Curl_Virus,12,train
D:\Plant-Disease-Detection\PlantVillage\Tomato__Tomato_YellowLeaf__Curl_Virus\1b984071-0529-4e15-9157-0b4b4a214d8f___UF.GRC_YLCV_Lab 08574.JPG,Tomato__Tomato_YellowLeaf__Curl_Virus,12,train
D:\Plant-Disease-Detection\PlantVillage\Tomato__Tomato_YellowLeaf__Curl_Virus\1b99da77-2a28-4ee4-8ef6-e86b78aa35aa___YLCV_NREC 0232.JPG,Tomato__Tomato_YellowLeaf__Curl_Virus,12,train
D:\Plant-Disease-Detection\PlantVillage\Tomato__Tomato_YellowLeaf__Curl_Virus\1ba3b050-8dfe-4ff9-aaa6-dff4f961e7ae___UF.GRC_YLCV_Lab 03009.JPG,Tomato__Tomato_YellowLeaf__Curl_Virus,12,train
D:\Plant-Disease-Detection\PlantVillage\Tomato__Tomato_YellowLeaf__Curl_Virus\1bc2555a-b8c3-4be6-9ce2-f52573f6eea0___UF.GRC_YLCV_Lab 09562.JPG,Tomato__Tomato_YellowLeaf__Curl_Virus,12,train
D:\Plant-Disease-Detection\PlantVillage\Tomato__Tomato_YellowLeaf__Curl_Virus\1be94ab9-681b-4cbb-9304-e4f4178a74e9___UF.GRC_YLCV_Lab 02822.JPG,Tomato__Tomato_YellowLeaf__Curl_Virus,12,train
D:\Plant-Disease-Detection\PlantVillage\Tomato__Tomato_YellowLeaf__Curl_Virus\1bea01a0-c680-4f6b-9b59-56386acb2d7d___YLCV_NREC 2796.JPG,Tomato__Tomato_YellowLeaf__Curl_Virus,12,train
D:\Plant-Disease-Detection\PlantVillage\Tomato__Tomato_YellowLeaf__Curl_Virus\1bef6514-c4be-4417-a390-3c506d4f1404___UF.GRC_YLCV_Lab 02020.JPG,Tomato__Tomato_YellowLeaf__Curl_Virus,12,train
D:\Plant-Disease-Detection\PlantVillage\Tomato__Tomato_YellowLeaf__Curl_Virus\1bf681a8-33b3-4c87-849a-ba4247bd6b54___YLCV_NREC 0093.JPG,Tomato__Tomato_YellowLeaf__Curl_Virus,12,train
D:\Plant-Disease-Detection\PlantVillage\Tomato__Tomato_YellowLeaf__Curl_Virus\1bf89324-315f-4267-9009-fe116526a0b5___UF.GRC_YLCV_Lab 02379.JPG,Tomato__Tomato_YellowLeaf__Curl_Virus,12,test
D:\Plant-Disease-Detection\PlantVillage\Tomato__Tomato_YellowLeaf__Curl_Virus\1bfa27f7-fdca-4991-9d93-361e45b52304___UF.GRC_YLCV_Lab 02071.JPG,Tomato__Tomato_YellowLeaf__Curl_Virus,12,train
D:\Plant-Disease-Detection\PlantVillage\Tomato__Tomato_YellowLeaf__Curl_Virus\1bff0039-09f4-4616-8c63-52021eef2533___YLCV_GCREC 2091.JPG,Tomato__Tomato_YellowLeaf__Curl_Virus,12,test
D:\Plant-Disease-Detection\PlantVillage\Tomato__Tomato_YellowLeaf__Curl_Virus\1c0478dc-09a0-4828-ab05-60c7063c7491___UF.GRC_YLCV_Lab 03153.JPG,Tomato__Tomato_YellowLeaf__Curl_Virus,12,train
D:\Plant-Disease-Detection\PlantVillage\Tomato__Tomato_YellowLeaf__Curl_Virus\1c1e1887-c9f8-4498-8ed5-4b09931946e0___UF.GRC_YLCV_Lab 03400.JPG,Tomato__Tomato_YellowLeaf__Curl_Virus,12,train
D:\Plant-Disease-Detection\PlantVillage\Tomato__Tomato_YellowLeaf__Curl_Virus\1c1f329f-d726-463f-8e54-a5ed2e7c9e87___UF.GRC_YLCV_Lab 03254.JPG,Tomato__Tomato_YellowLeaf__Curl_Virus,12,validation
D:\Plant-Disease-Detection\PlantVillage\Tomato__Tomato_YellowLeaf__Curl_Virus\1c228970-4090-4dff-8f24-5d923e965e13___YLCV_GCREC 2430.JPG,Tomato__Tomato_YellowLeaf__Curl_Virus,12,train
D:\Plant-Disease-Detection\PlantVillage\Tomato__Tomato_YellowLeaf__Curl_Virus\1c264e0f-1988-4d30-a311-7422148656f8___YLCV_GCREC 2789.JPG,Tomato__Tomato_YellowLeaf__Curl_Virus,12,test
D:\Plant-Disease-Detection\PlantVillage\Tomato__Tomato_YellowLeaf__Curl_Virus\1c28ac78-ae5c-4e33-81bb-c2311ded2d8d___YLCV_GCREC 2560.JPG,Tomato__Tomato_YellowLeaf__Curl_Virus,12,train
D:\Plant-Disease-Detection\PlantVillage\Tomato__Tomato_YellowLeaf__Curl_Virus\1c3779b9-cb13-43b0-9a4a-01f96e7d039f___YLCV_GCREC 2545.JPG,Tomato__Tomato_YellowLeaf__Curl_Virus,12,train
D:\Plant-Disease-Detection\PlantVillage\Tomato__Tomato_YellowLeaf__Curl_Virus\1c5303b5-2951-40f6-8e82-bf2ae4d666f2___YLCV_NREC 2013.JPG,Tomato__Tomato_YellowLeaf__Curl_Virus,12,train
D:\Plant-Disease-Detection\PlantVillage\Tomato__Tomato_YellowLeaf__Curl_Virus\1c5a96dd-01aa-4481-83a9-5c6f650ab2b5___UF.GRC_YLCV_Lab 08543.JPG,Tomato__Tomato_YellowLeaf__Curl_Virus,12,test
D:\Plant-Disease-Detection\PlantVillage\Tomato__Tomato_YellowLeaf__Curl_Virus\1c70bf65-e808-49de-bea2-7e47ef01c139___UF.GRC_YLCV_Lab 02768.JPG,Tomato__Tomato_YellowLeaf__Curl_Virus,12,train
D:\Plant-Disease-Detection\PlantVillage\Tomato__Tomato_YellowLeaf__Curl_Virus\1c8981d8-e6f5-4b26-b1ed-b0dea1a622d1___YLCV_NREC 2240.JPG,Tomato__Tomato_YellowLeaf__Curl_Virus,12,train
D:\Plant-Disease-Detection\PlantVillage\Tomato__Tomato_YellowLeaf__Curl_Virus\1c915a75-66fa-439a-8772-8c794e2cc19b___YLCV_GCREC 2861.JPG,Tomato__Tomato_YellowLeaf__Curl_Virus,12,train
D:\Plant-Disease-Detection\PlantVillage\Tomato__Tomato_YellowLeaf__Curl_Virus\1c9968b7-d736-4101-865a-4d77053d4e94___YLCV_NREC 2643.JPG,Tomato__Tomato_YellowLeaf__Curl_Virus,12,train
D:\Plant-Disease-Detection\PlantVillage\Tomato__Tomato_YellowLeaf__Curl_Virus\1ca6f94a-9f5b-471c-8c72-58fab83514c7___UF.GRC_YLCV_Lab 01453.JPG,Tomato__Tomato_YellowLeaf__Curl_Virus,12,train
D:\Plant-Disease-Detection\PlantVillage\Tomato__Tomato_YellowLeaf__Curl_Virus\1caa682c-2a12-483d-96a3-a9548428fb27___YLCV_GCREC 5497.JPG,Tomato__Tomato_YellowLeaf__Curl_Virus,12,validation
D:\Plant-Disease-Detection\PlantVillage\Tomato__Tomato_YellowLeaf__Curl_Virus\1caefc52-d9d0-4493-8f35-4c366a041d93___YLCV_NREC 2803.JPG,Tomato__Tomato_YellowLeaf__Curl_Virus,12,test
D:\Plant-Disease-Detection\PlantVillage\Tomato__Tomato_YellowLeaf__Curl_Virus\1cba0a0a-1e54-4ce9-b88c-722a6e8e12b7___YLCV_GCREC 2409.JPG,Tomato__Tomato_YellowLeaf__Curl_Virus,12,train
D:\Plant-Disease-Detection\PlantVillage\Tomato__Tomato_YellowLeaf__Curl_Virus\1cc29336-a8cb-466f-a585-997f2cf8f2a3___UF.GRC_YLCV_Lab 01632.JPG,Tomato__Tomato_YellowLeaf__Curl_Virus,12,validation
D:\Plant-Disease-Detection\PlantVillage\Tomato__Tomato_YellowLeaf__Curl_Virus\1cc5fa35-fde4-4b2d-b543-f0b7e6f5eb79___UF.GRC_YLCV_Lab 02152.JPG,Tomato__Tomato_YellowLeaf__Curl_Virus,12,train
D:\Plant-Disease-Detection\PlantVillage\Tomato__Tomato_YellowLeaf__Curl_Virus\1cd0ab0b-f4cf-4f2f-960a-455de4cd4c1e___YLCV_GCREC 2897.JPG,Tomato__Tomato_YellowLeaf__Curl_Virus,12,test
D:\Plant-Disease-Detection\PlantVillage\Tomato__Tomato_YellowLeaf__Curl_Virus\1cd27c22-6bd1-479d-a548-4e7b953676c8___UF.GRC_YLCV_Lab 01373.JPG,Tomato__Tomato_YellowLeaf__Curl_Virus,12,train
D:\Plant-Disease-Detection\PlantVillage\Tomato__Tomato_YellowLeaf__Curl_Virus\1cda9dae-d9ec-42b2-a420-52001ccb4941___UF.GRC_YLCV_Lab 03302.JPG,Tomato__Tomato_YellowLeaf__Curl_Virus,12,test
D:\Plant-Disease-Detection\PlantVillage\Tomato__Tomato_YellowLeaf__Curl_Virus\1cf49b23-0a6d-44b7-9a02-c7870d48527c___UF.GRC_YLCV_Lab 01496.JPG,Tomato__Tomato_YellowLeaf__Curl_Virus,12,train
D:\Plant-Disease-Detection\PlantVillage\Tomato__Tomato_YellowLeaf__Curl_Virus\1d1d75b8-9cf7-4df5-be43-47aedb745b6a___YLCV_GCREC 2000.JPG,Tomato__Tomato_YellowLeaf__Curl_Virus,12,train
D:\Plant-Disease-Detection\PlantVillage\Tomato__Tomato_YellowLeaf__Curl_Virus\1d1f8ce2-c216-45b0-910d-07382bd1d27a___UF.GRC_YLCV_Lab 01353.JPG,Tomato__Tomato_YellowLeaf__Curl_Virus,12,train
D:\Plant-Disease-Detection\PlantVillage\Tomato__Tomato_YellowLeaf__Curl_Virus\1d235cd7-c782-4e3a-9220-60a1e8eaa833___YLCV_NREC 2880.JPG,Tomato__Tomato_YellowLeaf__Curl_Virus,12,train
D:\Plant-Disease-Detection\PlantVillage\Tomato__Tomato_YellowLeaf__Curl_Virus\1d284bff-229f-4fb3-89c6-afdaff9e6f3e___UF.GRC_YLCV_Lab 08577.JPG,Tomato__Tomato_YellowLeaf__Curl_Virus,12,test
D:\Plant-Disease-Detection\PlantVillage\Tomato__Tomato_YellowLeaf__Curl_Virus\1d2c329f-db43-4e47-b3bc-93f84ec812cc___YLCV_NREC 2310.JPG,Tomato__Tomato_YellowLeaf__Curl_Virus,12,train
D:\Plant-Disease-Detection\PlantVillage\Tomato__Tomato_YellowLeaf__Curl_Virus\1d3441cd-0da1-4fc0-858a-e9687a104a10___UF.GRC_YLCV_Lab 09333.JPG,Tomato__Tomato_YellowLeaf__Curl_Virus,12,validation
D:\Plant-Disease-Detection\PlantVillage\Tomato__Tomato_YellowLeaf__Curl_Virus\1d3807d1-263e-4818-ac13-416627479eb9___UF.GRC_YLCV_Lab 02241.JPG,Tomato__Tomato_YellowLeaf__Curl_Virus,12,train
D:\Plant-Disease-Detection\PlantVillage\Tomato__Tomato_YellowLeaf__Curl_Virus\1d389f4a-ac40-4233-8b73-5bbf4428fda2___UF.GRC_YLCV_Lab 01279.JPG,Tomato__Tomato_YellowLeaf__Curl_Virus,12,train
D:\Plant-Disease-Detection\PlantVillage\Tomato__Tomato_YellowLeaf__Curl_Virus\1d4fd3e9-0b14-4eb4-8034-699cf0c4ca3e___YLCV_NREC 2583.JPG,Tomato__Tomato_YellowLeaf__Curl_Virus,12,train
D:\Plant-Disease-Detection\PlantVillage\Tomato__Tomato_YellowLeaf__Curl_Virus\1d5035e8-e116-4c36-a259-df87a69bc953___UF.GRC_YLCV_Lab 09586.JPG,Tomato__Tomato_YellowLeaf__Curl_Virus,12,train
D:\Plant-Disease-Detection\PlantVillage\Tomato__Tomato_YellowLeaf__Curl_Virus\1d5d8433-3df8-4b82-9399-c139eaa3a8e6___YLCV_GCREC 1989.JPG,Tomato__Tomato_YellowLeaf__Curl_Virus,12,train
D:\Plant-Disease-Detection\PlantVillage\Tomato__Tomato_YellowLeaf__Curl_Virus\1d71aaf7-0c50-4668-818f-1481a1c367cd___YLCV_GCREC 2857.JPG,Tomato__Tomato_YellowLeaf__Curl_Virus,12,train
D:\Plant-Disease-Detection\PlantVillage\Tomato__Tomato_YellowLeaf__Curl_Virus\1d7ce115-b719-4236-948f-5640817b43c3___UF.GRC_YLCV_Lab 02829.JPG,Tomato__Tomato_YellowLeaf__Curl_Virus,12,test
D:\Plant-Disease-Detection\PlantVillage\Tomato__Tomato_YellowLeaf__Curl_Virus\1d8627f3-55b7-46c6-8cae-af9737f11f79___UF.GRC_YLCV_Lab 02472.JPG,Tomato__Tomato_YellowLeaf__Curl_Virus,12,train
D:\Plant-Disease-Detection\PlantVillage\Tomato__Tomato_YellowLeaf__Curl_Virus\1d89e540-4dc1-442f-a5d8-b44bb5100bda___UF.GRC_YLCV_Lab 02480.JPG,Tomato__Tomato_YellowLeaf__Curl_Virus,12,train
D:\Plant-Disease-Detection\PlantVillage\Tomato__Tomato_YellowLeaf__Curl_Virus\1da120f6-8e0b-424a-b82a-cd1a73cec059___YLCV_GCREC 2643.JPG,Tomato__Tomato_YellowLeaf__Curl_Virus,12,train
D:\Plant-Disease-Detection\PlantVillage\Tomato__Tomato_YellowLeaf__Curl_Virus\1da2cd46-6067-4b47-a453-e02754962329___UF.GRC_YLCV_Lab 01728.JPG,Tomato__Tomato_YellowLeaf__Curl_Virus,12,validation
D:\Plant-Disease-Detection\PlantVillage\Tomato__Tomato_YellowLeaf__Curl_Virus\1da4146e-31fa-4361-9ee9-dbd1545f85ec___UF.GRC_YLCV_Lab 02047.JPG,Tomato__Tomato_YellowLeaf__Curl_Virus,12,train
D:\Plant-Disease-Detection\PlantVillage\Tomato__Tomato_YellowLeaf__Curl_Virus\1da5a1f0-7b30-4984-869e-ecc7a618eb29___YLCV_NREC 2840.JPG,Tomato__Tomato_YellowLeaf__Curl_Virus,12,test
D:\Plant-Disease-Detection\PlantVillage\Tomato__Tomato_YellowLeaf__Curl_Virus\1da736d4-1d24-47f8-9989-bfed656a7e9d___YLCV_NREC 1989.JPG,Tomato__Tomato_YellowLeaf__Curl_Virus,12,train
D:\Plant-Disease-Detection\PlantVillage\Tomato__Tomato_YellowLeaf__Curl_Virus\1db26dba-d945-4ef1-9c64-dacfa10ce08a___UF.GRC_YLCV_Lab 02960.JPG,Tomato__Tomato_YellowLeaf__Curl_Virus,12,test
D:\Plant-Disease-Detection\PlantVillage\Tomato__Tomato_YellowLeaf__Curl_Virus\1dc30471-999e-4b74-a775-c85fc2c7ab89___UF.GRC_YLCV_Lab 02134.JPG,Tomato__Tomato_YellowLeaf__Curl_Virus,12,train
D:\Plant-Disease-Detection\PlantVillage\Tomato__Tomato_YellowLeaf__Curl_Virus\1dd0d62f-7ef7-477f-b781-83423446a1f5___UF.GRC_YLCV_Lab 01580.JPG,Tomato__Tomato_YellowLeaf__Curl_Virus,12,train
D:\Plant-Disease-Detection\PlantVillage\Tomato__Tomato_YellowLeaf__Curl_Virus\1df0792a-e9eb-4eef-8e59-77ac4ed0a422___UF.GRC_YLCV_Lab 02641.JPG,Tomato__Tomato_YellowLeaf__Curl_Virus,12,train
D:\Plant-Disease-Detection\PlantVillage\Tomato__Tomato_YellowLeaf__Curl_Virus\1df30f7b-fece-4855-b82d-4abe8351a4ef___YLCV_NREC 2591.JPG,Tomato__Tomato_YellowLeaf__Curl_Virus,12,validation
D:\Plant-Disease-Detection\PlantVillage\Tomato__Tomato_YellowLeaf__Curl_Virus\1df98389-aa45-4b67-b2da-38642fe8841b___UF.GRC_YLCV_Lab 02295.JPG,Tomato__Tomato_YellowLeaf__Curl_Virus,12,train
D:\Plant-Disease-Detection\PlantVillage\Tomato__Tomato_YellowLeaf__Curl_Virus\1dfb7895-5477-4ad0-b02e-bbdfab409cf6___YLCV_NREC 0240.JPG,Tomato__Tomato_YellowLeaf__Curl_Virus,12,train
D:\Plant-Disease-Detection\PlantVillage\Tomato__Tomato_YellowLeaf__Curl_Virus\1dfbb58c-b33a-4b2e-a5fa-5df40246e7e8___UF.GRC_YLCV_Lab 01421.JPG,Tomato__Tomato_YellowLeaf__Curl_Virus,12,train
D:\Plant-Disease-Detection\PlantVillage\Tomato__Tomato_YellowLeaf__Curl_Virus\1dfeecca-ba78-4d56-88fe-71b9410b8e7a___YLCV_NREC 0169.JPG,Tomato__Tomato_YellowLeaf__Curl_Virus,12,train
D:\Plant-Disease-Detection\PlantVillage\Tomato__Tomato_YellowLeaf__Curl_Virus\1e02db5d-5674-4bfe-ac90-64fb69abfad1___UF.GRC_YLCV_Lab 02989.JPG,Tomato__Tomato_YellowLeaf__Curl_Virus,12,validation
D:\Plant-Disease-Detection\PlantVillage\Tomato__Tomato_YellowLeaf__Curl_Virus\1e23b687-67ac-466c-b14e-49f0fe717ac0___UF.GRC_YLCV_Lab 01647.JPG,Tomato__Tomato_YellowLeaf__Curl_Virus,12,train
D:\Plant-Disease-Detection\PlantVillage\Tomato__Tomato_YellowLeaf__Curl_Virus\1e3d3162-4650-4e88-8f42-b76360c44f9d___YLCV_NREC 2190.JPG,Tomato__Tomato_YellowLeaf__Curl_Virus,12,train
D:\Plant-Disease-Detection\PlantVillage\Tomato__Tomato_YellowLeaf__Curl_Virus\1e5d50b9-7cf6-4ea3-9e39-020e59c72130___UF.GRC_YLCV_Lab 03092.JPG,Tomato__Tomato_YellowLeaf__Curl_Virus,12,train
D:\Plant-Disease-Detection\PlantVillage\Tomato__Tomato_YellowLeaf__Curl_Virus\1e619c8a-6752-4654-90b8-598397347530___UF.GRC_YLCV_Lab 02524.JPG,Tomato__Tomato_YellowLeaf__Curl_Virus,12,train
D:\Plant-Disease-Detection\PlantVillage\Tomato__Tomato_YellowLeaf__Curl_Virus\1e624f89-d4ae-421b-9e9f-dcccd20211ac___YLCV_GCREC 5437.JPG,Tomato__Tomato_YellowLeaf__Curl_Virus,12,validation
D:\Plant-Disease-Detection\PlantVillage\Tomato__Tomato_YellowLeaf__Curl_Virus\1e832665-08e7-4d77-9ab0-39a5fe3c919a___UF.GRC_YLCV_Lab 02473.JPG,Tomato__Tomato_YellowLeaf__Curl_Virus,12,test
D:\Plant-Disease-Detection\PlantVillage\Tomato__Tomato_YellowLeaf__Curl_Virus\1e83510e-18e7-4c6d-9223-3450766715c8___UF.GRC_YLCV_Lab 01939.JPG,Tomato__Tomato_YellowLeaf__Curl_Virus,12,train
D:\Plant-Disease-Detection\PlantVillage\Tomato__Tomato_YellowLeaf__Curl_Virus\1e891a18-662b-41d6-9bf3-a50eb7f58fbe___YLCV_NREC 0231.JPG,Tomato__Tomato_YellowLeaf__Curl_Virus,12,train
D:\Plant-Disease-Detection\PlantVillage\Tomato__Tomato_YellowLeaf__Curl_Virus\1e903e25-34b2-4207-94ed-f862a632a88a___YLCV_NREC 2158.JPG,Tomato__Tomato_YellowLeaf__Curl_Virus,12,train
D:\Plant-Disease-Detection\PlantVillage\Tomato__Tomato_YellowLeaf__Curl_Virus\1e924491-cb5f-4843-8f26-de597f552240___YLCV_NREC 2011.JPG,Tomato__Tomato_YellowLeaf__Curl_Virus,12,test
D:\Plant-Disease-Detection\PlantVillage\Tomato__Tomato_YellowLeaf__Curl_Virus\1e95f4dc-6fa2-4fbb-a8b3-426e43f95d69___UF.GRC_YLCV_Lab 03118.JPG,Tomato__Tomato_YellowLeaf__Curl_Virus,12,train
D:\Plant-Disease-Detection\PlantVillage\Tomato__Tomato_YellowLeaf__Curl_Virus\1ea07778-c22f-4183-ba26-ed5dee8e1589___UF.GRC_YLCV_Lab 02666.JPG,Tomato__Tomato_YellowLeaf__Curl_Virus,12,train
D:\Plant-Disease-Detection\PlantVillage\Tomato__Tomato_YellowLeaf__Curl_Virus\1eac2879-1201-4d11-8652-547787cff379___YLCV_GCREC 5357.JPG,Tomato__Tomato_YellowLeaf__Curl_Virus,12,train
D:\Plant-Disease-Detection\PlantVillage\Tomato__Tomato_YellowLeaf__Curl_Virus\1ead601d-c2c0-44a6-90cd-e20680ab559c___YLCV_GCREC 2612.JPG,Tomato__Tomato_YellowLeaf__Curl_Virus,12,test
D:\Plant-Disease-Detection\PlantVillage\Tomato__Tomato_YellowLeaf__Curl_Virus\1ee4066c-c130-42e8-a95b-17453919f4fb___YLCV_GCREC 2202.JPG,Tomato__Tomato_YellowLeaf__Curl_Virus,12,train
D:\Plant-Disease-Detection\PlantVillage\Tomato__Tomato_YellowLeaf__Curl_Virus\1ee40690-2367-4a13-92ae-32b308b9533f___YLCV_NREC 2548.JPG,Tomato__Tomato_YellowLeaf__Curl_Virus,12,train
D:\Plant-Disease-Detection\PlantVillage\Tomato__Tomato_YellowLeaf__Curl_Virus\1eeab195-9373-4dfc-b4f7-b3198c542b08___YLCV_NREC 2141.JPG,Tomato__Tomato_YellowLeaf__Curl_Virus,12,train
D:\Plant-Disease-Detection\PlantVillage\Tomato__Tomato_YellowLeaf__Curl_Virus\1eec6973-96db-4d9b-9718-2245c0c2d851___YLCV_GCREC 5146.JPG,Tomato__Tomato_YellowLeaf__Curl_Virus,12,validation
D:\Plant-Disease-Detection\PlantVillage\Tomato__Tomato_YellowLeaf__Curl_Virus\1ef18d98-ddde-49b2-b65a-51f372248683___UF.GRC_YLCV_Lab 01467.JPG,Tomato__Tomato_YellowLeaf__Curl_Virus,12,train
D:\Plant-Disease-Detection\PlantVillage\Tomato__Tomato_YellowLeaf__Curl_Virus\1ef8673e-9cef-4438-846d-667dd66e418b___UF.GRC_YLCV_Lab 01750.JPG,Tomato__Tomato_YellowLeaf__Curl_Virus,12,train
D:\Plant-Disease-Detection\PlantVillage\Tomato__Tomato_YellowLeaf__Curl_Virus\1f1499b2-fbea-4e2d-bfd2-b64ad1c180d4___YLCV_GCREC 2606.JPG,Tomato__Tomato_YellowLeaf__Curl_Virus,12,train
D:\Plant-Disease-Detection\PlantVillage\Tomato__Tomato_YellowLeaf__Curl_Virus\1f20e2cd-2171-48dd-9291-a7e6ab6d3b22___YLCV_GCREC 2476.JPG,Tomato__Tomato_YellowLeaf__Curl_Virus,12,train
D:\Plant-Disease-Detection\PlantVillage\Tomato__Tomato_YellowLeaf__Curl_Virus\1f246191-b38c-466a-b8da-0bf7f73677c3___YLCV_NREC 2271.JPG,Tomato__Tomato_YellowLeaf__Curl_Virus,12,train
D:\Plant-Disease-Detection\PlantVillage\Tomato__Tomato_YellowLeaf__Curl_Virus\1f2608c7-0a2b-4687-93fd-ec25e7a45dd4___UF.GRC_YLCV_Lab 01683.JPG,Tomato__Tomato_YellowLeaf__Curl_Virus,12,train
D:\Plant-Disease-Detection\PlantVillage\Tomato__Tomato_YellowLeaf__Curl_Virus\1f27c9d8-fae0-4dbc-a228-d68997b0c00b___YLCV_GCREC 2252.JPG,Tomato__Tomato_YellowLeaf__Curl_Virus,12,train
D:\Plant-Disease-Detection\PlantVillage\Tomato__Tomato_YellowLeaf__Curl_Virus\1f3cf528-4e4e-4df7-936f-10c527a549da___UF.GRC_YLCV_Lab 01559.JPG,Tomato__Tomato_YellowLeaf__Curl_Virus,12,train
D:\Plant-Disease-Detection\PlantVillage\Tomato__Tomato_YellowLeaf__Curl_Virus\1f78ba68-eb31-4311-b799-1c8aa78f34ae___UF.GRC_YLCV_Lab 02824.JPG,Tomato__Tomato_YellowLeaf__Curl_Virus,12,train
D:\Plant-Disease-Detection\PlantVillage\Tomato__Tomato_YellowLeaf__Curl_Virus\1f8f9ea6-3154-4874-8937-f8762b70a917___YLCV_GCREC 2459.JPG,Tomato__Tomato_YellowLeaf__Curl_Virus,12,validation
D:\Plant-Disease-Detection\PlantVillage\Tomato__Tomato_YellowLeaf__Curl_Virus\1fa1af07-59c6-4a2f-ba5f-5cc5c6f2e327___UF.GRC_YLCV_Lab 03260.JPG,Tomato__Tomato_YellowLeaf__Curl_Virus,12,train
D:\Plant-Disease-Detection\PlantVillage\Tomato__Tomato_YellowLeaf__Curl_Virus\1fab93a9-7b17-483d-9b6e-02a166cbfc36___UF.GRC_YLCV_Lab 08442.JPG,Tomato__Tomato_YellowLeaf__Curl_Virus,12,validation
D:\Plant-Disease-Detection\PlantVillage\Tomato__Tomato_YellowLeaf__Curl_Virus\1fb17deb-a5a4-46d8-9026-a1fec9b24bec___YLCV_GCREC 5199.JPG,Tomato__Tomato_YellowLeaf__Curl_Virus,12,train
D:\Plant-Disease-Detection\PlantVillage\Tomato__Tomato_YellowLeaf__Curl_Virus\1fc81b3a-b368-40d7-a2fd-ba6bbea7530d___UF.GRC_YLCV_Lab 09456.JPG,Tomato__Tomato_YellowLeaf__Curl_Virus,12,train
D:\Plant-Disease-Detection\PlantVillage\Tomato__Tomato_YellowLeaf__Curl_Virus\1fd65528-6e15-4280-b940-9df51be1aced___UF.GRC_YLCV_Lab 08548.JPG,Tomato__Tomato_YellowLeaf__Curl_Virus,12,validation
D:\Plant-Disease-Detection\PlantVillage\Tomato__Tomato_YellowLeaf__Curl_Virus\1fd6bf4f-4be7-49fd-931d-fee74e765602___YLCV_GCREC 2746.JPG,Tomato__Tomato_YellowLeaf__Curl_Virus,12,train
D:\Plant-Disease-Detection\PlantVillage\Tomato__Tomato_YellowLeaf__Curl_Virus\1ff39e2a-e4e5-4090-a87d-245171c14f5b___UF.GRC_YLCV_Lab 01340.JPG,Tomato__Tomato_YellowLeaf__Curl_Virus,12,validation
D:\Plant-Disease-Detection\PlantVillage\Tomato__Tomato_YellowLeaf__Curl_Virus\1ff892dc-1ab8-453f-ae97-61395b75c036___YLCV_GCREC 2903.JPG,Tomato__Tomato_YellowLeaf__Curl_Virus,12,train
D:\Plant-Disease-Detection\PlantVillage\Tomato__Tomato_YellowLeaf__Curl_Virus\2a276c6e-c072-4cc8-a1ff-8de64e4b8548___UF.GRC_YLCV_Lab 01361.JPG,Tomato__Tomato_YellowLeaf__Curl_Virus,12,validation
D:\Plant-Disease-Detection\PlantVillage\Tomato__Tomato_YellowLeaf__Curl_Virus\2a32769b-1352-43fb-889d-612c4395848c___UF.GRC_YLCV_Lab 02713.JPG,Tomato__Tomato_YellowLeaf__Curl_Virus,12,validation
D:\Plant-Disease-Detection\PlantVillage\Tomato__Tomato_YellowLeaf__Curl_Virus\2a3a60a3-cfe0-4202-a6ec-2d7f5df29866___YLCV_GCREC 5258.JPG,Tomato__Tomato_YellowLeaf__Curl_Virus,12,train
D:\Plant-Disease-Detection\PlantVillage\Tomato__Tomato_YellowLeaf__Curl_Virus\2a433ab0-4ff3-4991-8a34-c0536ba5ba5f___YLCV_GCREC 5383.JPG,Tomato__Tomato_YellowLeaf__Curl_Virus,12,validation
D:\Plant-Disease-Detection\PlantVillage\Tomato__Tomato_YellowLeaf__Curl_Virus\2a5913c5-0fda-489c-b998-edbf96dd40b8___YLCV_NREC 2472.JPG,Tomato__Tomato_YellowLeaf__Curl_Virus,12,validation
D:\Plant-Disease-Detection\PlantVillage\Tomato__Tomato_YellowLeaf__Curl_Virus\2a5ba381-ff56-458f-89d1-0e03bb8d070f___YLCV_GCREC 2720.JPG,Tomato__Tomato_YellowLeaf__Curl_Virus,12,train
D:\Plant-Disease-Detection\PlantVillage\Tomato__Tomato_YellowLeaf__Curl_Virus\2a5c3393-6cae-46be-a715-c5e475d1b3e9___UF.GRC_YLCV_Lab 09405.JPG,Tomato__Tomato_YellowLeaf__Curl_Virus,12,train
D:\Plant-Disease-Detection\PlantVillage\Tomato__Tomato_YellowLeaf__Curl_Virus\2a67b51d-1ad6-4ab9-8a1d-db599f8593f3___YLCV_NREC 0081.JPG,Tomato__Tomato_YellowLeaf__Curl_Virus,12,train
D:\Plant-Disease-Detection\PlantVillage\Tomato__Tomato_YellowLeaf__Curl_Virus\2a893d80-fce2-4a58-b33e-de1e4d15cca3___UF.GRC_YLCV_Lab 01792.JPG,Tomato__Tomato_YellowLeaf__Curl_Virus,12,train
D:\Plant-Disease-Detection\PlantVillage\Tomato__Tomato_YellowLeaf__Curl_Virus\2aadd640-7d4c-41da-91e9-cab1045964a4___YLCV_GCREC 2294.JPG,Tomato__Tomato_YellowLeaf__Curl_Virus,12,train
D:\Plant-Disease-Detection\PlantVillage\Tomato__Tomato_YellowLeaf__Curl_Virus\2ac22b20-1bfe-463c-b43d-006e5becb0ef___YLCV_GCREC 2508.JPG,Tomato__Tomato_YellowLeaf__Curl_Virus,12,train
D:\Plant-Disease-Detection\PlantVillage\Tomato__Tomato_YellowLeaf__Curl_Virus\2acea156-8e71-4851-9f34-f9842978bb24___YLCV_GCREC 1933.JPG,Tomato__Tomato_YellowLeaf__Curl_Virus,12,train
D:\Plant-Disease-Detection\PlantVillage\Tomato__Tomato_YellowLeaf__Curl_Virus\2ae640a5-501f-4da1-a44f-e93e2b1fd945___UF.GRC_YLCV_Lab 02039.JPG,Tomato__Tomato_YellowLeaf__Curl_Virus,12,validation
D:\Plant-Disease-Detection\PlantVillage\Tomato__Tomato_YellowLeaf__Curl_Virus\2afe2153-28f1-4704-8da0-123c0618f55d___YLCV_GCREC 2656.JPG,Tomato__Tomato_YellowLeaf__Curl_Virus,12,validation
D:\Plant-Disease-Detection\PlantVillage\Tomato__Tomato_YellowLeaf__Curl_Virus\2b180504-a56e-430a-a6a7-654fc8e62c9f___YLCV_NREC 0218.JPG,Tomato__Tomato_YellowLeaf__Curl_Virus,12,train
D:\Plant-Disease-Detection\PlantVillage\Tomato__Tomato_YellowLeaf__Curl_Virus\2b48038c-a3a2-4920-8ac8-5ff3ee3cb622___YLCV_NREC 2282.JPG,Tomato__Tomato_YellowLeaf__Curl_Virus,12,train
D:\Plant-Disease-Detection\PlantVillage\Tomato__Tomato_YellowLeaf__Curl_Virus\2b4baa59-053b-459f-bd5f-f656e1277e5d___UF.GRC_YLCV_Lab 02520.JPG,Tomato__Tomato_YellowLeaf__Curl_Virus,12,train
D:\Plant-Disease-Detection\PlantVillage\Tomato__Tomato_YellowLeaf__Curl_Virus\2b83a638-e1d2-4fca-ad2b-7b16e970fe06___UF.GRC_YLCV_Lab 01438.JPG,Tomato__Tomato_YellowLeaf__Curl_Virus,12,train
D:\Plant-Disease-Detection\PlantVillage\Tomato__Tomato_YellowLeaf__Curl_Virus\2b8514e1-b8d7-4c8b-b557-c3e48b8e1b65___YLCV_NREC 0296.JPG,Tomato__Tomato_YellowLeaf__Curl_Virus,12,train
D:\Plant-Disease-Detection\PlantVillage\Tomato__Tomato_YellowLeaf__Curl_Virus\2b873d69-90f8-442d-8ace-77d1fde9b556___UF.GRC_YLCV_Lab 08433.JPG,Tomato__Tomato_YellowLeaf__Curl_Virus,12,test
D:\Plant-Disease-Detection\PlantVillage\Tomato__Tomato_YellowLeaf__Curl_Virus\2b9d4237-aa71-40c1-8bec-b3d3d20f3231___UF.GRC_YLCV_Lab 02677.JPG,Tomato__Tomato_YellowLeaf__Curl_Virus,12,train
D:\Plant-Disease-Detection\PlantVillage\Tomato__Tomato_YellowLeaf__Curl_Virus\2ba3be4f-591c-4077-877a-8eaf7e5d0726___YLCV_GCREC 2272.JPG,Tomato__Tomato_YellowLeaf__Curl_Virus,12,train
D:\Plant-Disease-Detection\PlantVillage\Tomato__Tomato_YellowLeaf__Curl_Virus\2ba5c8db-ec68-4619-a6b6-b5b953ca96b6___YLCV_GCREC 2124.JPG,Tomato__Tomato_YellowLeaf__Curl_Virus,12,train
D:\Plant-Disease-Detection\PlantVillage\Tomato__Tomato_YellowLeaf__Curl_Virus\2ba77bb3-aec1-4fff-bc95-99e28c7b85f7___UF.GRC_YLCV_Lab 08483.JPG,Tomato__Tomato_YellowLeaf__Curl_Virus,12,train
D:\Plant-Disease-Detection\PlantVillage\Tomato__Tomato_YellowLeaf__Curl_Virus\2bacf882-d3ba-4ac6-829e-2efbee8d04d8___UF.GRC_YLCV_Lab 03237.JPG,Tomato__Tomato_YellowLeaf__Curl_Virus,12,train
D:\Plant-Disease-Detection\PlantVillage\Tomato__Tomato_YellowLeaf__Curl_Virus\2bbe6fb5-d83b-427e-a757-06b0aa54df99___YLCV_NREC 2089.JPG,Tomato__Tomato_YellowLeaf__Curl_Virus,12,train
D:\Plant-Disease-Detection\PlantVillage\Tomato__Tomato_YellowLeaf__Curl_Virus\2bbffc24-08fd-45b2-b214-de14c1588cb7___UF.GRC_YLCV_Lab 09518.JPG,Tomato__Tomato_YellowLeaf__Curl_Virus,12,train
D:\Plant-Disease-Detection\PlantVillage\Tomato__Tomato_YellowLeaf__Curl_Virus\2be29ff8-c858-43f6-92c3-b097bca0a289___YLCV_NREC 2144.JPG,Tomato__Tomato_YellowLeaf__Curl_Virus,12,validation
D:\Plant-Disease-Detection\PlantVillage\Tomato__Tomato_YellowLeaf__Curl_Virus\2be75df5-bbeb-46a0-909e-4be2d8d6a369___UF.GRC_YLCV_Lab 02321.JPG,Tomato__Tomato_YellowLeaf__Curl_Virus,12,train
D:\Plant-Disease-Detection\PlantVillage\Tomato__Tomato_YellowLeaf__Curl_Virus\2be7d064-fd61-49fe-95be-e07b37196bfc___YLCV_GCREC 2095.JPG,Tomato__Tomato_YellowLeaf__Curl_Virus,12,train
D:\Plant-Disease-Detection\PlantVillage\Tomato__Tomato_YellowLeaf__Curl_Virus\2be8c906-36de-4290-9003-cc717511cab9___YLCV_GCREC 2334.JPG,Tomato__Tomato_YellowLeaf__Curl_Virus,12,test
D:\Plant-Disease-Detection\PlantVillage\Tomato__Tomato_YellowLeaf__Curl_Virus\2bea8cda-686e-4185-bb55-c468f97721b2___YLCV_NREC 0146.JPG,Tomato__Tomato_YellowLeaf__Curl_Virus,12,test
D:\Plant-Disease-Detection\PlantVillage\Tomato__Tomato_YellowLeaf__Curl_Virus\2bf77f10-bf00-40a6-9dd8-74c5ab8da331___UF.GRC_YLCV_Lab 01987.JPG,Tomato__Tomato_YellowLeaf__Curl_Virus,12,train
D:\Plant-Disease-Detection\PlantVillage\Tomato__Tomato_YellowLeaf__Curl_Virus\2c01b2f4-fba8-43e1-bf26-8ea87cbe22b9___UF.GRC_YLCV_Lab 09350.JPG,Tomato__Tomato_YellowLeaf__Curl_Virus,12,train
D:\Plant-Disease-Detection\PlantVillage\Tomato__Tomato_YellowLeaf__Curl_Virus\2c127696-2214-42d3-b957-54a5362ce2b0___YLCV_GCREC 2320.JPG,Tomato__Tomato_YellowLeaf__Curl_Virus,12,train
D:\Plant-Disease-Detection\PlantVillage\Tomato__Tomato_YellowLeaf__Curl_Virus\2c17e2dd-98aa-4416-b221-bb1f306f626c___YLCV_NREC 2088.JPG,Tomato__Tomato_YellowLeaf__Curl_Virus,12,test
D:\Plant-Disease-Detection\PlantVillage\Tomato__Tomato_YellowLeaf__Curl_Virus\2c19550b-7f01-4112-aa92-c12e601c940d___UF.GRC_YLCV_Lab 03362.JPG,Tomato__Tomato_YellowLeaf__Curl_Virus,12,train
D:\Plant-Disease-Detection\PlantVillage\Tomato__Tomato_YellowLeaf__Curl_Virus\2c2787bf-47fc-439f-8fa9-0423cd69a68e___UF.GRC_YLCV_Lab 02305.JPG,Tomato__Tomato_YellowLeaf__Curl_Virus,12,validation
D:\Plant-Disease-Detection\PlantVillage\Tomato__Tomato_YellowLeaf__Curl_Virus\2c2cb9ca-97fd-4897-84d2-e37c6adc2ce2___YLCV_NREC 2832.JPG,Tomato__Tomato_YellowLeaf__Curl_Virus,12,validation
D:\Plant-Disease-Detection\PlantVillage\Tomato__Tomato_YellowLeaf__Curl_Virus\2c2edfe4-d082-4a2e-8b07-62a69f3d96e8___YLCV_NREC 2247.JPG,Tomato__Tomato_YellowLeaf__Curl_Virus,12,train
D:\Plant-Disease-Detection\PlantVillage\Tomato__Tomato_YellowLeaf__Curl_Virus\2c3648eb-a27a-4066-9ee1-7a35425219bd___YLCV_GCREC 2556.JPG,Tomato__Tomato_YellowLeaf__Curl_Virus,12,test
D:\Plant-Disease-Detection\PlantVillage\Tomato__Tomato_YellowLeaf__Curl_Virus\2c4409de-190b-47d6-8af7-6a51b2fa6ea9___UF.GRC_YLCV_Lab 03088.JPG,Tomato__Tomato_YellowLeaf__Curl_Virus,12,train
D:\Plant-Disease-Detection\PlantVillage\Tomato__Tomato_YellowLeaf__Curl_Virus\2c63abde-6c3f-422f-861d-ef78dce24a3c___UF.GRC_YLCV_Lab 02630.JPG,Tomato__Tomato_YellowLeaf__Curl_Virus,12,train
D:\Plant-Disease-Detection\PlantVillage\Tomato__Tomato_YellowLeaf__Curl_Virus\2c64b813-02ac-48e1-a9be-35414a31a76a___UF.GRC_YLCV_Lab 03234.JPG,Tomato__Tomato_YellowLeaf__Curl_Virus,12,validation
D:\Plant-Disease-Detection\PlantVillage\Tomato__Tomato_YellowLeaf__Curl_Virus\2c661797-977f-4d09-bbad-ef4ee501498e___UF.GRC_YLCV_Lab 02466.JPG,Tomato__Tomato_YellowLeaf__Curl_Virus,12,test
D:\Plant-Disease-Detection\PlantVillage\Tomato__Tomato_YellowLeaf__Curl_Virus\2c6a74f2-1457-428e-87f0-5d7dc875a0f6___YLCV_NREC 0078.JPG,Tomato__Tomato_YellowLeaf__Curl_Virus,12,test
D:\Plant-Disease-Detection\PlantVillage\Tomato__Tomato_YellowLeaf__Curl_Virus\2c742f2c-58f9-4b08-a534-350e972696a0___UF.GRC_YLCV_Lab 03100.JPG,Tomato__Tomato_YellowLeaf__Curl_Virus,12,train
D:\Plant-Disease-Detection\PlantVillage\Tomato__Tomato_YellowLeaf__Curl_Virus\2c7bfbfd-03a0-4a77-8e20-ba199809deb8___YLCV_GCREC 2790.JPG,Tomato__Tomato_YellowLeaf__Curl_Virus,12,validation
D:\Plant-Disease-Detection\PlantVillage\Tomato__Tomato_YellowLeaf__Curl_Virus\2c7ec9c3-3b39-4102-b8c7-957cd56f90dd___YLCV_NREC 0151.JPG,Tomato__Tomato_YellowLeaf__Curl_Virus,12,train
D:\Plant-Disease-Detection\PlantVillage\Tomato__Tomato_YellowLeaf__Curl_Virus\2c89426e-b54e-4a2d-b8d9-993e4a678952___YLCV_NREC 2236.JPG,Tomato__Tomato_YellowLeaf__Curl_Virus,12,train
D:\Plant-Disease-Detection\PlantVillage\Tomato__Tomato_YellowLeaf__Curl_Virus\2c8b2d0d-2948-463d-ad63-e0805e1e2c9d___YLCV_GCREC 5443.JPG,Tomato__Tomato_YellowLeaf__Curl_Virus,12,train
D:\Plant-Disease-Detection\PlantVillage\Tomato__Tomato_YellowLeaf__Curl_Virus\2c96287b-7683-44cf-b63b-4b2a866d9a72___UF.GRC_YLCV_Lab 02330.JPG,Tomato__Tomato_YellowLeaf__Curl_Virus,12,train
D:\Plant-Disease-Detection\PlantVillage\Tomato__Tomato_YellowLeaf__Curl_Virus\2cb63635-7892-47cd-b78c-85eabc36d35c___YLCV_NREC 2522.JPG,Tomato__Tomato_YellowLeaf__Curl_Virus,12,train
D:\Plant-Disease-Detection\PlantVillage\Tomato__Tomato_YellowLeaf__Curl_Virus\2cc21998-617b-4110-8681-deba0f7ee284___YLCV_NREC 2203.JPG,Tomato__Tomato_YellowLeaf__Curl_Virus,12,validation
D:\Plant-Disease-Detection\PlantVillage\Tomato__Tomato_YellowLeaf__Curl_Virus\2cc29dd0-5b8b-46b2-b046-f3bbc3fc358a___YLCV_NREC 2350.JPG,Tomato__Tomato_YellowLeaf__Curl_Virus,12,train
D:\Plant-Disease-Detection\PlantVillage\Tomato__Tomato_YellowLeaf__Curl_Virus\2cc6d499-bf92-48c6-b0f9-6d9ef3c2f76e___UF.GRC_YLCV_Lab 03271.JPG,Tomato__Tomato_YellowLeaf__Curl_Virus,12,train
D:\Plant-Disease-Detection\PlantVillage\Tomato__Tomato_YellowLeaf__Curl_Virus\2cd782b8-c502-466e-a21f-36d1fd6680a2___YLCV_GCREC 5365.JPG,Tomato__Tomato_YellowLeaf__Curl_Virus,12,test
D:\Plant-Disease-Detection\PlantVillage\Tomato__Tomato_YellowLeaf__Curl_Virus\2cdc89df-d398-4dd6-98ff-d3433a681af0___UF.GRC_YLCV_Lab 01410.JPG,Tomato__Tomato_YellowLeaf__Curl_Virus,12,train
D:\Plant-Disease-Detection\PlantVillage\Tomato__Tomato_YellowLeaf__Curl_Virus\2ce17a45-ec48-489b-95ee-a84fe6cac8b6___YLCV_NREC 0262.JPG,Tomato__Tomato_YellowLeaf__Curl_Virus,12,train
D:\Plant-Disease-Detection\PlantVillage\Tomato__Tomato_YellowLeaf__Curl_Virus\2ce6e1ab-1743-44f9-b3c2-d70304eb9366___YLCV_GCREC 5255.JPG,Tomato__Tomato_YellowLeaf__Curl_Virus,12,train
D:\Plant-Disease-Detection\PlantVillage\Tomato__Tomato_YellowLeaf__Curl_Virus\2ced8bb2-5756-4c99-837f-3cb3a2e831ff___YLCV_GCREC 5430.JPG,Tomato__Tomato_YellowLeaf__Curl_Virus,12,validation
D:\Plant-Disease-Detection\PlantVillage\Tomato__Tomato_YellowLeaf__Curl_Virus\2cf5bbdf-e70c-434e-8f3b-e7f6dd43ff31___UF.GRC_YLCV_Lab 02664.JPG,Tomato__Tomato_YellowLeaf__Curl_Virus,12,validation
D:\Plant-Disease-Detection\PlantVillage\Tomato__Tomato_YellowLeaf__Curl_Virus\2cf77de4-b5cd-404b-8949-53c5687d3936___UF.GRC_YLCV_Lab 09541.JPG,Tomato__Tomato_YellowLeaf__Curl_Virus,12,test
D:\Plant-Disease-Detection\PlantVillage\Tomato__Tomato_YellowLeaf__Curl_Virus\2d02b5b3-406a-41f0-bca7-bc50ca3e90de___UF.GRC_YLCV_Lab 02038.JPG,Tomato__Tomato_YellowLeaf__Curl_Virus,12,train
D:\Plant-Disease-Detection\PlantVillage\Tomato__Tomato_YellowLeaf__Curl_Virus\2d07cd71-8088-46c5-9802-dda7a04c2350___UF.GRC_YLCV_Lab 08446.JPG,Tomato__Tomato_YellowLeaf__Curl_Virus,12,train
D:\Plant-Disease-Detection\PlantVillage\Tomato__Tomato_YellowLeaf__Curl_Virus\2d153f37-e9ff-4f1b-a1f1-cca1cb109440___YLCV_NREC 2065.JPG,Tomato__Tomato_YellowLeaf__Curl_Virus,12,train
D:\Plant-Disease-Detection\PlantVillage\Tomato__Tomato_YellowLeaf__Curl_Virus\2d3999dd-3b1a-4c6c-80bd-1deadf491737___UF.GRC_YLCV_Lab 03361.JPG,Tomato__Tomato_YellowLeaf__Curl_Virus,12,train
D:\Plant-Disease-Detection\PlantVillage\Tomato__Tomato_YellowLeaf__Curl_Virus\2d3a1131-5dde-4d05-ab1a-2a051ea680ef___UF.GRC_YLCV_Lab 08542.JPG,Tomato__Tomato_YellowLeaf__Curl_Virus,12,train
D:\Plant-Disease-Detection\PlantVillage\Tomato__Tomato_YellowLeaf__Curl_Virus\2d3baec6-4431-4b09-8645-73d4c97547b3___UF.GRC_YLCV_Lab 02084.JPG,Tomato__Tomato_YellowLeaf__Curl_Virus,12,validation
D:\Plant-Disease-Detection\PlantVillage\Tomato__Tomato_YellowLeaf__Curl_Virus\2d3cb3a2-7157-4ca7-803b-508a59701a70___YLCV_NREC 0274.JPG,Tomato__Tomato_YellowLeaf__Curl_Virus,12,train
D:\Plant-Disease-Detection\PlantVillage\Tomato__Tomato_YellowLeaf__Curl_Virus\2d5a0c64-0567-4860-9d64-be45f8ede045___YLCV_GCREC 2882.JPG,Tomato__Tomato_YellowLeaf__Curl_Virus,12,validation
D:\Plant-Disease-Detection\PlantVillage\Tomato__Tomato_YellowLeaf__Curl_Virus\2d5b55c6-aa0b-49d5-9b6f-a3b8f6108814___UF.GRC_YLCV_Lab 02854.JPG,Tomato__Tomato_YellowLeaf__Curl_Virus,12,train
D:\Plant-Disease-Detection\PlantVillage\Tomato__Tomato_YellowLeaf__Curl_Virus\2d63c366-aea3-4ceb-991d-5c58202ce496___YLCV_GCREC 2387.JPG,Tomato__Tomato_YellowLeaf__Curl_Virus,12,train
D:\Plant-Disease-Detection\PlantVillage\Tomato__Tomato_YellowLeaf__Curl_Virus\2d84c134-e6a9-4624-8280-93b4165f2310___YLCV_GCREC 5387.JPG,Tomato__Tomato_YellowLeaf__Curl_Virus,12,train
D:\Plant-Disease-Detection\PlantVillage\Tomato__Tomato_YellowLeaf__Curl_Virus\2d8a8506-d2d6-40f3-a8e3-a399d7e717b3___YLCV_NREC 2058.JPG,Tomato__Tomato_YellowLeaf__Curl_Virus,12,train
D:\Plant-Disease-Detection\PlantVillage\Tomato__Tomato_YellowLeaf__Curl_Virus\2db24fcd-55de-469e-8591-ff19e791146a___UF.GRC_YLCV_Lab 01563.JPG,Tomato__Tomato_YellowLeaf__Curl_Virus,12,train
D:\Plant-Disease-Detection\PlantVillage\Tomato__Tomato_YellowLeaf__Curl_Virus\2db4b9d4-42fd-4c4b-b9e3-53c1187b8a04___UF.GRC_YLCV_Lab 01938.JPG,Tomato__Tomato_YellowLeaf__Curl_Virus,12,train
D:\Plant-Disease-Detection\PlantVillage\Tomato__Tomato_YellowLeaf__Curl_Virus\2dbc619d-78f8-4018-ae47-cbec541e2aa1___YLCV_NREC 2229.JPG,Tomato__Tomato_YellowLeaf__Curl_Virus,12,train
D:\Plant-Disease-Detection\PlantVillage\Tomato__Tomato_YellowLeaf__Curl_Virus\2dee9f3e-c845-4d6c-a9d3-2def0b69f7af___UF.GRC_YLCV_Lab 02338.JPG,Tomato__Tomato_YellowLeaf__Curl_Virus,12,train
D:\Plant-Disease-Detection\PlantVillage\Tomato__Tomato_YellowLeaf__Curl_Virus\2df37e4f-7960-42a2-8b23-c8d9bde0d5b0___YLCV_NREC 2813.JPG,Tomato__Tomato_YellowLeaf__Curl_Virus,12,test
D:\Plant-Disease-Detection\PlantVillage\Tomato__Tomato_YellowLeaf__Curl_Virus\2dfa5a01-658b-4876-a02e-31cec4378f9c___UF.GRC_YLCV_Lab 01339.JPG,Tomato__Tomato_YellowLeaf__Curl_Virus,12,train
D:\Plant-Disease-Detection\PlantVillage\Tomato__Tomato_YellowLeaf__Curl_Virus\2dfcaad2-0257-46da-8a5f-3684d6ff6d0b___YLCV_NREC 2381.JPG,Tomato__Tomato_YellowLeaf__Curl_Virus,12,test
D:\Plant-Disease-Detection\PlantVillage\Tomato__Tomato_YellowLeaf__Curl_Virus\2e00c47b-dcec-4c8e-9c32-680ddc7239fb___UF.GRC_YLCV_Lab 03001.JPG,Tomato__Tomato_YellowLeaf__Curl_Virus,12,train
D:\Plant-Disease-Detection\PlantVillage\Tomato__Tomato_YellowLeaf__Curl_Virus\2e19c515-4c23-418c-8a54-0f06a4b037cb___UF.GRC_YLCV_Lab 01769.JPG,Tomato__Tomato_YellowLeaf__Curl_Virus,12,train
D:\Plant-Disease-Detection\PlantVillage\Tomato__Tomato_YellowLeaf__Curl_Virus\2e1a7008-0506-4fc1-be60-bbae68b9408c___UF.GRC_YLCV_Lab 02122.JPG,Tomato__Tomato_YellowLeaf__Curl_Virus,12,validation
D:\Plant-Disease-Detection\PlantVillage\Tomato__Tomato_YellowLeaf__Curl_Virus\2e1e49f3-cca2-46dc-8f0d-96110684b7f6___YLCV_GCREC 2573.JPG,Tomato__Tomato_YellowLeaf__Curl_Virus,12,train
D:\Plant-Disease-Detection\PlantVillage\Tomato__Tomato_YellowLeaf__Curl_Virus\2e276e98-acbc-44bd-b59d-7323be74a0d4___YLCV_NREC 0156.JPG,Tomato__Tomato_YellowLeaf__Curl_Virus,12,train
D:\Plant-Disease-Detection\PlantVillage\Tomato__Tomato_YellowLeaf__Curl_Virus\2e2a99f3-c01f-4c31-bf0a-a75e9a8e3274___UF.GRC_YLCV_Lab 02547.JPG,Tomato__Tomato_YellowLeaf__Curl_Virus,12,train
D:\Plant-Disease-Detection\PlantVillage\Tomato__Tomato_YellowLeaf__Curl_Virus\2e2d84e2-aa3c-45c7-a82c-cfa45a491f9f___YLCV_NREC 2881.JPG,Tomato__Tomato_YellowLeaf__Curl_Virus,12,validation
D:\Plant-Disease-Detection\PlantVillage\Tomato__Tomato_YellowLeaf__Curl_Virus\2e31dd57-4b29-4dcb-85ab-d0418540935d___YLCV_GCREC 1993.JPG,Tomato__Tomato_YellowLeaf__Curl_Virus,12,train
D:\Plant-Disease-Detection\PlantVillage\Tomato__Tomato_YellowLeaf__Curl_Virus\2e35da7f-b86b-4298-b15c-bfaf24f93356___YLCV_GCREC 5280.JPG,Tomato__Tomato_YellowLeaf__Curl_Virus,12,train
D:\Plant-Disease-Detection\PlantVillage\Tomato__Tomato_YellowLeaf__Curl_Virus\2e4361a4-6ccb-40dd-91ff-e8008153a207___YLCV_GCREC 5317.JPG,Tomato__Tomato_YellowLeaf__Curl_Virus,12,train
D:\Plant-Disease-Detection\PlantVillage\Tomato__Tomato_YellowLeaf__Curl_Virus\2e572cff-7f81-467d-a116-251f2d36a13c___YLCV_GCREC 2447.JPG,Tomato__Tomato_YellowLeaf__Curl_Virus,12,train
D:\Plant-Disease-Detection\PlantVillage\Tomato__Tomato_YellowLeaf__Curl_Virus\2e590d43-8682-4be3-ba68-f360d9b22825___UF.GRC_YLCV_Lab 01833.JPG,Tomato__Tomato_YellowLeaf__Curl_Virus,12,test
D:\Plant-Disease-Detection\PlantVillage\Tomato__Tomato_YellowLeaf__Curl_Virus\2e793da5-9327-4439-9c03-6327e8441573___YLCV_GCREC 2089.JPG,Tomato__Tomato_YellowLeaf__Curl_Virus,12,train
D:\Plant-Disease-Detection\PlantVillage\Tomato__Tomato_YellowLeaf__Curl_Virus\2e8198eb-5d36-4eae-9ec7-43a28e394079___YLCV_GCREC 5285.JPG,Tomato__Tomato_YellowLeaf__Curl_Virus,12,train
D:\Plant-Disease-Detection\PlantVillage\Tomato__Tomato_YellowLeaf__Curl_Virus\2e90eb55-3401-4132-9f57-b4a46ed27e67___UF.GRC_YLCV_Lab 03198.JPG,Tomato__Tomato_YellowLeaf__Curl_Virus,12,train
D:\Plant-Disease-Detection\PlantVillage\Tomato__Tomato_YellowLeaf__Curl_Virus\2e98b0de-d32b-4422-aff2-e3632c2bf921___YLCV_GCREC 2183.JPG,Tomato__Tomato_YellowLeaf__Curl_Virus,12,test
D:\Plant-Disease-Detection\PlantVillage\Tomato__Tomato_YellowLeaf__Curl_Virus\2e9e89dd-518f-45f2-a505-c127005a2a35___YLCV_NREC 2694.JPG,Tomato__Tomato_YellowLeaf__Curl_Virus,12,train
D:\Plant-Disease-Detection\PlantVillage\Tomato__Tomato_YellowLeaf__Curl_Virus\2eb1502d-660a-4e4e-87f8-b65358ca5723___UF.GRC_YLCV_Lab 02997.JPG,Tomato__Tomato_YellowLeaf__Curl_Virus,12,train
D:\Plant-Disease-Detection\PlantVillage\Tomato__Tomato_YellowLeaf__Curl_Virus\2eb97f74-e8e8-4314-9584-7f6acacf5671___YLCV_GCREC 5327.JPG,Tomato__Tomato_YellowLeaf__Curl_Virus,12,validation
D:\Plant-Disease-Detection\PlantVillage\Tomato__Tomato_YellowLeaf__Curl_Virus\2ec298be-1276-4077-8492-926b0d4f7a8f___YLCV_NREC 2000.JPG,Tomato__Tomato_YellowLeaf__Curl_Virus,12,train
D:\Plant-Disease-Detection\PlantVillage\Tomato__Tomato_YellowLeaf__Curl_Virus\2ed63cde-c59e-45df-a38b-ee87197908bb___UF.GRC_YLCV_Lab 01623.JPG,Tomato__Tomato_YellowLeaf__Curl_Virus,12,train
D:\Plant-Disease-Detection\PlantVillage\Tomato__Tomato_YellowLeaf__Curl_Virus\2edf4b04-afde-4321-bb85-623926f2f8bc___YLCV_NREC 2117.JPG,Tomato__Tomato_YellowLeaf__Curl_Virus,12,train
D:\Plant-Disease-Detection\PlantVillage\Tomato__Tomato_YellowLeaf__Curl_Virus\2ee1a3f5-a3e9-4cc3-9d57-6e32f4c350f4___YLCV_GCREC 5124.JPG,Tomato__Tomato_YellowLeaf__Curl_Virus,12,train
D:\Plant-Disease-Detection\PlantVillage\Tomato__Tomato_YellowLeaf__Curl_Virus\2f04a206-a20d-406b-b9da-71791f9bfa1b___UF.GRC_YLCV_Lab 01335.JPG,Tomato__Tomato_YellowLeaf__Curl_Virus,12,test
D:\Plant-Disease-Detection\PlantVillage\Tomato__Tomato_YellowLeaf__Curl_Virus\2f066eba-b6f8-4180-86c5-ce92fb96dda3___UF.GRC_YLCV_Lab 08586.JPG,Tomato__Tomato_YellowLeaf__Curl_Virus,12,train
D:\Plant-Disease-Detection\PlantVillage\Tomato__Tomato_YellowLeaf__Curl_Virus\2f22e16c-23f2-45e1-9e4c-f6332534c760___YLCV_NREC 2771.JPG,Tomato__Tomato_YellowLeaf__Curl_Virus,12,validation
D:\Plant-Disease-Detection\PlantVillage\Tomato__Tomato_YellowLeaf__Curl_Virus\2f25b035-c006-4e32-b23c-c0b1a0643efb___UF.GRC_YLCV_Lab 02319.JPG,Tomato__Tomato_YellowLeaf__Curl_Virus,12,validation
D:\Plant-Disease-Detection\PlantVillage\Tomato__Tomato_YellowLeaf__Curl_Virus\2f2c0384-0669-4294-bba1-553040bb0554___UF.GRC_YLCV_Lab 01826.JPG,Tomato__Tomato_YellowLeaf__Curl_Virus,12,test
D:\Plant-Disease-Detection\PlantVillage\Tomato__Tomato_YellowLeaf__Curl_Virus\2f2d8352-ad80-4799-8082-f496604c2716___UF.GRC_YLCV_Lab 01901.JPG,Tomato__Tomato_YellowLeaf__Curl_Virus,12,train
D:\Plant-Disease-Detection\PlantVillage\Tomato__Tomato_YellowLeaf__Curl_Virus\2f2e9799-071b-4519-bb86-19e537330cbb___UF.GRC_YLCV_Lab 03323.JPG,Tomato__Tomato_YellowLeaf__Curl_Virus,12,train
D:\Plant-Disease-Detection\PlantVillage\Tomato__Tomato_YellowLeaf__Curl_Virus\2f3ee17d-5e55-4681-bdc2-4f66e2c582cd___YLCV_NREC 2934.JPG,Tomato__Tomato_YellowLeaf__Curl_Virus,12,test
D:\Plant-Disease-Detection\PlantVillage\Tomato__Tomato_YellowLeaf__Curl_Virus\2f4c35f6-8130-48e3-bcb6-0e5bd0ac9c86___YLCV_NREC 2550.JPG,Tomato__Tomato_YellowLeaf__Curl_Virus,12,train
D:\Plant-Disease-Detection\PlantVillage\Tomato__Tomato_YellowLeaf__Curl_Virus\2f7b7385-ba09-47bb-9c9e-690280aa2db1___YLCV_NREC 0062.JPG,Tomato__Tomato_YellowLeaf__Curl_Virus,12,test
D:\Plant-Disease-Detection\PlantVillage\Tomato__Tomato_YellowLeaf__Curl_Virus\3cb86ee4-88dd-45e0-99cc-6dfed27919bf___UF.GRC_YLCV_Lab 01426.JPG,Tomato__Tomato_YellowLeaf__Curl_Virus,12,test
D:\Plant-Disease-Detection\PlantVillage\Tomato__Tomato_YellowLeaf__Curl_Virus\3cea18a4-a146-4b78-a184-f0c05b53faea___YLCV_GCREC 2761.JPG,Tomato__Tomato_YellowLeaf__Curl_Virus,12,validation
D:\Plant-Disease-Detection\PlantVillage\Tomato__Tomato_YellowLeaf__Curl_Virus\3cfaf18e-515c-469c-807b-50a7aecfadca___UF.GRC_YLCV_Lab 03333.JPG,Tomato__Tomato_YellowLeaf__Curl_Virus,12,train
D:\Plant-Disease-Detection\PlantVillage\Tomato__Tomato_YellowLeaf__Curl_Virus\3d3a0d67-3a9e-4b0d-b148-a0f397c4f61f___UF.GRC_YLCV_Lab 02274.JPG,Tomato__Tomato_YellowLeaf__Curl_Virus,12,train
D:\Plant-Disease-Detection\PlantVillage\Tomato__Tomato_YellowLeaf__Curl_Virus\3d3b43fc-c64d-4999-a3c5-3b4a01b40c68___UF.GRC_YLCV_Lab 02838.JPG,Tomato__Tomato_YellowLeaf__Curl_Virus,12,train
D:\Plant-Disease-Detection\PlantVillage\Tomato__Tomato_YellowLeaf__Curl_Virus\3d4dc600-d3cd-445c-a156-3f81773e6804___UF.GRC_YLCV_Lab 01377.JPG,Tomato__Tomato_YellowLeaf__Curl_Virus,12,train
D:\Plant-Disease-Detection\PlantVillage\Tomato__Tomato_YellowLeaf__Curl_Virus\3dad9878-258c-4d27-b5f3-a06c0ed3c318___UF.GRC_YLCV_Lab 01995.JPG,Tomato__Tomato_YellowLeaf__Curl_Virus,12,train
D:\Plant-Disease-Detection\PlantVillage\Tomato__Tomato_YellowLeaf__Curl_Virus\3dc23352-0229-4515-a96f-33995fd4bf52___YLCV_GCREC 2599.JPG,Tomato__Tomato_YellowLeaf__Curl_Virus,12,train
D:\Plant-Disease-Detection\PlantVillage\Tomato__Tomato_YellowLeaf__Curl_Virus\3dcbf749-5ad6-4615-9f6b-5ca3623c2bc2___YLCV_NREC 2288.JPG,Tomato__Tomato_YellowLeaf__Curl_Virus,12,train
D:\Plant-Disease-Detection\PlantVillage\Tomato__Tomato_YellowLeaf__Curl_Virus\3dd4ea12-1673-4ddc-9e9f-5fedc0b00652___YLCV_GCREC 2296.JPG,Tomato__Tomato_YellowLeaf__Curl_Virus,12,train
D:\Plant-Disease-Detection\PlantVillage\Tomato__Tomato_YellowLeaf__Curl_Virus\3dd7cc84-a5bd-4ccc-b0dc-5a2c45bcbfcd___YLCV_NREC 2545.JPG,Tomato__Tomato_YellowLeaf__Curl_Virus,12,train
D:\Plant-Disease-Detection\PlantVillage\Tomato__Tomato_YellowLeaf__Curl_Virus\3ddb1563-dce8-449a-af0d-a1c5399d1a2c___YLCV_GCREC 2201.JPG,Tomato__Tomato_YellowLeaf__Curl_Virus,12,validation
D:\Plant-Disease-Detection\PlantVillage\Tomato__Tomato_YellowLeaf__Curl_Virus\3de6e17b-7441-4f4f-95b5-8839c4f254a2___YLCV_GCREC 2066.JPG,Tomato__Tomato_YellowLeaf__Curl_Virus,12,train
D:\Plant-Disease-Detection\PlantVillage\Tomato__Tomato_YellowLeaf__Curl_Virus\3deb0fc7-a6f8-4457-a032-0dcfa549522b___UF.GRC_YLCV_Lab 02188.JPG,Tomato__Tomato_YellowLeaf__Curl_Virus,12,train
D:\Plant-Disease-Detection\PlantVillage\Tomato__Tomato_YellowLeaf__Curl_Virus\3dee1165-c368-4b68-b09c-9fe0bc1bfaaf___UF.GRC_YLCV_Lab 01756.JPG,Tomato__Tomato_YellowLeaf__Curl_Virus,12,train
D:\Plant-Disease-Detection\PlantVillage\Tomato__Tomato_YellowLeaf__Curl_Virus\3df5c84f-cc88-4d4c-af96-ced3261113ab___UF.GRC_YLCV_Lab 01520.JPG,Tomato__Tomato_YellowLeaf__Curl_Virus,12,train
D:\Plant-Disease-Detection\PlantVillage\Tomato__Tomato_YellowLeaf__Curl_Virus\3e0f8db3-745c-4c20-958f-0f5f51a481de___UF.GRC_YLCV_Lab 02882.JPG,Tomato__Tomato_YellowLeaf__Curl_Virus,12,train
D:\Plant-Disease-Detection\PlantVillage\Tomato__Tomato_YellowLeaf__Curl_Virus\3e5ce27b-7e44-4290-a4a4-ef96f22badd3___YLCV_NREC 1990.JPG,Tomato__Tomato_YellowLeaf__Curl_Virus,12,validation
D:\Plant-Disease-Detection\PlantVillage\Tomato__Tomato_YellowLeaf__Curl_Virus\87e723cd-742b-4569-8493-b6e0c4b693b0___YLCV_GCREC 2275.JPG,Tomato__Tomato_YellowLeaf__Curl_Virus,12,train
D:\Plant-Disease-Detection\PlantVillage\Tomato__Tomato_YellowLeaf__Curl_Virus\87f03c98-0901-4f4d-8a31-41c9260ff9b1___UF.GRC_YLCV_Lab 02658.JPG,Tomato__Tomato_YellowLeaf__Curl_Virus,12,validation
D:\Plant-Disease-Detection\PlantVillage\Tomato__Tomato_YellowLeaf__Curl_Virus\87f071a9-9857-437e-8eb3-b699eb945ad3___UF.GRC_YLCV_Lab 09406.JPG,Tomato__Tomato_YellowLeaf__Curl_Virus,12,train
D:\Plant-Disease-Detection\PlantVillage\Tomato__Tomato_YellowLeaf__Curl_Virus\87f81b35-9059-478b-a775-33f232b8228f___YLCV_GCREC 2177.JPG,Tomato__Tomato_YellowLeaf__Curl_Virus,12,train
D:\Plant-Disease-Detection\PlantVillage\Tomato__Tomato_YellowLeaf__Curl_Virus\87fd49d2-d1b0-4e33-9443-1de82d2c19a1___YLCV_GCREC 2620.JPG,Tomato__Tomato_YellowLeaf__Curl_Virus,12,train
D:\Plant-Disease-Detection\PlantVillage\Tomato__Tomato_YellowLeaf__Curl_Virus\87ff4433-edf3-414e-9699-c6780f664b2b___YLCV_NREC 2917.JPG,Tomato__Tomato_YellowLeaf__Curl_Virus,12,validation
D:\Plant-Disease-Detection\PlantVillage\Tomato_Bacterial_spot\00639d29-2d1a-4fcf-9bd3-a2b3109c74c4___UF.GRC_BS_Lab Leaf 1054.JPG,Tomato_Bacterial_spot,5,validation
D:\Plant-Disease-Detection\PlantVillage\Tomato_Bacterial_spot\00b7e89a-e129-4576-b51f-48923888bff9___GCREC_Bact.Sp 6202.JPG,Tomato_Bacterial_spot,5,train
D:\Plant-Disease-Detection\PlantVillage\Tomato_Bacterial_spot\01d7f4fe-793f-4a9b-bc8b-8aa05200984f___GCREC_Bact.Sp 2984.JPG,Tomato_Bacterial_spot,5,train
D:\Plant-Disease-Detection\PlantVillage\Tomato_Bacterial_spot\01d9fc8d-5083-468d-a583-885f33517cdd___GCREC_Bact.Sp 3422.JPG,Tomato_Bacterial_spot,5,train
D:\Plant-Disease-Detection\PlantVillage\Tomato_Bacterial_spot\01e079ba-939a-4681-8983-db663f4a859b___GCREC_Bact.Sp 3029.JPG,Tomato_Bacterial_spot,5,validation
D:\Plant-Disease-Detection\PlantVillage\Tomato_Bacterial_spot\01f13167-f508-4ef2-8720-4e973438f8fc___GCREC_Bact.Sp 5892.JPG,Tomato_Bacterial_spot,5,train
D:\Plant-Disease-Detection\PlantVillage\Tomato_Bacterial_spot\02626a44-a613-4402-a6b0-243858736e32___GCREC_Bact.Sp 3191.JPG,Tomato_Bacterial_spot,5,train
D:\Plant-Disease-Detection\PlantVillage\Tomato_Bacterial_spot\02a0f70a-9e27-420e-93ff-6ed8105f41c1___GCREC_Bact.Sp 3570.JPG,Tomato_Bacterial_spot,5,train
D:\Plant-Disease-Detection\PlantVillage\Tomato_Bacterial_spot\0493c0e5-27e3-41d6-81f0-7830cef39080___UF.GRC_BS_Lab Leaf 8615.JPG,Tomato_Bacterial_spot,5,train
D:\Plant-Disease-Detection\PlantVillage\Tomato_Bacterial_spot\0524de69-51ec-4794-a955-04a8e0c5656c___GCREC_Bact.Sp 3695.JPG,Tomato_Bacterial_spot,5,test
D:\Plant-Disease-Detection\PlantVillage\Tomato_Bacterial_spot\0542f446-f9d7-4173-ab07-f41125b21dc7___GCREC_Bact.Sp 3074.JPG,Tomato_Bacterial_spot,5,validation
D:\Plant-Disease-Detection\PlantVillage\Tomato_Bacterial_spot\0809f630-10f6-48b4-9aa2-6c08852aa83a___GCREC_Bact.Sp 5626.JPG,Tomato_Bacterial_spot,5,train
D:\Plant-Disease-Detection\PlantVillage\Tomato_Bacterial_spot\0893cbc5-7c6f-4ed2-863a-78f0bdb31ba0___GCREC_Bact.Sp 6174.JPG,Tomato_Bacterial_spot,5,train
D:\Plant-Disease-Detection\PlantVillage\Tomato_Bacterial_spot\0afe3bbd-b18b-4c70-8fbd-072844e742a2___GCREC_Bact.Sp 3434.JPG,Tomato_Bacterial_spot,5,train
D:\Plant-Disease-Detection\PlantVillage\Tomato_Bacterial_spot\0b13b997-9957-4029-b2a4-ef4a046eb088___UF.GRC_BS_Lab Leaf 0595.JPG,Tomato_Bacterial_spot,5,validation
D:\Plant-Disease-Detection\PlantVillage\Tomato_Bacterial_spot\0b233197-cd35-4031-80c2-610e7e3a046b___GCREC_Bact.Sp 6095.JPG,Tomato_Bacterial_spot,5,train
D:\Plant-Disease-Detection\PlantVillage\Tomato_Bacterial_spot\0b37769a-a451-4507-a236-f46348e3a9ac___GCREC_Bact.Sp 3265.JPG,Tomato_Bacterial_spot,5,train
D:\Plant-Disease-Detection\PlantVillage\Tomato_Bacterial_spot\0bd31a6a-b084-48c0-b379-3062bde11162___GCREC_Bact.Sp 2974.JPG,Tomato_Bacterial_spot,5,train
D:\Plant-Disease-Detection\PlantVillage\Tomato_Bacterial_spot\0c09c121-e945-4b7e-acbf-dff4e0d01acb___GCREC_Bact.Sp 3379.JPG,Tomato_Bacterial_spot,5,train
D:\Plant-Disease-Detection\PlantVillage\Tomato_Bacterial_spot\0c2ee2f1-e725-4031-96ea-57e3b8b626b3___GCREC_Bact.Sp 5645.JPG,Tomato_Bacterial_spot,5,train
D:\Plant-Disease-Detection\PlantVillage\Tomato_Bacterial_spot\0c32d6d5-bf5b-4904-8108-d7a901f2cb6b___UF.GRC_BS_Lab Leaf 8662.JPG,Tomato_Bacterial_spot,5,train
D:\Plant-Disease-Detection\PlantVillage\Tomato_Bacterial_spot\0c5eb8e4-e0fb-424a-8873-e43f9a6121ef___GCREC_Bact.Sp 6281.JPG,Tomato_Bacterial_spot,5,train
D:\Plant-Disease-Detection\PlantVillage\Tomato_Bacterial_spot\0c883752-3334-4615-841d-287d58ecf60d___GCREC_Bact.Sp 6119.JPG,Tomato_Bacterial_spot,5,validation
D:\Plant-Disease-Detection\PlantVillage\Tomato_Bacterial_spot\0c9b7dd9-a0c7-4b6e-bb4d-b2e3cab833d0___GCREC_Bact.Sp 6081.JPG,Tomato_Bacterial_spot,5,train
D:\Plant-Disease-Detection\PlantVillage\Tomato_Bacterial_spot\0cbaca0d-e422-438f-89df-344b493888b8___GCREC_Bact.Sp 5832.JPG,Tomato_Bacterial_spot,5,train
D:\Plant-Disease-Detection\PlantVillage\Tomato_Bacterial_spot\0cc3364e-3f2a-42b2-aefe-5af03dad2966___GCREC_Bact.Sp 5580.JPG,Tomato_Bacterial_spot,5,train
D:\Plant-Disease-Detection\PlantVillage\Tomato_Bacterial_spot\0ce4dee0-2d0c-4c25-a9b2-4abc5f9083db___GCREC_Bact.Sp 3708.JPG,Tomato_Bacterial_spot,5,train
D:\Plant-Disease-Detection\PlantVillage\Tomato_Bacterial_spot\0d227915-443b-402c-8a25-cc43434c4bb0___GCREC_Bact.Sp 5913.JPG,Tomato_Bacterial_spot,5,train
D:\Plant-Disease-Detection\PlantVillage\Tomato_Bacterial_spot\0d56df83-84fb-4189-a5d2-3a6da18a224d___UF.GRC_BS_Lab Leaf 9029.JPG,Tomato_Bacterial_spot,5,validation
D:\Plant-Disease-Detection\PlantVillage\Tomato_Bacterial_spot\0d922399-7ba5-4d12-b84e-bb4b966c58ae___GCREC_Bact.Sp 6307.JPG,Tomato_Bacterial_spot,5,train
D:\Plant-Disease-Detection\PlantVillage\Tomato_Bacterial_spot\0da838ea-fd8c-43c0-a437-4aba96234262___UF.GRC_BS_Lab Leaf 8770.JPG,Tomato_Bacterial_spot,5,validation
D:\Plant-Disease-Detection\PlantVillage\Tomato_Bacterial_spot\0db0e663-b580-45b3-bd20-bc8a7f3d8b34___GCREC_Bact.Sp 6189.JPG,Tomato_Bacterial_spot,5,train
D:\Plant-Disease-Detection\PlantVillage\Tomato_Bacterial_spot\0de30b71-8bd0-4270-a65b-7ae8befdd765___GCREC_Bact.Sp 6360.JPG,Tomato_Bacterial_spot,5,train
D:\Plant-Disease-Detection\PlantVillage\Tomato_Bacterial_spot\0e16b13c-0308-4199-a823-c6c2ab944023___GCREC_Bact.Sp 3068.JPG,Tomato_Bacterial_spot,5,train
D:\Plant-Disease-Detection\PlantVillage\Tomato_Bacterial_spot\0e3ded7b-0b9e-4c11-9db7-38eba7e0bdb2___GCREC_Bact.Sp 3598.JPG,Tomato_Bacterial_spot,5,train
D:\Plant-Disease-Detection\PlantVillage\Tomato_Bacterial_spot\0e591ff9-a58f-4748-ac0f-984233f441af___GCREC_Bact.Sp 3292.JPG,Tomato_Bacterial_spot,5,train
D:\Plant-Disease-Detection\PlantVillage\Tomato_Bacterial_spot\0e94696b-3e0d-4d4c-a712-01197e228cf1___UF.GRC_BS_Lab Leaf 8641.JPG,Tomato_Bacterial_spot,5,validation
D:\Plant-Disease-Detection\PlantVillage\Tomato_Bacterial_spot\0ed4877b-be80-4b85-8754-ac13d794ca2f___GCREC_Bact.Sp 6198.JPG,Tomato_Bacterial_spot,5,test
D:\Plant-Disease-Detection\PlantVillage\Tomato_Bacterial_spot\0ed6d8f5-dd9f-4f1d-a33d-2f556be12a27___UF.GRC_BS_Lab Leaf 0291.JPG,Tomato_Bacterial_spot,5,train
D:\Plant-Disease-Detection\PlantVillage\Tomato_Bacterial_spot\0eeb4776-110d-4100-8c88-26a64eb05b22___GCREC_Bact.Sp 6101.JPG,Tomato_Bacterial_spot,5,validation
D:\Plant-Disease-Detection\PlantVillage\Tomato_Bacterial_spot\0f1d337f-e8c5-445a-83a0-b89915eacb72___UF.GRC_BS_Lab Leaf 0435.JPG,Tomato_Bacterial_spot,5,validation
D:\Plant-Disease-Detection\PlantVillage\Tomato_Bacterial_spot\0f2247f4-7ffe-409c-9833-ce8a7723ee02___GCREC_Bact.Sp 6080.JPG,Tomato_Bacterial_spot,5,train
D:\Plant-Disease-Detection\PlantVillage\Tomato_Bacterial_spot\0f3160b6-4cd4-486f-b0cf-269e406c41b5___GCREC_Bact.Sp 3522.JPG,Tomato_Bacterial_spot,5,train
D:\Plant-Disease-Detection\PlantVillage\Tomato_Bacterial_spot\0f4ce5ef-5ecf-4c5d-b301-3b5a44e3a1c8___UF.GRC_BS_Lab Leaf 0408.JPG,Tomato_Bacterial_spot,5,train
D:\Plant-Disease-Detection\PlantVillage\Tomato_Bacterial_spot\0f57cc30-af42-4543-9a67-b27eda784325___UF.GRC_BS_Lab Leaf 9260.JPG,Tomato_Bacterial_spot,5,train
D:\Plant-Disease-Detection\PlantVillage\Tomato_Bacterial_spot\0f6384da-7338-4309-b6b2-0d4b1dfe9de3___GCREC_Bact.Sp 6039.JPG,Tomato_Bacterial_spot,5,validation
D:\Plant-Disease-Detection\PlantVillage\Tomato_Bacterial_spot\0f81cc91-5b9b-4061-a127-74105ebbcccf___GCREC_Bact.Sp 6305.JPG,Tomato_Bacterial_spot,5,test
D:\Plant-Disease-Detection\PlantVillage\Tomato_Bacterial_spot\0f952ca0-e30b-4075-8bb9-1ebccb8aeb9f___GCREC_Bact.Sp 3326.JPG,Tomato_Bacterial_spot,5,train
D:\Plant-Disease-Detection\PlantVillage\Tomato_Bacterial_spot\1061c5d5-6c61-40a6-b8e7-4cc735109f94___GCREC_Bact.Sp 3341.JPG,Tomato_Bacterial_spot,5,train
D:\Plant-Disease-Detection\PlantVillage\Tomato_Bacterial_spot\1120ddb9-d30f-4683-adf6-a30779648b49___GCREC_Bact.Sp 3408.JPG,Tomato_Bacterial_spot,5,train
D:\Plant-Disease-Detection\PlantVillage\Tomato_Bacterial_spot\1169b92d-a606-4560-ae1a-ceee401fc959___GCREC_Bact.Sp 3447.JPG,Tomato_Bacterial_spot,5,validation
D:\Plant-Disease-Detection\PlantVillage\Tomato_Bacterial_spot\1347d766-5747-4d71-b05f-0211e79930b4___GCREC_Bact.Sp 6227.JPG,Tomato_Bacterial_spot,5,train
D:\Plant-Disease-Detection\PlantVillage\Tomato_Bacterial_spot\1359bde0-60d2-497b-8a90-d59f9efb5fc1___GCREC_Bact.Sp 3278.JPG,Tomato_Bacterial_spot,5,test
D:\Plant-Disease-Detection\PlantVillage\Tomato_Bacterial_spot\1371d8ed-b95f-4dd0-834c-9f3a944ca8dd___GCREC_Bact.Sp 3463.JPG,Tomato_Bacterial_spot,5,train
D:\Plant-Disease-Detection\PlantVillage\Tomato_Bacterial_spot\1406a6e5-8aab-44df-997a-6386c01dc086___GCREC_Bact.Sp 5974.JPG,Tomato_Bacterial_spot,5,test
D:\Plant-Disease-Detection\PlantVillage\Tomato_Bacterial_spot\1552a68d-efde-4536-b883-f6da947f5a33___GCREC_Bact.Sp 5583.JPG,Tomato_Bacterial_spot,5,train
D:\Plant-Disease-Detection\PlantVillage\Tomato_Bacterial_spot\1657e79d-9172-4170-aa17-56714f2ad03b___UF.GRC_BS_Lab Leaf 9145.JPG,Tomato_Bacterial_spot,5,validation
D:\Plant-Disease-Detection\PlantVillage\Tomato_Bacterial_spot\1664fff5-8d2e-4615-a448-2dd093c0df82___GCREC_Bact.Sp 3290.JPG,Tomato_Bacterial_spot,5,train
D:\Plant-Disease-Detection\PlantVillage\Tomato_Bacterial_spot\1695eefb-cffc-4dac-b7ae-40f34ad9c5db___GCREC_Bact.Sp 3065.JPG,Tomato_Bacterial_spot,5,train
D:\Plant-Disease-Detection\PlantVillage\Tomato_Bacterial_spot\1737e7ba-181e-400c-ab66-7723468e277f___UF.GRC_BS_Lab Leaf 0348.JPG,Tomato_Bacterial_spot,5,train
D:\Plant-Disease-Detection\PlantVillage\Tomato_Bacterial_spot\1838f883-5e4b-4b24-bf4b-77d4a82f5f46___GCREC_Bact.Sp 6335.JPG,Tomato_Bacterial_spot,5,train
D:\Plant-Disease-Detection\PlantVillage\Tomato_Bacterial_spot\1975c2af-b85a-48d6-9b03-c7fcb5e0bcae___UF.GRC_BS_Lab Leaf 0558.JPG,Tomato_Bacterial_spot,5,train
D:\Plant-Disease-Detection\PlantVillage\Tomato_Bacterial_spot\1c213d89-a3ba-4486-ac5a-1744eb371859___GCREC_Bact.Sp 3500.JPG,Tomato_Bacterial_spot,5,validation
D:\Plant-Disease-Detection\PlantVillage\Tomato_Bacterial_spot\1c286bba-a5c0-466f-a52d-960d300d135f___GCREC_Bact.Sp 6077.JPG,Tomato_Bacterial_spot,5,train
D:\Plant-Disease-Detection\PlantVillage\Tomato_Bacterial_spot\1c34f218-4416-44ad-b6dc-81b8fc1e10a8___GCREC_Bact.Sp 6381.JPG,Tomato_Bacterial_spot,5,train
D:\Plant-Disease-Detection\PlantVillage\Tomato_Bacterial_spot\1c5d49ef-1d7e-4b76-b33a-da162fe99eb2___GCREC_Bact.Sp 3506.JPG,Tomato_Bacterial_spot,5,train
D:\Plant-Disease-Detection\PlantVillage\Tomato_Bacterial_spot\1c78d892-4190-488d-b8d3-cf1c63c658f0___GCREC_Bact.Sp 3006.JPG,Tomato_Bacterial_spot,5,train
D:\Plant-Disease-Detection\PlantVillage\Tomato_Bacterial_spot\1cdfa566-3dc1-4be4-8ec9-91fd300ac06d___GCREC_Bact.Sp 3468.JPG,Tomato_Bacterial_spot,5,validation
D:\Plant-Disease-Detection\PlantVillage\Tomato_Bacterial_spot\1d2bcd85-fdb7-4294-ba11-eb58373b4474___GCREC_Bact.Sp 3092.JPG,Tomato_Bacterial_spot,5,test
D:\Plant-Disease-Detection\PlantVillage\Tomato_Bacterial_spot\1d6494e5-d659-47f2-a854-95f7633f8018___GCREC_Bact.Sp 6102.JPG,Tomato_Bacterial_spot,5,train
D:\Plant-Disease-Detection\PlantVillage\Tomato_Bacterial_spot\1d83362f-5ea5-40f4-aa21-dfff0e99aff7___UF.GRC_BS_Lab Leaf 0566.JPG,Tomato_Bacterial_spot,5,train
D:\Plant-Disease-Detection\PlantVillage\Tomato_Bacterial_spot\1d85e264-29cc-4239-88e7-2810569e1d87___GCREC_Bact.Sp 3105.JPG,Tomato_Bacterial_spot,5,validation
D:\Plant-Disease-Detection\PlantVillage\Tomato_Bacterial_spot\1dbd6b67-25f1-444e-81d8-cbb54213cbb4___GCREC_Bact.Sp 3528.JPG,Tomato_Bacterial_spot,5,train
D:\Plant-Disease-Detection\PlantVillage\Tomato_Bacterial_spot\1dd56ebe-f509-4ec1-a43e-13bd49b263e5___GCREC_Bact.Sp 3832.JPG,Tomato_Bacterial_spot,5,train
D:\Plant-Disease-Detection\PlantVillage\Tomato_Bacterial_spot\1e0582c9-3b55-4aaf-b63b-f223c13eac86___GCREC_Bact.Sp 5571.JPG,Tomato_Bacterial_spot,5,train
D:\Plant-Disease-Detection\PlantVillage\Tomato_Bacterial_spot\1e982ff7-1d2f-43e9-9c10-8735b84de1aa___GCREC_Bact.Sp 3329.JPG,Tomato_Bacterial_spot,5,train
D:\Plant-Disease-Detection\PlantVillage\Tomato_Bacterial_spot\1eb09166-61e7-4816-9a48-4d7afaa25a86___GCREC_Bact.Sp 3310.JPG,Tomato_Bacterial_spot,5,train
D:\Plant-Disease-Detection\PlantVillage\Tomato_Bacterial_spot\1eb86f3d-7d18-41b8-b33c-807662b2d2df___GCREC_Bact.Sp 5555.JPG,Tomato_Bacterial_spot,5,train
D:\Plant-Disease-Detection\PlantVillage\Tomato_Bacterial_spot\1ebd463d-ddc5-47e4-8a45-482d411d0c26___GCREC_Bact.Sp 3178.JPG,Tomato_Bacterial_spot,5,train
D:\Plant-Disease-Detection\PlantVillage\Tomato_Bacterial_spot\1ec8d580-f7b5-481f-85af-f2370a29a330___GCREC_Bact.Sp 5620.JPG,Tomato_Bacterial_spot,5,train
D:\Plant-Disease-Detection\PlantVillage\Tomato_Bacterial_spot\1eca836c-208e-40a8-a69c-fb7232d92368___GCREC_Bact.Sp 6110.JPG,Tomato_Bacterial_spot,5,train
D:\Plant-Disease-Detection\PlantVillage\Tomato_Bacterial_spot\1ed14327-868e-43e3-a060-a3fb155494a9___GCREC_Bact.Sp 3082.JPG,Tomato_Bacterial_spot,5,train
D:\Plant-Disease-Detection\PlantVillage\Tomato_Bacterial_spot\1ee0cf88-307d-4c0c-af30-6031c2cbd256___GCREC_Bact.Sp 5840.JPG,Tomato_Bacterial_spot,5,train
D:\Plant-Disease-Detection\PlantVillage\Tomato_Bacterial_spot\1ef34abf-812a-43c0-99e6-c29fb38f730d___GCREC_Bact.Sp 5594.JPG,Tomato_Bacterial_spot,5,train
D:\Plant-Disease-Detection\PlantVillage\Tomato_Bacterial_spot\1f20e293-16a2-4910-aa0a-b77268ff20a0___GCREC_Bact.Sp 3073.JPG,Tomato_Bacterial_spot,5,train
D:\Plant-Disease-Detection\PlantVillage\Tomato_Bacterial_spot\1f6a4e82-1d08-48d0-a488-1a787c854484___GCREC_Bact.Sp 5905.JPG,Tomato_Bacterial_spot,5,validation
D:\Plant-Disease-Detection\PlantVillage\Tomato_Bacterial_spot\1f8c98e1-b5ff-48eb-b676-7c51e99a1329___GCREC_Bact.Sp 5919.JPG,Tomato_Bacterial_spot,5,train
D:\Plant-Disease-Detection\PlantVillage\Tomato_Bacterial_spot\1f96aa30-b5fd-4730-a758-ca586cbcf59f___GCREC_Bact.Sp 3688.JPG,Tomato_Bacterial_spot,5,train
D:\Plant-Disease-Detection\PlantVillage\Tomato_Bacterial_spot\1fbc778e-9d12-4813-bba5-75a7275ab525___GCREC_Bact.Sp 5983.JPG,Tomato_Bacterial_spot,5,train
D:\Plant-Disease-Detection\PlantVillage\Tomato_Bacterial_spot\1fcebd34-f196-4909-abd1-6d9413d9b4b4___GCREC_Bact.Sp 3304.JPG,Tomato_Bacterial_spot,5,test
D:\Plant-Disease-Detection\PlantVillage\Tomato_Bacterial_spot\1fdbbbb4-fb2b-415b-a316-16688f21c4da___GCREC_Bact.Sp 3338.JPG,Tomato_Bacterial_spot,5,train
D:\Plant-Disease-Detection\PlantVillage\Tomato_Bacterial_spot\1ff93f22-ad6e-4c74-a677-90e88d1b93df___GCREC_Bact.Sp 3532.JPG,Tomato_Bacterial_spot,5,validation
D:\Plant-Disease-Detection\PlantVillage\Tomato_Bacterial_spot\2012f5c2-8a5a-4307-b2f6-f8cc65dea96d___GCREC_Bact.Sp 6350.JPG,Tomato_Bacterial_spot,5,train
D:\Plant-Disease-Detection\PlantVillage\Tomato_Bacterial_spot\2224e59e-d71f-4d3e-8d48-7dc90551aeb1___UF.GRC_BS_Lab Leaf 0251.JPG,Tomato_Bacterial_spot,5,train
D:\Plant-Disease-Detection\PlantVillage\Tomato_Bacterial_spot\2279def6-9a9e-43cd-8f35-9111fa81ab13___GCREC_Bact.Sp 5952.JPG,Tomato_Bacterial_spot,5,test
D:\Plant-Disease-Detection\PlantVillage\Tomato_Bacterial_spot\2300bcf2-b682-4be7-a101-e4517c15a32b___GCREC_Bact.Sp 2980.JPG,Tomato_Bacterial_spot,5,train
D:\Plant-Disease-Detection\PlantVillage\Tomato_Bacterial_spot\2351b015-b737-4ed6-97bd-105e73b02386___GCREC_Bact.Sp 3184.JPG,Tomato_Bacterial_spot,5,train
D:\Plant-Disease-Detection\PlantVillage\Tomato_Bacterial_spot\2353ecb8-d1bb-4e2c-bb0f-7a0c90b5cdf4___UF.GRC_BS_Lab Leaf 8717.JPG,Tomato_Bacterial_spot,5,train
D:\Plant-Disease-Detection\PlantVillage\Tomato_Bacterial_spot\2359d490-4be7-4328-97bf-860b2f78bc19___GCREC_Bact.Sp 6113.JPG,Tomato_Bacterial_spot,5,train
D:\Plant-Disease-Detection\PlantVillage\Tomato_Bacterial_spot\2471c3d8-c8b2-4e2a-9943-afb84ed48a35___GCREC_Bact.Sp 3198.JPG,Tomato_Bacterial_spot,5,validation
D:\Plant-Disease-Detection\PlantVillage\Tomato_Bacterial_spot\2622ba72-7a9b-4aa6-98c8-c35f2f186476___GCREC_Bact.Sp 5569.JPG,Tomato_Bacterial_spot,5,test
D:\Plant-Disease-Detection\PlantVillage\Tomato_Bacterial_spot\2642e2b0-d2d8-49ea-b9c3-44133f863169___GCREC_Bact.Sp 5660.JPG,Tomato_Bacterial_spot,5,train
D:\Plant-Disease-Detection\PlantVillage\Tomato_Bacterial_spot\2693b1a4-a4a2-4c40-a775-75b640e50b01___GCREC_Bact.Sp 5798.JPG,Tomato_Bacterial_spot,5,train
D:\Plant-Disease-Detection\PlantVillage\Tomato_Bacterial_spot\2a2d11a9-e334-491f-8d43-66320cd26010___GCREC_Bact.Sp 6124.JPG,Tomato_Bacterial_spot,5,test
D:\Plant-Disease-Detection\PlantVillage\Tomato_Bacterial_spot\3156f2fa-aa71-4759-8af0-960188c68519___GCREC_Bact.Sp 3235.JPG,Tomato_Bacterial_spot,5,train
D:\Plant-Disease-Detection\PlantVillage\Tomato_Bacterial_spot\3256b07a-4561-45b8-b3d5-9422c0241c00___GCREC_Bact.Sp 3054.JPG,Tomato_Bacterial_spot,5,test
D:\Plant-Disease-Detection\PlantVillage\Tomato_Bacterial_spot\3392b4ec-48ed-468b-9a33-c3c53ab2dfa4___GCREC_Bact.Sp 3291.JPG,Tomato_Bacterial_spot,5,train
D:\Plant-Disease-Detection\PlantVillage\Tomato_Bacterial_spot\3423b48a-9ded-4b8f-b552-1121e156f932___GCREC_Bact.Sp 5894.JPG,Tomato_Bacterial_spot,5,train
D:\Plant-Disease-Detection\PlantVillage\Tomato_Bacterial_spot\3489afd3-f198-4866-8ca6-09a221d1236c___GCREC_Bact.Sp 5656.JPG,Tomato_Bacterial_spot,5,train
D:\Plant-Disease-Detection\PlantVillage\Tomato_Bacterial_spot\350e646b-1a06-440c-92c1-58dd4f287743___GCREC_Bact.Sp 5877.JPG,Tomato_Bacterial_spot,5,test
D:\Plant-Disease-Detection\PlantVillage\Tomato_Bacterial_spot\355edec8-e1bd-4f57-afa3-cbf03c2f06b1___GCREC_Bact.Sp 3353.JPG,Tomato_Bacterial_spot,5,validation
D:\Plant-Disease-Detection\PlantVillage\Tomato_Bacterial_spot\357e7fb6-0d3f-44f5-9f13-ae84759da804___UF.GRC_BS_Lab Leaf 0525.JPG,Tomato_Bacterial_spot,5,train
D:\Plant-Disease-Detection\PlantVillage\Tomato_Bacterial_spot\360c7149-e544-48d4-bed2-2b03a10cbfe4___GCREC_Bact.Sp 2988.JPG,Tomato_Bacterial_spot,5,train
D:\Plant-Disease-Detection\PlantVillage\Tomato_Bacterial_spot\365b9e42-fc7d-4805-8737-dd51f26a2468___GCREC_Bact.Sp 3256.JPG,Tomato_Bacterial_spot,5,train
D:\Plant-Disease-Detection\PlantVillage\Tomato_Bacterial_spot\367ef1cf-9ddd-40ba-9809-4652b3c2acd2___GCREC_Bact.Sp 2953.JPG,Tomato_Bacterial_spot,5,validation
D:\Plant-Disease-Detection\PlantVillage\Tomato_Bacterial_spot\369f1de1-1e18-435f-87f1-67b5ed852a0a___UF.GRC_BS_Lab Leaf 9030.JPG,Tomato_Bacterial_spot,5,train
D:\Plant-Disease-Detection\PlantVillage\Tomato_Bacterial_spot\372d40b5-aac9-43d3-b9e7-08d52467622c___GCREC_Bact.Sp 6215.JPG,Tomato_Bacterial_spot,5,test
D:\Plant-Disease-Detection\PlantVillage\Tomato_Bacterial_spot\373f5689-ca40-4b44-836d-c9a343d984f5___UF.GRC_BS_Lab Leaf 9295.JPG,Tomato_Bacterial_spot,5,test
D:\Plant-Disease-Detection\PlantVillage\Tomato_Bacterial_spot\405e216e-b24f-4688-bd81-09de831eaada___UF.GRC_BS_Lab Leaf 0329.JPG,Tomato_Bacterial_spot,5,train
D:\Plant-Disease-Detection\PlantVillage\Tomato_Bacterial_spot\417a1a4c-18d5-449e-995c-1512f7cdcd41___GCREC_Bact.Sp 6367.JPG,Tomato_Bacterial_spot,5,test
D:\Plant-Disease-Detection\PlantVillage\Tomato_Bacterial_spot\431d6abc-9adb-4454-a3c6-e6b6a3ec79db___GCREC_Bact.Sp 6045.JPG,Tomato_Bacterial_spot,5,train
D:\Plant-Disease-Detection\PlantVillage\Tomato_Bacterial_spot\433edf15-2e97-4582-8305-a0805ff6f271___GCREC_Bact.Sp 6073.JPG,Tomato_Bacterial_spot,5,validation
D:\Plant-Disease-Detection\PlantVillage\Tomato_Bacterial_spot\435e0071-a283-4462-b874-a5bf18f5ab4c___GCREC_Bact.Sp 6170.JPG,Tomato_Bacterial_spot,5,test
D:\Plant-Disease-Detection\PlantVillage\Tomato_Bacterial_spot\441dec39-f5c8-4885-b133-1db20ff1fd3b___GCREC_Bact.Sp 3487.JPG,Tomato_Bacterial_spot,5,train
D:\Plant-Disease-Detection\PlantVillage\Tomato_Bacterial_spot\450c2f14-597d-45b9-9796-c80e4fbdb114___GCREC_Bact.Sp 6117.JPG,Tomato_Bacterial_spot,5,train
D:\Plant-Disease-Detection\PlantVillage\Tomato_Bacterial_spot\456afc9b-bdae-4506-a04f-aa228de3dd2b___GCREC_Bact.Sp 3548.JPG,Tomato_Bacterial_spot,5,train
D:\Plant-Disease-Detection\PlantVillage\Tomato_Bacterial_spot\458fa745-af8d-48e2-aa5e-06b60f722f30___GCREC_Bact.Sp 6206.JPG,Tomato_Bacterial_spot,5,validation
D:\Plant-Disease-Detection\PlantVillage\Tomato_Bacterial_spot\459dc80c-b60d-4da1-9400-7e0803cb2432___UF.GRC_BS_Lab Leaf 0708.JPG,Tomato_Bacterial_spot,5,train
D:\Plant-Disease-Detection\PlantVillage\Tomato_Bacterial_spot\463b2ce4-28ac-416d-9a43-2e494e649fbf___GCREC_Bact.Sp 6146.JPG,Tomato_Bacterial_spot,5,train
D:\Plant-Disease-Detection\PlantVillage\Tomato_Bacterial_spot\470dc5c1-47be-4468-ab17-e378715807e2___GCREC_Bact.Sp 3697.JPG,Tomato_Bacterial_spot,5,test
D:\Plant-Disease-Detection\PlantVillage\Tomato_Bacterial_spot\471a3798-e544-4f38-b0dc-bd8ccafcdafc___GCREC_Bact.Sp 3607.JPG,Tomato_Bacterial_spot,5,train
D:\Plant-Disease-Detection\PlantVillage\Tomato_Bacterial_spot\476d4ff7-197e-4721-9875-527342fc4647___GCREC_Bact.Sp 3467.JPG,Tomato_Bacterial_spot,5,train
D:\Plant-Disease-Detection\PlantVillage\Tomato_Bacterial_spot\482ef065-ba2f-4492-b215-9a60138a0047___GCREC_Bact.Sp 3090.JPG,Tomato_Bacterial_spot,5,test
D:\Plant-Disease-Detection\PlantVillage\Tomato_Bacterial_spot\484ce1a5-f249-43ed-afb7-9cd7c2173e29___GCREC_Bact.Sp 3596.JPG,Tomato_Bacterial_spot,5,test
D:\Plant-Disease-Detection\PlantVillage\Tomato_Bacterial_spot\486af1e3-91b4-4d0c-ba01-4992f9ddddce___GCREC_Bact.Sp 5745.JPG,Tomato_Bacterial_spot,5,train
D:\Plant-Disease-Detection\PlantVillage\Tomato_Bacterial_spot\486eeb98-44bd-405b-9756-5e2e4fd95b90___GCREC_Bact.Sp 3451.JPG,Tomato_Bacterial_spot,5,validation
D:\Plant-Disease-Detection\PlantVillage\Tomato_Bacterial_spot\486fec1f-c2fe-4aab-9e88-46ad54ebdbea___GCREC_Bact.Sp 5995.JPG,Tomato_Bacterial_spot,5,validation
D:\Plant-Disease-Detection\PlantVillage\Tomato_Bacterial_spot\499ed0ff-447b-4f2b-9f9d-d733202b4fcf___GCREC_Bact.Sp 3407.JPG,Tomato_Bacterial_spot,5,train
D:\Plant-Disease-Detection\PlantVillage\Tomato_Bacterial_spot\500ac3b7-1e92-4cd1-8c80-9e5270cf02d4___GCREC_Bact.Sp 6210.JPG,Tomato_Bacterial_spot,5,train
D:\Plant-Disease-Detection\PlantVillage\Tomato_Bacterial_spot\502fb732-b98c-4472-9bf3-5a0c038492fc___UF.GRC_BS_Lab Leaf 8642.JPG,Tomato_Bacterial_spot,5,train
D:\Plant-Disease-Detection\PlantVillage\Tomato_Bacterial_spot\505ff6be-e8f6-4af6-86a7-001cd2cac277___GCREC_Bact.Sp 5562.JPG,Tomato_Bacterial_spot,5,validation
D:\Plant-Disease-Detection\PlantVillage\Tomato_Bacterial_spot\509c3853-b405-440f-bda3-59f1d7d238be___GCREC_Bact.Sp 3250.JPG,Tomato_Bacterial_spot,5,train
D:\Plant-Disease-Detection\PlantVillage\Tomato_Bacterial_spot\517dac9f-61a6-4e5a-928e-b0009c2d6d47___GCREC_Bact.Sp 3516.JPG,Tomato_Bacterial_spot,5,test
D:\Plant-Disease-Detection\PlantVillage\Tomato_Bacterial_spot\519d4cf8-cce5-47a8-b33e-39365fb0799f___GCREC_Bact.Sp 3844.JPG,Tomato_Bacterial_spot,5,train
D:\Plant-Disease-Detection\PlantVillage\Tomato_Bacterial_spot\526fe053-f112-41dc-8a66-f912b73d0b66___UF.GRC_BS_Lab Leaf 8941.JPG,Tomato_Bacterial_spot,5,train
D:\Plant-Disease-Detection\PlantVillage\Tomato_Bacterial_spot\538b69f4-6f98-4bd6-8da7-8f8448c8731b___GCREC_Bact.Sp 5775.JPG,Tomato_Bacterial_spot,5,train
D:\Plant-Disease-Detection\PlantVillage\Tomato_Bacterial_spot\541eaa7a-3967-4c6a-8a5d-4c9a1ad1881d___UF.GRC_BS_Lab Leaf 9240.JPG,Tomato_Bacterial_spot,5,train
D:\Plant-Disease-Detection\PlantVillage\Tomato_Bacterial_spot\542e3014-3c3c-40c2-bf7e-73287f5302e4___GCREC_Bact.Sp 3157.JPG,Tomato_Bacterial_spot,5,validation
D:\Plant-Disease-Detection\PlantVillage\Tomato_Bacterial_spot\549bff64-9722-4193-9b44-b6069a5a4fc8___GCREC_Bact.Sp 6312.JPG,Tomato_Bacterial_spot,5,test
D:\Plant-Disease-Detection\PlantVillage\Tomato_Bacterial_spot\561c1779-99be-42d0-8759-dd20091d2cbb___GCREC_Bact.Sp 5552.JPG,Tomato_Bacterial_spot,5,train
D:\Plant-Disease-Detection\PlantVillage\Tomato_Bacterial_spot\569caa32-079d-49bd-bb70-212e71f1de31___GCREC_Bact.Sp 5787.JPG,Tomato_Bacterial_spot,5,test
D:\Plant-Disease-Detection\PlantVillage\Tomato_Bacterial_spot\570a9d03-9eb2-4ee3-a940-a7b670a42fbe___UF.GRC_BS_Lab Leaf 8632.JPG,Tomato_Bacterial_spot,5,train
D:\Plant-Disease-Detection\PlantVillage\Tomato_Bacterial_spot\581cabbe-38dc-4694-8180-e7ffb4786102___GCREC_Bact.Sp 3691.JPG,Tomato_Bacterial_spot,5,train
D:\Plant-Disease-Detection\PlantVillage\Tomato_Bacterial_spot\581ec351-50cf-4ab7-9b6a-cbae02d623df___GCREC_Bact.Sp 2985.JPG,Tomato_Bacterial_spot,5,train
D:\Plant-Disease-Detection\PlantVillage\Tomato_Bacterial_spot\589a6ce6-fa0d-4b2a-9f83-59f103aa8afa___GCREC_Bact.Sp 3146.JPG,Tomato_Bacterial_spot,5,train
D:\Plant-Disease-Detection\PlantVillage\Tomato_Bacterial_spot\599ab934-d68b-44ad-a922-872765d6f82f___GCREC_Bact.Sp 3152.JPG,Tomato_Bacterial_spot,5,train
D:\Plant-Disease-Detection\PlantVillage\Tomato_Bacterial_spot\604cb86e-6490-4cb4-b1f4-5cb57a5823ba___GCREC_Bact.Sp 3369.JPG,Tomato_Bacterial_spot,5,test
D:\Plant-Disease-Detection\PlantVillage\Tomato_Bacterial_spot\605dda2d-be55-45cc-b247-76903d159255___UF.GRC_BS_Lab Leaf 8749.JPG,Tomato_Bacterial_spot,5,train
D:\Plant-Disease-Detection\PlantVillage\Tomato_Bacterial_spot\606ad875-f0db-4725-8b4d-d046b6a1405f___GCREC_Bact.Sp 6228.JPG,Tomato_Bacterial_spot,5,validation
D:\Plant-Disease-Detection\PlantVillage\Tomato_Bacterial_spot\608ca2c7-8302-4863-a04b-6919da642ae9___GCREC_Bact.Sp 3070.JPG,Tomato_Bacterial_spot,5,train
D:\Plant-Disease-Detection\PlantVillage\Tomato_Bacterial_spot\611c6fa8-d805-4956-a786-2a4522c59f71___GCREC_Bact.Sp 5616.JPG,Tomato_Bacterial_spot,5,train
D:\Plant-Disease-Detection\PlantVillage\Tomato_Bacterial_spot\612a4230-6e25-4506-a91c-86854d203205___UF.GRC_BS_Lab Leaf 0756.JPG,Tomato_Bacterial_spot,5,train
D:\Plant-Disease-Detection\PlantVillage\Tomato_Bacterial_spot\613d2aaf-3f77-498f-abf2-8519cc595bbe___GCREC_Bact.Sp 5925.JPG,Tomato_Bacterial_spot,5,train
D:\Plant-Disease-Detection\PlantVillage\Tomato_Bacterial_spot\615a9d50-74d8-4435-af2c-459d8f97e453___GCREC_Bact.Sp 5676.JPG,Tomato_Bacterial_spot,5,validation
D:\Plant-Disease-Detection\PlantVillage\Tomato_Bacterial_spot\624af462-6321-42a3-a79e-52cedc26a10e___GCREC_Bact.Sp 3764.JPG,Tomato_Bacterial_spot,5,train
D:\Plant-Disease-Detection\PlantVillage\Tomato_Bacterial_spot\624cc670-b52c-4322-994d-07872d31d72c___GCREC_Bact.Sp 5979.JPG,Tomato_Bacterial_spot,5,train
D:\Plant-Disease-Detection\PlantVillage\Tomato_Bacterial_spot\631fcec5-39db-474a-a929-097718ad2162___GCREC_Bact.Sp 3327.JPG,Tomato_Bacterial_spot,5,train
D:\Plant-Disease-Detection\PlantVillage\Tomato_Bacterial_spot\641aa012-41e5-4e85-bac4-1d81bd67be58___GCREC_Bact.Sp 5665.JPG,Tomato_Bacterial_spot,5,validation
D:\Plant-Disease-Detection\PlantVillage\Tomato_Bacterial_spot\650a2408-9d62-4ebc-92ca-689e2612e248___GCREC_Bact.Sp 3325.JPG,Tomato_Bacterial_spot,5,train
D:\Plant-Disease-Detection\PlantVillage\Tomato_Bacterial_spot\660a5dde-ec09-4a6a-a409-38989f71b8a4___GCREC_Bact.Sp 6300.JPG,Tomato_Bacterial_spot,5,train
D:\Plant-Disease-Detection\PlantVillage\Tomato_Bacterial_spot\666a4e4a-47d7-45fe-b381-5cfbb9720045___GCREC_Bact.Sp 6391.JPG,Tomato_Bacterial_spot,5,validation
D:\Plant-Disease-Detection\PlantVillage\Tomato_Bacterial_spot\777d71b0-d3ec-4eb1-a141-b3bf9df3e515___GCREC_Bact.Sp 3111.JPG,Tomato_Bacterial_spot,5,train
D:\Plant-Disease-Detection\PlantVillage\Tomato_Bacterial_spot\793c4393-0e98-4de2-bbb2-eb0c8412a959___GCREC_Bact.Sp 5621.JPG,Tomato_Bacterial_spot,5,test
D:\Plant-Disease-Detection\PlantVillage\Tomato_Bacterial_spot\797b134d-3511-4e24-8372-2a61507095af___GCREC_Bact.Sp 3143.JPG,Tomato_Bacterial_spot,5,train
D:\Plant-Disease-Detection\PlantVillage\Tomato_Bacterial_spot\799f1c5e-d749-47d1-a8c9-d11f506ceed9___GCREC_Bact.Sp 5629.JPG,Tomato_Bacterial_spot,5,test
D:\Plant-Disease-Detection\PlantVillage\Tomato_Bacterial_spot\803dada3-6a01-491a-b743-b1bb21a9af6b___GCREC_Bact.Sp 6093.JPG,Tomato_Bacterial_spot,5,train
D:\Plant-Disease-Detection\PlantVillage\Tomato_Bacterial_spot\804d4f72-ba6c-4de8-acac-3cfa3683ee81___GCREC_Bact.Sp 5575.JPG,Tomato_Bacterial_spot,5,train
D:\Plant-Disease-Detection\PlantVillage\Tomato_Bacterial_spot\805d07e6-2190-4c8a-9267-75b1c0477a04___GCREC_Bact.Sp 3010.JPG,Tomato_Bacterial_spot,5,train
D:\Plant-Disease-Detection\PlantVillage\Tomato_Bacterial_spot\807ff772-48f7-4e2e-b4ea-e05ce327a9a4___GCREC_Bact.Sp 6213.JPG,Tomato_Bacterial_spot,5,train
D:\Plant-Disease-Detection\PlantVillage\Tomato_Bacterial_spot\822e2ff3-34d5-4634-b82e-2d5cc16c1485___GCREC_Bact.Sp 5990.JPG,Tomato_Bacterial_spot,5,validation
D:\Plant-Disease-Detection\PlantVillage\Tomato_Bacterial_spot\833f13d8-0efb-4138-9d76-953ba4a88553___GCREC_Bact.Sp 5962.JPG,Tomato_Bacterial_spot,5,train
D:\Plant-Disease-Detection\PlantVillage\Tomato_Bacterial_spot\834e7256-4e64-41bf-93e6-60edba4a1e8a___UF.GRC_BS_Lab Leaf 0286.JPG,Tomato_Bacterial_spot,5,test
D:\Plant-Disease-Detection\PlantVillage\Tomato_Bacterial_spot\841cd513-3d3b-4ba5-ba29-1b7bf5220f9c___GCREC_Bact.Sp 3595.JPG,Tomato_Bacterial_spot,5,train
D:\Plant-Disease-Detection\PlantVillage\Tomato_Bacterial_spot\841ea726-5c4a-4447-9f56-0eda38f002d2___GCREC_Bact.Sp 3388.JPG,Tomato_Bacterial_spot,5,test
D:\Plant-Disease-Detection\PlantVillage\Tomato_Bacterial_spot\854d6b99-1659-4a2b-9380-8e93ef488c2e___GCREC_Bact.Sp 2992.JPG,Tomato_Bacterial_spot,5,train
D:\Plant-Disease-Detection\PlantVillage\Tomato_Bacterial_spot\855bbef5-e9fc-4c0c-b3cc-d9321fa9596e___GCREC_Bact.Sp 5947.JPG,Tomato_Bacterial_spot,5,train
D:\Plant-Disease-Detection\PlantVillage\Tomato_Bacterial_spot\861b4a16-2ed2-4a27-980a-196e8a26e58e___UF.GRC_BS_Lab Leaf 9305.JPG,Tomato_Bacterial_spot,5,train
D:\Plant-Disease-Detection\PlantVillage\Tomato_Bacterial_spot\871cb1d1-91e5-4f1b-b0c0-a7055b8e90e1___GCREC_Bact.Sp 3789.JPG,Tomato_Bacterial_spot,5,train
D:\Plant-Disease-Detection\PlantVillage\Tomato_Bacterial_spot\877bc01d-0ab2-4a8f-bbd8-44646bdb84d7___UF.GRC_BS_Lab Leaf 0529.JPG,Tomato_Bacterial_spot,5,train
D:\Plant-Disease-Detection\PlantVillage\Tomato_Bacterial_spot\879bb942-2577-425e-8781-9dfb540d98ac___GCREC_Bact.Sp 6072.JPG,Tomato_Bacterial_spot,5,train
D:\Plant-Disease-Detection\PlantVillage\Tomato_Bacterial_spot\885c07cf-7443-4cc6-ba15-cc8e75aa7ebe___GCREC_Bact.Sp 6016.JPG,Tomato_Bacterial_spot,5,train
D:\Plant-Disease-Detection\PlantVillage\Tomato_Bacterial_spot\887eab5c-9475-46b7-81df-ea2c5190e7fe___GCREC_Bact.Sp 6026.JPG,Tomato_Bacterial_spot,5,train
D:\Plant-Disease-Detection\PlantVillage\Tomato_Bacterial_spot\892f8dc8-7076-46f4-84f4-a9d8c4546ab5___GCREC_Bact.Sp 3658.JPG,Tomato_Bacterial_spot,5,train
D:\Plant-Disease-Detection\PlantVillage\Tomato_Bacterial_spot\917d2a35-8054-4088-9fd4-2d7d5c5f895c___GCREC_Bact.Sp 3264.JPG,Tomato_Bacterial_spot,5,train
D:\Plant-Disease-Detection\PlantVillage\Tomato_Bacterial_spot\919a61ac-2dc9-4eb7-8503-3b04fc0ce109___UF.GRC_BS_Lab Leaf 0303.JPG,Tomato_Bacterial_spot,5,train
D:\Plant-Disease-Detection\PlantVillage\Tomato_Bacterial_spot\919da9f4-c9aa-4c11-a383-17fdc98876c0___GCREC_Bact.Sp 5809.JPG,Tomato_Bacterial_spot,5,validation
D:\Plant-Disease-Detection\PlantVillage\Tomato_Bacterial_spot\922b7e68-efd3-47d2-9f22-cbce9a45241d___GCREC_Bact.Sp 6357.JPG,Tomato_Bacterial_spot,5,train
D:\Plant-Disease-Detection\PlantVillage\Tomato_Bacterial_spot\927b90a6-6318-47b0-93fd-a1c33d2d36c5___GCREC_Bact.Sp 3641.JPG,Tomato_Bacterial_spot,5,train
D:\Plant-Disease-Detection\PlantVillage\Tomato_Bacterial_spot\927e4c4b-e6c6-41f1-aabb-255c624ae8f2___GCREC_Bact.Sp 3722.JPG,Tomato_Bacterial_spot,5,train
D:\Plant-Disease-Detection\PlantVillage\Tomato_Bacterial_spot\928c16b7-3be2-4646-b108-73c669974a7c___GCREC_Bact.Sp 3603.JPG,Tomato_Bacterial_spot,5,validation
D:\Plant-Disease-Detection\PlantVillage\Tomato_Bacterial_spot\931d9484-8912-49c3-bc82-d849927c9a16___GCREC_Bact.Sp 3694.JPG,Tomato_Bacterial_spot,5,test
D:\Plant-Disease-Detection\PlantVillage\Tomato_Bacterial_spot\933ab25a-428f-4d5b-b519-9a870444093e___GCREC_Bact.Sp 5936.JPG,Tomato_Bacterial_spot,5,test
D:\Plant-Disease-Detection\PlantVillage\Tomato_Bacterial_spot\934f7497-94be-4557-8e25-6bc9b27ba7ba___UF.GRC_BS_Lab Leaf 0392.JPG,Tomato_Bacterial_spot,5,train
D:\Plant-Disease-Detection\PlantVillage\Tomato_Bacterial_spot\945f1d4c-7a9f-48e0-98a5-da3e2976077a___GCREC_Bact.Sp 3368.JPG,Tomato_Bacterial_spot,5,test
D:\Plant-Disease-Detection\PlantVillage\Tomato_Bacterial_spot\947b3e00-f128-48a1-b130-8170ef1d7ece___GCREC_Bact.Sp 3409.JPG,Tomato_Bacterial_spot,5,train
D:\Plant-Disease-Detection\PlantVillage\Tomato_Bacterial_spot\954aa39d-2c24-477c-988f-ec4f75c5f05c___GCREC_Bact.Sp 5797.JPG,Tomato_Bacterial_spot,5,test
D:\Plant-Disease-Detection\PlantVillage\Tomato_Bacterial_spot\954e415f-a2ae-42ba-ac21-fdd41da95ff2___GCREC_Bact.Sp 5935.JPG,Tomato_Bacterial_spot,5,train
D:\Plant-Disease-Detection\PlantVillage\Tomato_Bacterial_spot\955d6942-0e13-4221-b349-266e5ae9cc56___GCREC_Bact.Sp 5859.JPG,Tomato_Bacterial_spot,5,train
D:\Plant-Disease-Detection\PlantVillage\Tomato_Bacterial_spot\959b1a2d-0324-4525-94e6-90c8749cbb29___GCREC_Bact.Sp 5882.JPG,Tomato_Bacterial_spot,5,train
D:\Plant-Disease-Detection\PlantVillage\Tomato_Bacterial_spot\963e1eca-9916-4918-a2da-0f5feaef000a___UF.GRC_BS_Lab Leaf 0269.JPG,Tomato_Bacterial_spot,5,validation
D:\Plant-Disease-Detection\PlantVillage\Tomato_Bacterial_spot\965f8fae-c0d9-44a1-a203-3335b5f1fb74___GCREC_Bact.Sp 3391.JPG,Tomato_Bacterial_spot,5,train
D:\Plant-Disease-Detection\PlantVillage\Tomato_Bacterial_spot\967c57c6-5e39-4dae-ba99-40bea44e8dee___UF.GRC_BS_Lab Leaf 0901.JPG,Tomato_Bacterial_spot,5,train
D:\Plant-Disease-Detection\PlantVillage\Tomato_Bacterial_spot\967e3fd5-f8b1-47af-a3c4-d22f0386b013___GCREC_Bact.Sp 5606.JPG,Tomato_Bacterial_spot,5,train
D:\Plant-Disease-Detection\PlantVillage\Tomato_Bacterial_spot\970bbfa4-226c-445c-9212-e3ad3c36138e___GCREC_Bact.Sp 3251.JPG,Tomato_Bacterial_spot,5,test
D:\Plant-Disease-Detection\PlantVillage\Tomato_Bacterial_spot\970f1e35-eca5-4011-9d93-be6566f27389___GCREC_Bact.Sp 3525.JPG,Tomato_Bacterial_spot,5,validation
D:\Plant-Disease-Detection\PlantVillage\Tomato_Bacterial_spot\970fcaf8-57a8-4219-810b-291ef0283e7a___UF.GRC_BS_Lab Leaf 9285.JPG,Tomato_Bacterial_spot,5,validation
D:\Plant-Disease-Detection\PlantVillage\Tomato_Bacterial_spot\971d1645-3708-40ed-a3ed-25e5e3a9d393___UF.GRC_BS_Lab Leaf 9094.JPG,Tomato_Bacterial_spot,5,train
D:\Plant-Disease-Detection\PlantVillage\Tomato_Bacterial_spot\974bfda6-f0ea-48a4-965e-9346c8f2f17b___GCREC_Bact.Sp 6237.JPG,Tomato_Bacterial_spot,5,test
D:\Plant-Disease-Detection\PlantVillage\Tomato_Bacterial_spot\984f7f9e-23ff-4a33-979a-5580b3fc5146___GCREC_Bact.Sp 3846.JPG,Tomato_Bacterial_spot,5,train
D:\Plant-Disease-Detection\PlantVillage\Tomato_Bacterial_spot\986cde2a-3f8b-438d-8380-c5a8ff0a4993___UF.GRC_BS_Lab Leaf 8940.JPG,Tomato_Bacterial_spot,5,train
D:\Plant-Disease-Detection\PlantVillage\Tomato_Bacterial_spot\990e1cbf-b978-478e-b332-d12b3855fd57___GCREC_Bact.Sp 6223.JPG,Tomato_Bacterial_spot,5,train
D:\Plant-Disease-Detection\PlantVillage\Tomato_Bacterial_spot\996c688b-9f51-4c81-8153-a13ae17f1ce8___UF.GRC_BS_Lab Leaf 0439.JPG,Tomato_Bacterial_spot,5,train
D:\Plant-Disease-Detection\PlantVillage\Tomato_Bacterial_spot\cef26170-8416-48ef-bc58-78effabb6dcd___GCREC_Bact.Sp 6393.JPG,Tomato_Bacterial_spot,5,validation
D:\Plant-Disease-Detection\PlantVillage\Tomato_Bacterial_spot\cef66036-f0d8-4ab8-898f-8269c2051331___UF.GRC_BS_Lab Leaf 9071.JPG,Tomato_Bacterial_spot,5,train
D:\Plant-Disease-Detection\PlantVillage\Tomato_Bacterial_spot\cefc70ed-e035-44fb-afaf-32401833a800___GCREC_Bact.Sp 3583.JPG,Tomato_Bacterial_spot,5,validation
D:\Plant-Disease-Detection\PlantVillage\Tomato_Bacterial_spot\cf08a18e-375d-4f92-ac86-bd0e2f8f8dd2___GCREC_Bact.Sp 5808.JPG,Tomato_Bacterial_spot,5,train
D:\Plant-Disease-Detection\PlantVillage\Tomato_Bacterial_spot\cf155207-09bc-454e-a31b-0d469c9bb3d7___GCREC_Bact.Sp 2989.JPG,Tomato_Bacterial_spot,5,train
D:\Plant-Disease-Detection\PlantVillage\Tomato_Bacterial_spot\cf40371a-2b37-4dcc-9d86-62c2143b2e70___GCREC_Bact.Sp 3155.JPG,Tomato_Bacterial_spot,5,test
D:\Plant-Disease-Detection\PlantVillage\Tomato_Bacterial_spot\d0246f26-0f37-4dd0-b6fa-40f03fedaa39___UF.GRC_BS_Lab Leaf 0424.JPG,Tomato_Bacterial_spot,5,validation
D:\Plant-Disease-Detection\PlantVillage\Tomato_Bacterial_spot\d0259987-90c8-4af9-a2f4-524ed0c514a2___GCREC_Bact.Sp 6365.JPG,Tomato_Bacterial_spot,5,train
D:\Plant-Disease-Detection\PlantVillage\Tomato_Bacterial_spot\d0513b6e-e8a2-44b5-ace7-bcec9c694d4c___UF.GRC_BS_Lab Leaf 8753.JPG,Tomato_Bacterial_spot,5,train
D:\Plant-Disease-Detection\PlantVillage\Tomato_Bacterial_spot\d065c274-53bd-4caf-ab79-ad2a454b1442___UF.GRC_BS_Lab Leaf 9245.JPG,Tomato_Bacterial_spot,5,test
D:\Plant-Disease-Detection\PlantVillage\Tomato_Bacterial_spot\d066d888-1ffb-4ede-a6f9-2d5894a7f90f___GCREC_Bact.Sp 3102.JPG,Tomato_Bacterial_spot,5,train
D:\Plant-Disease-Detection\PlantVillage\Tomato_Bacterial_spot\d070f6af-fdda-4995-a4d4-8e994faa7c03___GCREC_Bact.Sp 6012.JPG,Tomato_Bacterial_spot,5,train
D:\Plant-Disease-Detection\PlantVillage\Tomato_Bacterial_spot\d071b160-8fd5-4f26-b464-f61cbc472d75___GCREC_Bact.Sp 3635.JPG,Tomato_Bacterial_spot,5,train
D:\Plant-Disease-Detection\PlantVillage\Tomato_Bacterial_spot\d106ec05-b062-4d08-bf62-e24c42532e9d___GCREC_Bact.Sp 3345.JPG,Tomato_Bacterial_spot,5,test
D:\Plant-Disease-Detection\PlantVillage\Tomato_Bacterial_spot\d150fcab-c23c-4dd3-869f-961d3104d850___GCREC_Bact.Sp 3194.JPG,Tomato_Bacterial_spot,5,train
D:\Plant-Disease-Detection\PlantVillage\Tomato_Bacterial_spot\d3235199-bec9-4191-ab79-53797ef23873___GCREC_Bact.Sp 3189.JPG,Tomato_Bacterial_spot,5,train
D:\Plant-Disease-Detection\PlantVillage\Tomato_Bacterial_spot\d3388cc8-1d28-4d94-9784-d441f05fcccb___GCREC_Bact.Sp 3351.JPG,Tomato_Bacterial_spot,5,train
D:\Plant-Disease-Detection\PlantVillage\Tomato_Bacterial_spot\d374d0c5-2a5c-4d5e-afc6-0410d91c9d55___GCREC_Bact.Sp 6321.JPG,Tomato_Bacterial_spot,5,validation
D:\Plant-Disease-Detection\PlantVillage\Tomato_Bacterial_spot\d3969371-05ad-4097-8390-5d4124d19a9e___GCREC_Bact.Sp 3224.JPG,Tomato_Bacterial_spot,5,test
D:\Plant-Disease-Detection\PlantVillage\Tomato_Bacterial_spot\d43111af-cbb9-47ee-be8e-9ce663146371___GCREC_Bact.Sp 6264.JPG,Tomato_Bacterial_spot,5,train
D:\Plant-Disease-Detection\PlantVillage\Tomato_Bacterial_spot\d437fbb3-cfb7-4a81-b6b7-36bca6748f02___GCREC_Bact.Sp 3454.JPG,Tomato_Bacterial_spot,5,test
D:\Plant-Disease-Detection\PlantVillage\Tomato_Bacterial_spot\d449e255-119a-44cb-844a-f187518e0fc2___GCREC_Bact.Sp 5701.JPG,Tomato_Bacterial_spot,5,train
D:\Plant-Disease-Detection\PlantVillage\Tomato_Bacterial_spot\d4720e9b-a902-45b7-b5d1-94acee444e82___GCREC_Bact.Sp 6191.JPG,Tomato_Bacterial_spot,5,test
D:\Plant-Disease-Detection\PlantVillage\Tomato_Bacterial_spot\d4887ae0-982c-46a0-9b3c-5b6a331ebd0f___GCREC_Bact.Sp 3359.JPG,Tomato_Bacterial_spot,5,train
D:\Plant-Disease-Detection\PlantVillage\Tomato_Bacterial_spot\d489099b-31cf-484f-a0d6-46f24e6875ab___GCREC_Bact.Sp 3523.JPG,Tomato_Bacterial_spot,5,train
D:\Plant-Disease-Detection\PlantVillage\Tomato_Bacterial_spot\d504f56f-b000-438e-a81a-e95870d70bb0___GCREC_Bact.Sp 5668.JPG,Tomato_Bacterial_spot,5,train
D:\Plant-Disease-Detection\PlantVillage\Tomato_Bacterial_spot\d5291fc4-6702-407a-a09f-1c8e2e7455fc___GCREC_Bact.Sp 5642.JPG,Tomato_Bacterial_spot,5,train
D:\Plant-Disease-Detection\PlantVillage\Tomato_Bacterial_spot\d5701f4d-4aa3-4f95-ac7c-07f8747c1332___GCREC_Bact.Sp 6368.JPG,Tomato_Bacterial_spot,5,train
D:\Plant-Disease-Detection\PlantVillage\Tomato_Bacterial_spot\d5811974-694f-4a83-a5d1-cfa56f59c67a___UF.GRC_BS_Lab Leaf 0384.JPG,Tomato_Bacterial_spot,5,train
D:\Plant-Disease-Detection\PlantVillage\Tomato_Bacterial_spot\d581dfed-7057-4f0b-8417-5725beb0168e___UF.GRC_BS_Lab Leaf 0259.JPG,Tomato_Bacterial_spot,5,train
D:\Plant-Disease-Detection\PlantVillage\Tomato_Bacterial_spot\d603ca14-5a43-4931-b046-a424eb4c0b96___GCREC_Bact.Sp 6240.JPG,Tomato_Bacterial_spot,5,train
D:\Plant-Disease-Detection\PlantVillage\Tomato_Bacterial_spot\d60ef655-b54e-4e58-ab25-64f523a97694___GCREC_Bact.Sp 3336.JPG,Tomato_Bacterial_spot,5,validation
D:\Plant-Disease-Detection\PlantVillage\Tomato_Bacterial_spot\d6185a8e-8ac1-4307-841a-f5e862b26a4d___GCREC_Bact.Sp 3179.JPG,Tomato_Bacterial_spot,5,train
D:\Plant-Disease-Detection\PlantVillage\Tomato_Bacterial_spot\d619a692-5746-4824-b134-982656e61633___GCREC_Bact.Sp 5593.JPG,Tomato_Bacterial_spot,5,train
D:\Plant-Disease-Detection\PlantVillage\Tomato_Bacterial_spot\d623c605-17f1-43b2-af4a-5428367f752f___GCREC_Bact.Sp 6284.JPG,Tomato_Bacterial_spot,5,train
D:\Plant-Disease-Detection\PlantVillage\Tomato_Bacterial_spot\d64951f4-a447-44c7-80b7-1143a6e4a4e8___UF.GRC_BS_Lab Leaf 9190.JPG,Tomato_Bacterial_spot,5,train
D:\Plant-Disease-Detection\PlantVillage\Tomato_Bacterial_spot\d6719276-d4fa-4c59-84a2-6a6b40e023f4___GCREC_Bact.Sp 3218.JPG,Tomato_Bacterial_spot,5,train
D:\Plant-Disease-Detection\PlantVillage\Tomato_Bacterial_spot\d707ecc4-8ccf-4373-8d0f-ccf4a5f9fa2d___UF.GRC_BS_Lab Leaf 9171.JPG,Tomato_Bacterial_spot,5,train
D:\Plant-Disease-Detection\PlantVillage\Tomato_Bacterial_spot\d78cf219-53eb-4269-830d-e1822caa8fdd___GCREC_Bact.Sp 5755.JPG,Tomato_Bacterial_spot,5,validation
D:\Plant-Disease-Detection\PlantVillage\Tomato_Bacterial_spot\d8218386-5974-4ab6-b453-6d628317d82d___GCREC_Bact.Sp 6232.JPG,Tomato_Bacterial_spot,5,train
D:\Plant-Disease-Detection\PlantVillage\Tomato_Bacterial_spot\d8914e04-4e33-4189-bfa9-f547e5f696d1___GCREC_Bact.Sp 3173.JPG,Tomato_Bacterial_spot,5,train
D:\Plant-Disease-Detection\PlantVillage\Tomato_Bacterial_spot\d903df67-fe54-4892-be62-1db1a8bbe6d2___GCREC_Bact.Sp 5942.JPG,Tomato_Bacterial_spot,5,train
D:\Plant-Disease-Detection\PlantVillage\Tomato_Bacterial_spot\d90c232c-8940-4931-8b77-346b7fecf992___GCREC_Bact.Sp 3729.JPG,Tomato_Bacterial_spot,5,train
D:\Plant-Disease-Detection\PlantVillage\Tomato_Bacterial_spot\d917a80d-e9b2-4c64-85ba-60014b11c757___GCREC_Bact.Sp 3588.JPG,Tomato_Bacterial_spot,5,train
D:\Plant-Disease-Detection\PlantVillage\Tomato_Bacterial_spot\d91864c6-22e4-4dea-b10f-e64061a300a3___GCREC_Bact.Sp 3572.JPG,Tomato_Bacterial_spot,5,train
D:\Plant-Disease-Detection\PlantVillage\Tomato_Bacterial_spot\d9461bb6-7502-4f29-80eb-e691b7f5619f___GCREC_Bact.Sp 6293.JPG,Tomato_Bacterial_spot,5,train
D:\Plant-Disease-Detection\PlantVillage\Tomato_Bacterial_spot\d9583f61-d03e-4c4f-a86c-125751b37324___GCREC_Bact.Sp 6376.JPG,Tomato_Bacterial_spot,5,test
D:\Plant-Disease-Detection\PlantVillage\Tomato_Bacterial_spot\d96166b8-e301-4613-adbb-66eb792a16b6___GCREC_Bact.Sp 3792.JPG,Tomato_Bacterial_spot,5,train
D:\Plant-Disease-Detection\PlantVillage\Tomato_Bacterial_spot\da0ffa44-de62-4314-acb2-59218f5deeb5___GCREC_Bact.Sp 6010.JPG,Tomato_Bacterial_spot,5,train
D:\Plant-Disease-Detection\PlantVillage\Tomato_Bacterial_spot\da1c5c94-2f61-4f4e-b773-f7e421d46b34___GCREC_Bact.Sp 3752.JPG,Tomato_Bacterial_spot,5,train
D:\Plant-Disease-Detection\PlantVillage\Tomato_Bacterial_spot\da471a01-eb1c-4b89-9b21-6dee2719c200___UF.GRC_BS_Lab Leaf 0495.JPG,Tomato_Bacterial_spot,5,test
D:\Plant-Disease-Detection\PlantVillage\Tomato_Bacterial_spot\da866ac6-4fcc-4722-8cf6-3d0d93011d65___GCREC_Bact.Sp 3550.JPG,Tomato_Bacterial_spot,5,train
D:\Plant-Disease-Detection\PlantVillage\Tomato_Bacterial_spot\da934beb-3546-440a-83a8-016d9d480824___GCREC_Bact.Sp 3464.JPG,Tomato_Bacterial_spot,5,train
D:\Plant-Disease-Detection\PlantVillage\Tomato_Bacterial_spot\daa61ed9-a0bf-4533-841e-1a43633e86a1___GCREC_Bact.Sp 5649.JPG,Tomato_Bacterial_spot,5,train
D:\Plant-Disease-Detection\PlantVillage\Tomato_Bacterial_spot\dabf464f-af7f-4fdb-b598-ebc369968706___GCREC_Bact.Sp 3287.JPG,Tomato_Bacterial_spot,5,train
D:\Plant-Disease-Detection\PlantVillage\Tomato_Bacterial_spot\db498ce2-43f3-46e8-a5ab-0af97ba95b3b___GCREC_Bact.Sp 6209.JPG,Tomato_Bacterial_spot,5,train
D:\Plant-Disease-Detection\PlantVillage\Tomato_Bacterial_spot\db5044bc-64df-4f7c-a591-5b79b9318805___GCREC_Bact.Sp 5546.JPG,Tomato_Bacterial_spot,5,validation
D:\Plant-Disease-Detection\PlantVillage\Tomato_Bacterial_spot\db6177ef-cf23-402a-ac95-f8c136c6385d___GCREC_Bact.Sp 3135.JPG,Tomato_Bacterial_spot,5,train
D:\Plant-Disease-Detection\PlantVillage\Tomato_Bacterial_spot\dba96916-e1d7-46fd-b5bc-07b0d8eb4914___UF.GRC_BS_Lab Leaf 0397.JPG,Tomato_Bacterial_spot,5,test
D:\Plant-Disease-Detection\PlantVillage\Tomato_Bacterial_spot\dbabca53-fd46-46e9-91c0-64232aac8c25___GCREC_Bact.Sp 3816.JPG,Tomato_Bacterial_spot,5,train
D:\Plant-Disease-Detection\PlantVillage\Tomato_Bacterial_spot\dbbb04ee-e2ea-4c76-bf67-c3a0aa708407___UF.GRC_BS_Lab Leaf 0508.JPG,Tomato_Bacterial_spot,5,train
D:\Plant-Disease-Detection\PlantVillage\Tomato_Bacterial_spot\dbda016b-fd39-451d-82e5-08e42ea6bcda___GCREC_Bact.Sp 3285.JPG,Tomato_Bacterial_spot,5,train
D:\Plant-Disease-Detection\PlantVillage\Tomato_Bacterial_spot\dbec23bb-922a-49cd-b222-825ee95edcee___GCREC_Bact.Sp 3834.JPG,Tomato_Bacterial_spot,5,train
D:\Plant-Disease-Detection\PlantVillage\Tomato_Bacterial_spot\dbee8b94-3efc-4e09-9710-a95517728d28___GCREC_Bact.Sp 3737.JPG,Tomato_Bacterial_spot,5,train
D:\Plant-Disease-Detection\PlantVillage\Tomato_Bacterial_spot\dc0911a0-8c66-412c-82ec-6070f2ca0b8b___GCREC_Bact.Sp 6011.JPG,Tomato_Bacterial_spot,5,train
D:\Plant-Disease-Detection\PlantVillage\Tomato_Bacterial_spot\dc206acc-605b-4a85-a35b-44ce62f0ea7e___GCREC_Bact.Sp 6055.JPG,Tomato_Bacterial_spot,5,train
D:\Plant-Disease-Detection\PlantVillage\Tomato_Bacterial_spot\dc3f2b4a-e8ee-4934-8d79-cd1d1bc6a303___GCREC_Bact.Sp 3760.JPG,Tomato_Bacterial_spot,5,test
D:\Plant-Disease-Detection\PlantVillage\Tomato_Bacterial_spot\dc425296-15d3-45ba-95b9-018fc4494e1e___GCREC_Bact.Sp 5682.JPG,Tomato_Bacterial_spot,5,train
D:\Plant-Disease-Detection\PlantVillage\Tomato_Bacterial_spot\dc577914-0602-4790-a2ab-5df9e0c581e8___GCREC_Bact.Sp 5760.JPG,Tomato_Bacterial_spot,5,train
D:\Plant-Disease-Detection\PlantVillage\Tomato_Bacterial_spot\dc8612c8-6b25-4bf7-b6e8-49b20fda59ee___GCREC_Bact.Sp 3380.JPG,Tomato_Bacterial_spot,5,train
D:\Plant-Disease-Detection\PlantVillage\Tomato_Bacterial_spot\dc865b07-0701-4ddd-be52-cc75f80d0ada___UF.GRC_BS_Lab Leaf 0683.JPG,Tomato_Bacterial_spot,5,test
D:\Plant-Disease-Detection\PlantVillage\Tomato_Bacterial_spot\dcc6402f-a868-4766-9e4b-8578b0705f82___GCREC_Bact.Sp 3526.JPG,Tomato_Bacterial_spot,5,train
D:\Plant-Disease-Detection\PlantVillage\Tomato_Early_blight\00c5c908-fc25-4710-a109-db143da23112___RS_Erly.B 7778.JPG,Tomato_Early_blight,6,train
D:\Plant-Disease-Detection\PlantVillage\Tomato_Early_blight\00e7c4b2-3005-4558-9cfa-235e356cb7a8___RS_Erly.B 7844.JPG,Tomato_Early_blight,6,train
D:\Plant-Disease-Detection\PlantVillage\Tomato_Early_blight\03b7a13c-f5c0-44c4-beed-443841670e9a___RS_Erly.B 8225.JPG,Tomato_Early_blight,6,train
D:\Plant-Disease-Detection\PlantVillage\Tomato_Early_blight\04ddbde3-d33c-42bf-b849-dad24d64fd6f___RS_Erly.B 7664.JPG,Tomato_Early_blight,6,test
D:\Plant-Disease-Detection\PlantVillage\Tomato_Early_blight\04e38351-80bc-4260-8a4d-187f7817c3e5___RS_Erly.B 7439.JPG,Tomato_Early_blight,6,train
D:\Plant-Disease-Detection\PlantVillage\Tomato_Early_blight\0a2726e0-3358-4a46-b6dc-563a5a9f2bdf___RS_Erly.B 7860.JPG,Tomato_Early_blight,6,train
D:\Plant-Disease-Detection\PlantVillage\Tomato_Early_blight\0abc57ec-7f3b-482a-8579-21f3b2fb780b___RS_Erly.B 7609.JPG,Tomato_Early_blight,6,validation
D:\Plant-Disease-Detection\PlantVillage\Tomato_Early_blight\0ae44a6c-1213-4312-a11b-c7c5d4e585d0___RS_Erly.B 9442.JPG,Tomato_Early_blight,6,train
D:\Plant-Disease-Detection\PlantVillage\Tomato_Early_blight\0b494c44-8cd0-4491-bdfd-8a354209c3ae___RS_Erly.B 9561.JPG,Tomato_Early_blight,6,train
D:\Plant-Disease-Detection\PlantVillage\Tomato_Early_blight\0ba3d536-8732-4ea1-b3e1-a1be86e5dc6a___RS_Erly.B 9499.JPG,Tomato_Early_blight,6,train
D:\Plant-Disease-Detection\PlantVillage\Tomato_Early_blight\0bb52721-51a6-4343-8c54-de15cedf8e5c___RS_Erly.B 7572.JPG,Tomato_Early_blight,6,train
D:\Plant-Disease-Detection\PlantVillage\Tomato_Early_blight\0bd357fe-1e54-4c65-979c-e894e0b8a3aa___RS_Erly.B 8328.JPG,Tomato_Early_blight,6,test
D:\Plant-Disease-Detection\PlantVillage\Tomato_Early_blight\0bed4d68-b82c-4e96-bbfe-e0fc10df01aa___RS_Erly.B 8301.JPG,Tomato_Early_blight,6,train
D:\Plant-Disease-Detection\PlantVillage\Tomato_Early_blight\0c221e01-a85e-4794-b45b-3a91e349a8d2___RS_Erly.B 6425.JPG,Tomato_Early_blight,6,test
D:\Plant-Disease-Detection\PlantVillage\Tomato_Early_blight\0c865fa4-b0bf-4e69-b39a-d97b068cef84___RS_Erly.B 7477.JPG,Tomato_Early_blight,6,validation
D:\Plant-Disease-Detection\PlantVillage\Tomato_Early_blight\0cd17aff-13d8-439a-ac08-dae1aea55edb___RS_Erly.B 7828.JPG,Tomato_Early_blight,6,test
D:\Plant-Disease-Detection\PlantVillage\Tomato_Early_blight\0cd1ebaf-3975-4749-b625-50b7b0751c36___RS_Erly.B 7508.JPG,Tomato_Early_blight,6,test
D:\Plant-Disease-Detection\PlantVillage\Tomato_Early_blight\0cd2270f-87f8-45b5-a4af-19fa34b2acaa___RS_Erly.B 9567.JPG,Tomato_Early_blight,6,train
D:\Plant-Disease-Detection\PlantVillage\Tomato_Early_blight\0d5f65a3-b32f-4565-b63a-c6da73c1322b___RS_Erly.B 8310.JPG,Tomato_Early_blight,6,train
D:\Plant-Disease-Detection\PlantVillage\Tomato_Early_blight\0db67be3-f733-4d15-b7d9-5d075b2cafc7___RS_Erly.B 6401.JPG,Tomato_Early_blight,6,train
D:\Plant-Disease-Detection\PlantVillage\Tomato_Early_blight\0e03c87e-b43f-4cfe-a837-71306c68f4c0___RS_Erly.B 7733.JPG,Tomato_Early_blight,6,train
D:\Plant-Disease-Detection\PlantVillage\Tomato_Early_blight\0e2abcfb-e62b-4c61-a24a-0800cad904a8___RS_Erly.B 7382.JPG,Tomato_Early_blight,6,train
D:\Plant-Disease-Detection\PlantVillage\Tomato_Early_blight\0e2e58b7-1417-49c4-b014-b5efb4b4b831___RS_Erly.B 8256.JPG,Tomato_Early_blight,6,train
D:\Plant-Disease-Detection\PlantVillage\Tomato_Early_blight\0e39c18a-9e04-4f6b-b557-dc0e944d22e5___RS_Erly.B 9501.JPG,Tomato_Early_blight,6,train
D:\Plant-Disease-Detection\PlantVillage\Tomato_Early_blight\0ecc2ee7-fb66-41fa-a23b-9bdeaf31078a___RS_Erly.B 6381.JPG,Tomato_Early_blight,6,test
D:\Plant-Disease-Detection\PlantVillage\Tomato_Early_blight\0efaac13-1988-48db-aec3-f31df3045b95___RS_Erly.B 8342.JPG,Tomato_Early_blight,6,validation
D:\Plant-Disease-Detection\PlantVillage\Tomato_Early_blight\0f03a09c-aa48-4d51-95e1-752c466c3742___RS_Erly.B 6413.JPG,Tomato_Early_blight,6,train
D:\Plant-Disease-Detection\PlantVillage\Tomato_Early_blight\0f065614-a53a-4c83-9d29-5d3e4ab5b41d___RS_Erly.B 7676.JPG,Tomato_Early_blight,6,train
D:\Plant-Disease-Detection\PlantVillage\Tomato_Early_blight\0f111718-a749-42cf-9495-412f4b51acf0___RS_Erly.B 7482.JPG,Tomato_Early_blight,6,train
D:\Plant-Disease-Detection\PlantVillage\Tomato_Early_blight\0f12e22b-49a9-4d9a-84bc-76bb86ed2a14___RS_Erly.B 9572.JPG,Tomato_Early_blight,6,train
D:\Plant-Disease-Detection\PlantVillage\Tomato_Early_blight\0f1fb081-c715-414e-aa64-2c398ba6c320___RS_Erly.B 6382.JPG,Tomato_Early_blight,6,train
D:\Plant-Disease-Detection\PlantVillage\Tomato_Early_blight\0f4e562d-77ee-47c2-8ee9-34b391bc0fc3___RS_Erly.B 9434.JPG,Tomato_Early_blight,6,train
D:\Plant-Disease-Detection\PlantVillage\Tomato_Early_blight\0f7a2408-9c26-4ff9-bee5-2bfcd91a11f7___RS_Erly.B 9440.JPG,Tomato_Early_blight,6,train
D:\Plant-Disease-Detection\PlantVillage\Tomato_Early_blight\2b5bebdd-3af4-41ca-b206-efc1a141e71d___RS_Erly.B 6363.JPG,Tomato_Early_blight,6,test
D:\Plant-Disease-Detection\PlantVillage\Tomato_Early_blight\2b7c8b0d-d906-4c93-9dc4-554ae46a3ec3___RS_Erly.B 7825.JPG,Tomato_Early_blight,6,train
D:\Plant-Disease-Detection\PlantVillage\Tomato_Early_blight\2bdca297-e0d1-41f0-b1dc-3801384faa1a___RS_Erly.B 7858.JPG,Tomato_Early_blight,6,validation
D:\Plant-Disease-Detection\PlantVillage\Tomato_Early_blight\2bdecb58-7e31-4129-83ff-125b7a31c0f6___RS_Erly.B 9506.JPG,Tomato_Early_blight,6,train
D:\Plant-Disease-Detection\PlantVillage\Tomato_Early_blight\2c9fda20-f414-4aaa-8798-faf6bc38f014___RS_Erly.B 6491.JPG,Tomato_Early_blight,6,train
D:\Plant-Disease-Detection\PlantVillage\Tomato_Early_blight\2d3d1221-2f62-43ad-8256-b560c1872934___RS_Erly.B 7465.JPG,Tomato_Early_blight,6,validation
D:\Plant-Disease-Detection\PlantVillage\Tomato_Early_blight\2e7b090e-4fc6-42f2-8bf6-3f84b32712e5___RS_Erly.B 7470.JPG,Tomato_Early_blight,6,train
D:\Plant-Disease-Detection\PlantVillage\Tomato_Early_blight\2ef629c7-3366-41b5-a1b7-0e3bcb3ac28c___RS_Erly.B 9395.JPG,Tomato_Early_blight,6,train
D:\Plant-Disease-Detection\PlantVillage\Tomato_Early_blight\2efd143b-619d-455d-9b16-95536cad01e3___RS_Erly.B 7780.JPG,Tomato_Early_blight,6,test
D:\Plant-Disease-Detection\PlantVillage\Tomato_Early_blight\2f3c483a-b18d-4571-8c00-fb24f166d328___RS_Erly.B 7667.JPG,Tomato_Early_blight,6,train
D:\Plant-Disease-Detection\PlantVillage\Tomato_Early_blight\2f6115d3-4997-4174-aa6a-9025c654e81f___RS_Erly.B 9374.JPG,Tomato_Early_blight,6,validation
D:\Plant-Disease-Detection\PlantVillage\Tomato_Early_blight\2f823081-0654-47f1-bb1e-88d7e99a94ca___RS_Erly.B 9542.JPG,Tomato_Early_blight,6,train
D:\Plant-Disease-Detection\PlantVillage\Tomato_Early_blight\2fa6cd46-eb76-481e-b15a-44c858f705b3___RS_Erly.B 9532.JPG,Tomato_Early_blight,6,test
D:\Plant-Disease-Detection\PlantVillage\Tomato_Early_blight\2ffcdf9e-9cf5-492e-80f8-6f80cd0be7cb___RS_Erly.B 7421.JPG,Tomato_Early_blight,6,test
D:\Plant-Disease-Detection\PlantVillage\Tomato_Early_blight\3a2f31aa-b3e1-45a0-b0e6-2ffe3a2538b2___RS_Erly.B 9393.JPG,Tomato_Early_blight,6,train
D:\Plant-Disease-Detection\PlantVillage\Tomato_Early_blight\3a54f866-42a6-4ad8-8752-97c62aa1bc18___RS_Erly.B 6485.JPG,Tomato_Early_blight,6,train
D:\Plant-Disease-Detection\PlantVillage\Tomato_Early_blight\3a5a5775-fd2c-43ea-ad6b-ce2e50b36dcf___RS_Erly.B 6469.JPG,Tomato_Early_blight,6,train
D:\Plant-Disease-Detection\PlantVillage\Tomato_Early_blight\3a634ad7-1119-4ea1-9268-bedc8308fdc8___RS_Erly.B 7841.JPG,Tomato_Early_blight,6,train
D:\Plant-Disease-Detection\PlantVillage\Tomato_Early_blight\3a7c19c6-a86d-4127-b00e-600cb0244ac4___RS_Erly.B 6415.JPG,Tomato_Early_blight,6,train
D:\Plant-Disease-Detection\PlantVillage\Tomato_Early_blight\3a8ed6b0-1566-4ab1-b0e2-6a670dfca65a___RS_Erly.B 7653.JPG,Tomato_Early_blight,6,train
D:\Plant-Disease-Detection\PlantVillage\Tomato_Early_blight\3af16e88-1b4d-46d5-a099-7450600f11e8___RS_Erly.B 9545.JPG,Tomato_Early_blight,6,train
D:\Plant-Disease-Detection\PlantVillage\Tomato_Early_blight\3b0f2e65-0005-4b3a-b63c-4ec99b3b92e5___RS_Erly.B 8227.JPG,Tomato_Early_blight,6,test
D:\Plant-Disease-Detection\PlantVillage\Tomato_Early_blight\3b1caf5d-9b90-4adc-bde6-8a16af479f0a___RS_Erly.B 8270.JPG,Tomato_Early_blight,6,train
D:\Plant-Disease-Detection\PlantVillage\Tomato_Early_blight\4490b039-427d-414c-836d-a1fda6c1ad49___RS_Erly.B 8369.JPG,Tomato_Early_blight,6,validation
D:\Plant-Disease-Detection\PlantVillage\Tomato_Early_blight\4803a0a5-ac23-431f-b792-d60a25a268bd___RS_Erly.B 9508.JPG,Tomato_Early_blight,6,train
D:\Plant-Disease-Detection\PlantVillage\Tomato_Early_blight\4845b02b-1b59-454b-8aae-c4df6c02cbd8___RS_Erly.B 7660.JPG,Tomato_Early_blight,6,test
D:\Plant-Disease-Detection\PlantVillage\Tomato_Early_blight\4d80e993-6d3e-4537-92ba-39834a88e50c___RS_Erly.B 7632.JPG,Tomato_Early_blight,6,train
D:\Plant-Disease-Detection\PlantVillage\Tomato_Early_blight\4d88d7a6-b49c-4927-81de-60b6b807c839___RS_Erly.B 7655.JPG,Tomato_Early_blight,6,test
D:\Plant-Disease-Detection\PlantVillage\Tomato_Early_blight\4d8cce21-a64f-4953-8c56-218f1611ed29___RS_Erly.B 7372.JPG,Tomato_Early_blight,6,train
D:\Plant-Disease-Detection\PlantVillage\Tomato_Early_blight\4deeae7f-b339-4d5b-969c-b69ea27c1636___RS_Erly.B 7736.JPG,Tomato_Early_blight,6,train
D:\Plant-Disease-Detection\PlantVillage\Tomato_Early_blight\4e24576f-00c2-494f-b47b-b2b3885b4749___RS_Erly.B 8279.JPG,Tomato_Early_blight,6,train
D:\Plant-Disease-Detection\PlantVillage\Tomato_Early_blight\4e3c2c95-69ca-41d4-9b08-4e0bb7f425eb___RS_Erly.B 7469.JPG,Tomato_Early_blight,6,train
D:\Plant-Disease-Detection\PlantVillage\Tomato_Early_blight\4e3f49fc-2ff8-4d00-979d-3c15f4d90db8___RS_Erly.B 7708.JPG,Tomato_Early_blight,6,train
D:\Plant-Disease-Detection\PlantVillage\Tomato_Early_blight\4e5f8530-2696-433d-91ec-5f53488b1d18___RS_Erly.B 8299.JPG,Tomato_Early_blight,6,train
D:\Plant-Disease-Detection\PlantVillage\Tomato_Early_blight\4e8e92ba-46f4-4e49-850b-71019f6c8640___RS_Erly.B 6346.JPG,Tomato_Early_blight,6,train
D:\Plant-Disease-Detection\PlantVillage\Tomato_Early_blight\4ec7e2e9-7fc3-46de-a42d-eec0cbcc990e___RS_Erly.B 7532.JPG,Tomato_Early_blight,6,validation
D:\Plant-Disease-Detection\PlantVillage\Tomato_Early_blight\518d8b79-c548-42e4-b78d-f2145eb1d6da___RS_Erly.B 7794.JPG,Tomato_Early_blight,6,train
D:\Plant-Disease-Detection\PlantVillage\Tomato_Early_blight\533debcd-c993-4c11-8515-9ec280cdc023___RS_Erly.B 7389.JPG,Tomato_Early_blight,6,train
D:\Plant-Disease-Detection\PlantVillage\Tomato_Early_blight\535c3c4f-c082-4dd7-a98b-2e16cb377d89___RS_Erly.B 7770.JPG,Tomato_Early_blight,6,train
D:\Plant-Disease-Detection\PlantVillage\Tomato_Early_blight\5390d8c0-5781-47cf-8d0a-482e000a01f3___RS_Erly.B 7400.JPG,Tomato_Early_blight,6,validation
D:\Plant-Disease-Detection\PlantVillage\Tomato_Early_blight\546af1f7-3d4f-4024-88b1-f981fea7f2dd___RS_Erly.B 9455.JPG,Tomato_Early_blight,6,train
D:\Plant-Disease-Detection\PlantVillage\Tomato_Early_blight\553d53a5-19f3-433e-9805-d3bf5a3804b1___RS_Erly.B 7580.JPG,Tomato_Early_blight,6,train
D:\Plant-Disease-Detection\PlantVillage\Tomato_Early_blight\5592a349-b19a-4fe8-a131-a89bbae8b655___RS_Erly.B 7474.JPG,Tomato_Early_blight,6,train
D:\Plant-Disease-Detection\PlantVillage\Tomato_Early_blight\5595a78c-8a56-4ee2-b085-a96c6fb67846___RS_Erly.B 7716.JPG,Tomato_Early_blight,6,train
D:\Plant-Disease-Detection\PlantVillage\Tomato_Early_blight\573fc55b-8a73-48ba-b916-5d7f397977e4___RS_Erly.B 8384.JPG,Tomato_Early_blight,6,train
D:\Plant-Disease-Detection\PlantVillage\Tomato_Early_blight\a1d275d1-5405-4829-9328-4225ffe69506___RS_Erly.B 7515.JPG,Tomato_Early_blight,6,train
D:\Plant-Disease-Detection\PlantVillage\Tomato_Early_blight\a1e875bd-5c06-4031-b0c0-9413d754df0e___RS_Erly.B 8221.JPG,Tomato_Early_blight,6,validation
D:\Plant-Disease-Detection\PlantVillage\Tomato_Early_blight\a2b13360-65ce-4302-8bec-50bdc1b9789d___RS_Erly.B 9446.JPG,Tomato_Early_blight,6,validation
D:\Plant-Disease-Detection\PlantVillage\Tomato_Early_blight\a2da7455-c116-4d02-b506-89183f817d78___RS_Erly.B 9371.JPG,Tomato_Early_blight,6,test
D:\Plant-Disease-Detection\PlantVillage\Tomato_Early_blight\a2ec9710-99ea-4dc5-a88c-69974e0557dc___RS_Erly.B 9412.JPG,Tomato_Early_blight,6,train
D:\Plant-Disease-Detection\PlantVillage\Tomato_Early_blight\a3af61fe-3cde-4083-963f-909bfced23db___RS_Erly.B 7590.JPG,Tomato_Early_blight,6,train
D:\Plant-Disease-Detection\PlantVillage\Tomato_Early_blight\a3d07302-420d-4b4e-94f2-6694ef9d2088___RS_Erly.B 7652.JPG,Tomato_Early_blight,6,train
D:\Plant-Disease-Detection\PlantVillage\Tomato_Early_blight\a4bf3663-8d32-49e7-8394-cd0d29531704___RS_Erly.B 9465.JPG,Tomato_Early_blight,6,validation
D:\Plant-Disease-Detection\PlantVillage\Tomato_Early_blight\a5b33d5a-99bc-43b9-b408-aaf9535189e0___RS_Erly.B 8372.JPG,Tomato_Early_blight,6,train
D:\Plant-Disease-Detection\PlantVillage\Tomato_Early_blight\a5c26ace-e91d-4afc-a958-eee6bbe7aed2___RS_Erly.B 6361.JPG,Tomato_Early_blight,6,train
D:\Plant-Disease-Detection\PlantVillage\Tomato_Early_blight\a6abb0cb-af59-4136-a928-f08d5313ae36___RS_Erly.B 7561.JPG,Tomato_Early_blight,6,validation
D:\Plant-Disease-Detection\PlantVillage\Tomato_Early_blight\a6d7438a-35f6-40fb-ab5c-a46cdfef7e83___RS_Erly.B 9594.JPG,Tomato_Early_blight,6,train
D:\Plant-Disease-Detection\PlantVillage\Tomato_Early_blight\b3129245-a3b0-4451-a213-b15fe08734b7___RS_Erly.B 9423.JPG,Tomato_Early_blight,6,train
D:\Plant-Disease-Detection\PlantVillage\Tomato_Early_blight\b6611980-ad87-4121-a6d0-b648b946b432___RS_Erly.B 8426.JPG,Tomato_Early_blight,6,train
D:\Plant-Disease-Detection\PlantVillage\Tomato_Early_blight\ba19f779-d0cf-4bc7-88df-96e6080fdc96___RS_Erly.B 7599.JPG,Tomato_Early_blight,6,train
D:\Plant-Disease-Detection\PlantVillage\Tomato_Early_blight\ba75cd48-68cb-49cb-9d79-d03c1b007852___RS_Erly.B 7432.JPG,Tomato_Early_blight,6,train
D:\Plant-Disease-Detection\PlantVillage\Tomato_Early_blight\ba789eab-7c04-4012-b8fa-98106b20b50c___RS_Erly.B 7771.JPG,Tomato_Early_blight,6,train
D:\Plant-Disease-Detection\PlantVillage\Tomato_Early_blight\bab7dc71-f5d2-4b07-a582-11a13f785b3d___RS_Erly.B 7764.JPG,Tomato_Early_blight,6,test
D:\Plant-Disease-Detection\PlantVillage\Tomato_Early_blight\bac5677d-59b4-4183-839f-24860287ed6a___RS_Erly.B 9503.JPG,Tomato_Early_blight,6,train
D:\Plant-Disease-Detection\PlantVillage\Tomato_Early_blight\bac9d43f-fc43-4b89-bc2a-b8ba4a040059___RS_Erly.B 7724.JPG,Tomato_Early_blight,6,test
D:\Plant-Disease-Detection\PlantVillage\Tomato_Early_blight\bad3a868-aed5-408f-b0a8-f018994ce28b___RS_Erly.B 7789.JPG,Tomato_Early_blight,6,train
D:\Plant-Disease-Detection\PlantVillage\Tomato_Early_blight\baea464c-e54b-4e22-8bbc-8047d19ed0cf___RS_Erly.B 8323.JPG,Tomato_Early_blight,6,train
D:\Plant-Disease-Detection\PlantVillage\Tomato_Early_blight\bb12ec71-c438-43f5-a077-e5924af2409e___RS_Erly.B 8402.JPG,Tomato_Early_blight,6,test
D:\Plant-Disease-Detection\PlantVillage\Tomato_Early_blight\bb2586ff-9676-4100-89f7-200d9ce5ecd6___RS_Erly.B 9386.JPG,Tomato_Early_blight,6,test
D:\Plant-Disease-Detection\PlantVillage\Tomato_Early_blight\bb843f3f-a4cd-4a42-94ff-152199d78895___RS_Erly.B 7381.JPG,Tomato_Early_blight,6,validation
D:\Plant-Disease-Detection\PlantVillage\Tomato_Early_blight\bbaa5bf2-ded0-422a-babb-350da80266a9___RS_Erly.B 7575.JPG,Tomato_Early_blight,6,test
D:\Plant-Disease-Detection\PlantVillage\Tomato_Early_blight\bbb5a1cf-9b5f-4e2f-9e3d-e04a241c2806___RS_Erly.B 8283.JPG,Tomato_Early_blight,6,train
D:\Plant-Disease-Detection\PlantVillage\Tomato_Early_blight\bbcccb3c-bcf2-4dc9-b2e2-6aecd86f52d5___RS_Erly.B 8370.JPG,Tomato_Early_blight,6,train
D:\Plant-Disease-Detection\PlantVillage\Tomato_Early_blight\bbd73cdc-a2e5-4740-9a66-7e59d0416f25___RS_Erly.B 7502.JPG,Tomato_Early_blight,6,train
D:\Plant-Disease-Detection\PlantVillage\Tomato_Early_blight\bc351ae2-a270-4e17-aff9-b1f559f665f3___RS_Erly.B 7634.JPG,Tomato_Early_blight,6,validation
D:\Plant-Disease-Detection\PlantVillage\Tomato_Early_blight\bc894aa4-76ca-427e-a964-e86236fc0217___RS_Erly.B 7526.JPG,Tomato_Early_blight,6,train
D:\Plant-Disease-Detection\PlantVillage\Tomato_Early_blight\bcae6e76-f374-446e-b5c3-a7d18f1444f6___RS_Erly.B 7643.JPG,Tomato_Early_blight,6,train
D:\Plant-Disease-Detection\PlantVillage\Tomato_Early_blight\bd0f06fb-1f9a-4de8-8c96-926d312cea27___RS_Erly.B 7603.JPG,Tomato_Early_blight,6,validation
D:\Plant-Disease-Detection\PlantVillage\Tomato_Early_blight\bde8917a-9b0c-4a7b-8ff1-26f31609d6d7___RS_Erly.B 7750.JPG,Tomato_Early_blight,6,train
D:\Plant-Disease-Detection\PlantVillage\Tomato_Early_blight\bdf7f885-1619-4b3f-bba8-e97896af0de5___RS_Erly.B 7819.JPG,Tomato_Early_blight,6,validation
D:\Plant-Disease-Detection\PlantVillage\Tomato_Early_blight\be03b7aa-4c59-4ea9-b3cc-33a93a34b402___RS_Erly.B 7742.JPG,Tomato_Early_blight,6,train
D:\Plant-Disease-Detection\PlantVillage\Tomato_Early_blight\be847eed-94b5-4f0e-9b34-68cc842565a2___RS_Erly.B 7831.JPG,Tomato_Early_blight,6,train
D:\Plant-Disease-Detection\PlantVillage\Tomato_Early_blight\bec8a4aa-dd9c-44db-815a-c760d49a8868___RS_Erly.B 7680.JPG,Tomato_Early_blight,6,train
D:\Plant-Disease-Detection\PlantVillage\Tomato_Early_blight\beeaf08d-f961-4bd9-8612-a162500a83f6___RS_Erly.B 9407.JPG,Tomato_Early_blight,6,validation
D:\Plant-Disease-Detection\PlantVillage\Tomato_Early_blight\bef16984-17c5-4796-9496-85808dfa3a56___RS_Erly.B 9405.JPG,Tomato_Early_blight,6,train
D:\Plant-Disease-Detection\PlantVillage\Tomato_Early_blight\bfbf7eb4-8a12-4595-96f7-dcec497d3917___RS_Erly.B 7682.JPG,Tomato_Early_blight,6,train
D:\Plant-Disease-Detection\PlantVillage\Tomato_Early_blight\c03bec63-8b1d-42ef-90d5-5dff0c2455ea___RS_Erly.B 9555.JPG,Tomato_Early_blight,6,train
D:\Plant-Disease-Detection\PlantVillage\Tomato_Early_blight\c084fdcc-8347-4e73-be57-e66840ffba28___RS_Erly.B 7787.JPG,Tomato_Early_blight,6,train
D:\Plant-Disease-Detection\PlantVillage\Tomato_Early_blight\c0caae76-1327-4d16-95dd-138603f7573b___RS_Erly.B 8362.JPG,Tomato_Early_blight,6,train
D:\Plant-Disease-Detection\PlantVillage\Tomato_Early_blight\c10623b4-33fe-458c-9d8e-d9a74fb74a6a___RS_Erly.B 7450.JPG,Tomato_Early_blight,6,train
D:\Plant-Disease-Detection\PlantVillage\Tomato_Early_blight\c1291fe6-06c2-477e-b30f-dca9a9a80079___RS_Erly.B 8371.JPG,Tomato_Early_blight,6,train
D:\Plant-Disease-Detection\PlantVillage\Tomato_Early_blight\c163bdbd-0c60-44da-be29-a1d0cad71b72___RS_Erly.B 8343.JPG,Tomato_Early_blight,6,train
D:\Plant-Disease-Detection\PlantVillage\Tomato_Early_blight\c21e480d-8263-4b9c-b429-4beceb2cb7d0___RS_Erly.B 8292.JPG,Tomato_Early_blight,6,train
D:\Plant-Disease-Detection\PlantVillage\Tomato_Early_blight\c2369b01-d04f-443c-b6ab-9e62e1480420___RS_Erly.B 8397.JPG,Tomato_Early_blight,6,train
D:\Plant-Disease-Detection\PlantVillage\Tomato_Early_blight\c27f6ed4-7ae2-4187-8e96-edafd886f123___RS_Erly.B 7618.JPG,Tomato_Early_blight,6,train
D:\Plant-Disease-Detection\PlantVillage\Tomato_Early_blight\c29f66a1-5df9-4bd7-a6cd-89a0d4a4cba5___RS_Erly.B 9608.JPG,Tomato_Early_blight,6,validation
D:\Plant-Disease-Detection\PlantVillage\Tomato_Early_blight\c2a64948-bda7-4a89-aec6-be714ba7cf99___RS_Erly.B 8330.JPG,Tomato_Early_blight,6,train
D:\Plant-Disease-Detection\PlantVillage\Tomato_Early_blight\c35fc6de-4796-4f7a-a350-7bff160cbbd5___RS_Erly.B 7740.JPG,Tomato_Early_blight,6,validation
D:\Plant-Disease-Detection\PlantVillage\Tomato_Early_blight\c3e85d27-e5e0-4897-a039-22640e696184___RS_Erly.B 9459.JPG,Tomato_Early_blight,6,train
D:\Plant-Disease-Detection\PlantVillage\Tomato_Early_blight\c410d512-4708-49dd-ba8f-efce2796a3f5___RS_Erly.B 7602.JPG,Tomato_Early_blight,6,train
D:\Plant-Disease-Detection\PlantVillage\Tomato_Early_blight\c43cc003-56f4-4d9d-b224-6948f499cf95___RS_Erly.B 7675.JPG,Tomato_Early_blight,6,train
D:\Plant-Disease-Detection\PlantVillage\Tomato_Early_blight\c581e384-d3bd-4a55-a03a-761ebe1e4895___RS_Erly.B 7567.JPG,Tomato_Early_blight,6,train
D:\Plant-Disease-Detection\PlantVillage\Tomato_Early_blight\c5ab9d87-f1bf-4fce-8133-c80ac2d52dd5___RS_Erly.B 7849.JPG,Tomato_Early_blight,6,train
D:\Plant-Disease-Detection\PlantVillage\Tomato_Early_blight\c5b268b2-80e3-45b2-8ba8-2412df3d6444___RS_Erly.B 7364.JPG,Tomato_Early_blight,6,test
D:\Plant-Disease-Detection\PlantVillage\Tomato_Early_blight\c63ff9c7-0422-4a71-8727-7c2581fdee6e___RS_Erly.B 9406.JPG,Tomato_Early_blight,6,train
D:\Plant-Disease-Detection\PlantVillage\Tomato_Early_blight\c66ca8bd-a004-4efb-a66c-3be5168aaaca___RS_Erly.B 7826.JPG,Tomato_Early_blight,6,train
D:\Plant-Disease-Detection\PlantVillage\Tomato_Early_blight\c684414e-2c2b-4d12-bca0-2a5fb271e1da___RS_Erly.B 8425.JPG,Tomato_Early_blight,6,train
D:\Plant-Disease-Detection\PlantVillage\Tomato_Early_blight\c684e255-de5d-4905-b934-962180be33cb___RS_Erly.B 7353.JPG,Tomato_Early_blight,6,validation
D:\Plant-Disease-Detection\PlantVillage\Tomato_Early_blight\c6e96373-484c-45da-b043-0a294a59ad2c___RS_Erly.B 7401.JPG,Tomato_Early_blight,6,train
D:\Plant-Disease-Detection\PlantVillage\Tomato_Early_blight\c7005da5-2322-44e9-aceb-c6abe348f98c___RS_Erly.B 6490.JPG,Tomato_Early_blight,6,test
D:\Plant-Disease-Detection\PlantVillage\Tomato_Early_blight\c73fd35a-bc55-46c3-baf3-a943a6e396c5___RS_Erly.B 9563.JPG,Tomato_Early_blight,6,train
D:\Plant-Disease-Detection\PlantVillage\Tomato_Early_blight\c78483c5-424f-4a5f-aab3-5b909b62a7e6___RS_Erly.B 7541.JPG,Tomato_Early_blight,6,train
D:\Plant-Disease-Detection\PlantVillage\Tomato_Early_blight\c78c9d19-e83d-4c3b-a690-e6e3b95c979d___RS_Erly.B 9569.JPG,Tomato_Early_blight,6,train
D:\Plant-Disease-Detection\PlantVillage\Tomato_Early_blight\c793a3d2-1f1d-486c-9140-87d2354c4874___RS_Erly.B 7545.JPG,Tomato_Early_blight,6,train
D:\Plant-Disease-Detection\PlantVillage\Tomato_Early_blight\c83d0821-505b-4270-acd7-1a5c79f671b4___RS_Erly.B 7629.JPG,Tomato_Early_blight,6,validation
D:\Plant-Disease-Detection\PlantVillage\Tomato_Early_blight\c8412a1c-4e61-4a35-9538-c3d3a7c46cbe___RS_Erly.B 7383.JPG,Tomato_Early_blight,6,test
D:\Plant-Disease-Detection\PlantVillage\Tomato_Early_blight\c87a666a-07bb-44cc-952a-33d69f075e14___RS_Erly.B 7631.JPG,Tomato_Early_blight,6,train
D:\Plant-Disease-Detection\PlantVillage\Tomato_Early_blight\c882c715-ae30-410e-9585-bd7061cf44a4___RS_Erly.B 7734.JPG,Tomato_Early_blight,6,train
D:\Plant-Disease-Detection\PlantVillage\Tomato_Early_blight\c8dd6713-727e-4811-b951-e70e44d0c483___RS_Erly.B 7817.JPG,Tomato_Early_blight,6,validation
D:\Plant-Disease-Detection\PlantVillage\Tomato_Early_blight\c98f4286-f846-4c26-b74f-9859de9699e6___RS_Erly.B 9607.JPG,Tomato_Early_blight,6,train
D:\Plant-Disease-Detection\PlantVillage\Tomato_Early_blight\c9fa82b3-776c-4a44-8309-a6faf88898e3___RS_Erly.B 7498.JPG,Tomato_Early_blight,6,test
D:\Plant-Disease-Detection\PlantVillage\Tomato_Early_blight\c9ff37ca-a310-49ad-8978-0913b3c55f58___RS_Erly.B 7714.JPG,Tomato_Early_blight,6,train
D:\Plant-Disease-Detection\PlantVillage\Tomato_Early_blight\ca408b6b-bc8b-45a0-a04e-f0341169524c___RS_Erly.B 7640.JPG,Tomato_Early_blight,6,train
D:\Plant-Disease-Detection\PlantVillage\Tomato_Early_blight\ca7035fa-f55d-49c7-9d89-3d513c8e35b1___RS_Erly.B 7556.JPG,Tomato_Early_blight,6,train
D:\Plant-Disease-Detection\PlantVillage\Tomato_Early_blight\ca7d6cd9-e24e-43af-82c2-742a922ce421___RS_Erly.B 9488.JPG,Tomato_Early_blight,6,train
D:\Plant-Disease-Detection\PlantVillage\Tomato_Early_blight\cab96269-77a2-47cd-bfdf-02ad2535293d___RS_Erly.B 8439.JPG,Tomato_Early_blight,6,test
D:\Plant-Disease-Detection\PlantVillage\Tomato_Early_blight\cacbfac0-f563-452c-b506-1ce7bd06d680___RS_Erly.B 9379.JPG,Tomato_Early_blight,6,train
D:\Plant-Disease-Detection\PlantVillage\Tomato_Early_blight\caf4e799-6574-4eb6-81df-edd5d256fd45___RS_Erly.B 7536.JPG,Tomato_Early_blight,6,validation
D:\Plant-Disease-Detection\PlantVillage\Tomato_Early_blight\cb0e04ea-9d44-4c3f-b528-d7aa32aa0b85___RS_Erly.B 7850.JPG,Tomato_Early_blight,6,train
D:\Plant-Disease-Detection\PlantVillage\Tomato_Early_blight\cbbd6255-f338-45b2-816d-47903ab67be7___RS_Erly.B 7537.JPG,Tomato_Early_blight,6,train
D:\Plant-Disease-Detection\PlantVillage\Tomato_Early_blight\cbff5638-51d0-4eae-90a2-9ce6e00acf9b___RS_Erly.B 9456.JPG,Tomato_Early_blight,6,test
D:\Plant-Disease-Detection\PlantVillage\Tomato_Early_blight\cc60f915-6dc1-42f2-8e12-aedaef4bc70c___RS_Erly.B 6468.JPG,Tomato_Early_blight,6,train
D:\Plant-Disease-Detection\PlantVillage\Tomato_Early_blight\cc822ace-0411-4ff9-b040-3670031c6467___RS_Erly.B 7553.JPG,Tomato_Early_blight,6,train
D:\Plant-Disease-Detection\PlantVillage\Tomato_Early_blight\ccd788af-4fd4-46a5-96af-c6ad44314d45___RS_Erly.B 8436.JPG,Tomato_Early_blight,6,train
D:\Plant-Disease-Detection\PlantVillage\Tomato_Early_blight\cd2d8a7b-2389-4a2c-8647-b986092fa506___RS_Erly.B 8377.JPG,Tomato_Early_blight,6,train
D:\Plant-Disease-Detection\PlantVillage\Tomato_Early_blight\cd76ee4d-d516-4189-b40b-12959dc02f91___RS_Erly.B 7798.JPG,Tomato_Early_blight,6,train
D:\Plant-Disease-Detection\PlantVillage\Tomato_Early_blight\cdb26b0e-04b6-4ccf-855c-d85a106c1f95___RS_Erly.B 8387.JPG,Tomato_Early_blight,6,test
D:\Plant-Disease-Detection\PlantVillage\Tomato_Early_blight\cef9fa90-aca2-4354-b79e-2486409ac685___RS_Erly.B 7563.JPG,Tomato_Early_blight,6,test
D:\Plant-Disease-Detection\PlantVillage\Tomato_Early_blight\cf2919ca-2b62-4f23-8a55-5dfa953db83c___RS_Erly.B 7352.JPG,Tomato_Early_blight,6,validation
D:\Plant-Disease-Detection\PlantVillage\Tomato_Early_blight\cf3cffb2-f822-402d-90b9-d1df870c13f3___RS_Erly.B 7741.JPG,Tomato_Early_blight,6,train
D:\Plant-Disease-Detection\PlantVillage\Tomato_Early_blight\cf7acf3d-e079-4587-b3e8-bafe507c40d5___RS_Erly.B 8246.JPG,Tomato_Early_blight,6,train
D:\Plant-Disease-Detection\PlantVillage\Tomato_Early_blight\cf8c6e28-201c-4c8e-994f-8dcf98362e64___RS_Erly.B 7651.JPG,Tomato_Early_blight,6,train
D:\Plant-Disease-Detection\PlantVillage\Tomato_Early_blight\cfe67544-6d8c-48e5-af01-51732c571cb5___RS_Erly.B 8291.JPG,Tomato_Early_blight,6,test
D:\Plant-Disease-Detection\PlantVillage\Tomato_Early_blight\d032b2d0-3c5b-4f1d-9532-4fd09cbd5482___RS_Erly.B 7689.JPG,Tomato_Early_blight,6,train
D:\Plant-Disease-Detection\PlantVillage\Tomato_Early_blight\d099777c-8b33-4924-af9e-d3dd96c2de37___RS_Erly.B 7790.JPG,Tomato_Early_blight,6,train
D:\Plant-Disease-Detection\PlantVillage\Tomato_Early_blight\d0b75b16-bdf9-4e9d-bac9-47bf98c6258a___RS_Erly.B 6416.JPG,Tomato_Early_blight,6,train
D:\Plant-Disease-Detection\PlantVillage\Tomato_Early_blight\d0efac0c-12e0-4481-bf88-a99d9407b31b___RS_Erly.B 6466.JPG,Tomato_Early_blight,6,train
D:\Plant-Disease-Detection\PlantVillage\Tomato_Early_blight\d1668361-aac6-41e3-b729-c5e5092326c1___RS_Erly.B 7562.JPG,Tomato_Early_blight,6,train
D:\Plant-Disease-Detection\PlantVillage\Tomato_Early_blight\d204ed67-ae0c-40fa-84a4-0e7ef9bca62d___RS_Erly.B 8432.JPG,Tomato_Early_blight,6,train
D:\Plant-Disease-Detection\PlantVillage\Tomato_Early_blight\d344e6d5-259e-4f1c-a72e-919ae9e13005___RS_Erly.B 6482.JPG,Tomato_Early_blight,6,test
D:\Plant-Disease-Detection\PlantVillage\Tomato_Early_blight\d354267e-4855-4197-a18a-668d706db705___RS_Erly.B 7405.JPG,Tomato_Early_blight,6,train
D:\Plant-Disease-Detection\PlantVillage\Tomato_Early_blight\d368153c-6779-4a7e-a82d-9ae10dd36bb2___RS_Erly.B 7678.JPG,Tomato_Early_blight,6,train
D:\Plant-Disease-Detection\PlantVillage\Tomato_Early_blight\d3b3f060-60d3-4b72-8797-8406fcf2815f___RS_Erly.B 7607.JPG,Tomato_Early_blight,6,train
D:\Plant-Disease-Detection\PlantVillage\Tomato_Early_blight\d3ebceea-8021-4168-85a4-27ef48cdaacb___RS_Erly.B 7857.JPG,Tomato_Early_blight,6,validation
D:\Plant-Disease-Detection\PlantVillage\Tomato_Early_blight\d3fd3d9c-60ba-432c-a4a7-049f014ecace___RS_Erly.B 7696.JPG,Tomato_Early_blight,6,validation
D:\Plant-Disease-Detection\PlantVillage\Tomato_Early_blight\d418610e-e676-4722-b84a-6de973499fa9___RS_Erly.B 9425.JPG,Tomato_Early_blight,6,train
D:\Plant-Disease-Detection\PlantVillage\Tomato_Early_blight\d41e78aa-0020-457b-a17d-736d426adad5___RS_Erly.B 7755.JPG,Tomato_Early_blight,6,train
D:\Plant-Disease-Detection\PlantVillage\Tomato_Early_blight\d44e75f7-59ac-4296-ac62-893125ddf04e___RS_Erly.B 7856.JPG,Tomato_Early_blight,6,train
D:\Plant-Disease-Detection\PlantVillage\Tomato_Early_blight\d452210c-ee07-4a6e-a0e0-15676dafacb1___RS_Erly.B 7419.JPG,Tomato_Early_blight,6,train
D:\Plant-Disease-Detection\PlantVillage\Tomato_Early_blight\d4971b21-317f-4fbd-95a8-ac21d69d7461___RS_Erly.B 6429.JPG,Tomato_Early_blight,6,train
D:\Plant-Disease-Detection\PlantVillage\Tomato_Early_blight\d4a47a64-0c10-4a43-8712-4eee11c8cf1b___RS_Erly.B 9524.JPG,Tomato_Early_blight,6,train
D:\Plant-Disease-Detection\PlantVillage\Tomato_Early_blight\d4d20c99-4cf3-4ecc-95ae-a964560cfeed___RS_Erly.B 9604.JPG,Tomato_Early_blight,6,train
D:\Plant-Disease-Detection\PlantVillage\Tomato_Early_blight\d4e4bce8-d7ca-492b-8dda-69f3e95f4e5a___RS_Erly.B 6418.JPG,Tomato_Early_blight,6,train
D:\Plant-Disease-Detection\PlantVillage\Tomato_Early_blight\d4f5f0b5-3706-437f-826c-6328d479cba6___RS_Erly.B 9516.JPG,Tomato_Early_blight,6,train
D:\Plant-Disease-Detection\PlantVillage\Tomato_Early_blight\d529889a-662a-4321-9bd8-888244d50af8___RS_Erly.B 8381.JPG,Tomato_Early_blight,6,validation
D:\Plant-Disease-Detection\PlantVillage\Tomato_Early_blight\d53bdcff-1ea7-46c7-9d46-701d104bf130___RS_Erly.B 8353.JPG,Tomato_Early_blight,6,test
D:\Plant-Disease-Detection\PlantVillage\Tomato_Early_blight\d5690b72-b319-457e-a837-0e38915aab55___RS_Erly.B 7347.JPG,Tomato_Early_blight,6,test
D:\Plant-Disease-Detection\PlantVillage\Tomato_Early_blight\d59a0542-4c2a-441b-8566-e1f741e917d4___RS_Erly.B 6437.JPG,Tomato_Early_blight,6,test
D:\Plant-Disease-Detection\PlantVillage\Tomato_Early_blight\d5bddab9-06bd-488f-a844-97bd75c6b061___RS_Erly.B 6662.JPG,Tomato_Early_blight,6,train
D:\Plant-Disease-Detection\PlantVillage\Tomato_Early_blight\d60c253c-b97e-4076-8eac-bae34e1bbdc9___RS_Erly.B 7749.JPG,Tomato_Early_blight,6,train
D:\Plant-Disease-Detection\PlantVillage\Tomato_Early_blight\d6ac1972-b67c-422e-b81d-11f2f1d9ec5f___RS_Erly.B 9435.JPG,Tomato_Early_blight,6,train
D:\Plant-Disease-Detection\PlantVillage\Tomato_Early_blight\d71f9e9f-e7e3-44e3-8376-0820971fe2c1___RS_Erly.B 9384.JPG,Tomato_Early_blight,6,train
D:\Plant-Disease-Detection\PlantVillage\Tomato_Early_blight\d7dd7c0b-8c0f-46e7-88df-18e6f4e01e0b___RS_Erly.B 7687.JPG,Tomato_Early_blight,6,train
D:\Plant-Disease-Detection\PlantVillage\Tomato_Early_blight\d7e11d88-60e8-41d3-a840-2ad9bab04fe2___RS_Erly.B 6355.JPG,Tomato_Early_blight,6,train
D:\Plant-Disease-Detection\PlantVillage\Tomato_Early_blight\d7f1e802-0b8e-4cba-88b4-e61328322cac___RS_Erly.B 8222.JPG,Tomato_Early_blight,6,train
D:\Plant-Disease-Detection\PlantVillage\Tomato_Early_blight\d8754b7f-53a4-4e69-8f54-1ec9f7581799___RS_Erly.B 6436.JPG,Tomato_Early_blight,6,train
D:\Plant-Disease-Detection\PlantVillage\Tomato_Early_blight\d8bfc53d-7b22-48a7-a884-c808927dc149___RS_Erly.B 6349.JPG,Tomato_Early_blight,6,validation
D:\Plant-Disease-Detection\PlantVillage\Tomato_Early_blight\d934ba74-0149-457f-b5e7-c11d595f285e___RS_Erly.B 7365.JPG,Tomato_Early_blight,6,train
D:\Plant-Disease-Detection\PlantVillage\Tomato_Early_blight\d94db5d9-2492-4680-bd2d-8ad66287243d___RS_Erly.B 7612.JPG,Tomato_Early_blight,6,train
D:\Plant-Disease-Detection\PlantVillage\Tomato_Early_blight\d96c3244-39ec-4188-9870-a6e32aad81d6___RS_Erly.B 7540.JPG,Tomato_Early_blight,6,train
D:\Plant-Disease-Detection\PlantVillage\Tomato_Early_blight\d98cdabc-9183-4829-aa46-d40538d25462___RS_Erly.B 7554.JPG,Tomato_Early_blight,6,train
D:\Plant-Disease-Detection\PlantVillage\Tomato_Early_blight\da3ad71b-85ba-4e94-bd12-8eff52776138___RS_Erly.B 9469.JPG,Tomato_Early_blight,6,validation
D:\Plant-Disease-Detection\PlantVillage\Tomato_Early_blight\da84925b-554a-465d-bdb2-91851f77d5ce___RS_Erly.B 9420.JPG,Tomato_Early_blight,6,validation
D:\Plant-Disease-Detection\PlantVillage\Tomato_Early_blight\db228bdf-309f-4dd5-a3c7-d77af0acadb8___RS_Erly.B 7584.JPG,Tomato_Early_blight,6,test
D:\Plant-Disease-Detection\PlantVillage\Tomato_Early_blight\db4241a0-d3ee-44c8-aebb-ba1783e47609___RS_Erly.B 7547.JPG,Tomato_Early_blight,6,train
D:\Plant-Disease-Detection\PlantVillage\Tomato_Early_blight\dbbc206a-90ab-4b29-abe0-5613028278be___RS_Erly.B 8409.JPG,Tomato_Early_blight,6,train
D:\Plant-Disease-Detection\PlantVillage\Tomato_Early_blight\dc29e8de-633c-472e-8e12-c1a032437d1e___RS_Erly.B 8447.JPG,Tomato_Early_blight,6,train
D:\Plant-Disease-Detection\PlantVillage\Tomato_Early_blight\dc474f67-5e4c-4c60-b1fd-aaafea2bc34c___RS_Erly.B 9519.JPG,Tomato_Early_blight,6,train
D:\Plant-Disease-Detection\PlantVillage\Tomato_Early_blight\dc4cc3e3-0181-48e9-93a2-7c019df0e04b___RS_Erly.B 9513.JPG,Tomato_Early_blight,6,train
D:\Plant-Disease-Detection\PlantVillage\Tomato_Early_blight\dc4e5770-ed70-4ff3-b61d-a6296faae7e1___RS_Erly.B 7568.JPG,Tomato_Early_blight,6,test
D:\Plant-Disease-Detection\PlantVillage\Tomato_Early_blight\dc5fc62b-20c7-441b-bd70-aa24790302eb___RS_Erly.B 9510.JPG,Tomato_Early_blight,6,train
D:\Plant-Disease-Detection\PlantVillage\Tomato_Early_blight\dc64e0f0-9f55-4341-b256-649bebd6ca75___RS_Erly.B 7785.JPG,Tomato_Early_blight,6,train
D:\Plant-Disease-Detection\PlantVillage\Tomato_Early_blight\dc6eeebe-ebc4-406c-b5df-f4861f491db8___RS_Erly.B 9615.JPG,Tomato_Early_blight,6,train
D:\Plant-Disease-Detection\PlantVillage\Tomato_Early_blight\dda45973-b7a1-4080-93a2-bd7cd3e3026f___RS_Erly.B 8407.JPG,Tomato_Early_blight,6,test
D:\Plant-Disease-Detection\PlantVillage\Tomato_Early_blight\de57a88b-7170-4eca-93f6-330df50fa8b5___RS_Erly.B 9541.JPG,Tomato_Early_blight,6,train
D:\Plant-Disease-Detection\PlantVillage\Tomato_Early_blight\de8d6c32-2b7c-4c2c-a974-9c1c9c30486e___RS_Erly.B 9560.JPG,Tomato_Early_blight,6,validation
D:\Plant-Disease-Detection\PlantVillage\Tomato_Early_blight\de96e7a2-6de3-4699-9680-9eb4d4e215c8___RS_Erly.B 9445.JPG,Tomato_Early_blight,6,train
D:\Plant-Disease-Detection\PlantVillage\Tomato_Early_blight\deed458f-ec5b-46c7-9658-c005cf90fc11___RS_Erly.B 7480.JPG,Tomato_Early_blight,6,train
D:\Plant-Disease-Detection\PlantVillage\Tomato_Early_blight\df721edd-686e-4bb8-a05b-e8c67743c8ca___RS_Erly.B 8265.JPG,Tomato_Early_blight,6,validation
D:\Plant-Disease-Detection\PlantVillage\Tomato_Early_blight\df86b9f1-3871-4139-be7d-928bd3e6d642___RS_Erly.B 7497.JPG,Tomato_Early_blight,6,train
D:\Plant-Disease-Detection\PlantVillage\Tomato_Early_blight\df9e0c7e-59cb-4a87-abbd-66f0f78e5130___RS_Erly.B 8275.JPG,Tomato_Early_blight,6,train
D:\Plant-Disease-Detection\PlantVillage\Tomato_Early_blight\dfa9f6bb-92ac-4b41-ac6c-fd2a7ddd093a___RS_Erly.B 8276.JPG,Tomato_Early_blight,6,train
D:\Plant-Disease-Detection\PlantVillage\Tomato_Early_blight\dfd261ab-30ad-456c-93b3-874a4ebaeaaf___RS_Erly.B 8451.JPG,Tomato_Early_blight,6,train
D:\Plant-Disease-Detection\PlantVillage\Tomato_Early_blight\e008f248-eaa3-4d65-a649-4ba7134f4c56___RS_Erly.B 9537.JPG,Tomato_Early_blight,6,train
D:\Plant-Disease-Detection\PlantVillage\Tomato_Early_blight\e084577f-bb13-4baf-8384-2b37eb430236___RS_Erly.B 7673.JPG,Tomato_Early_blight,6,train
D:\Plant-Disease-Detection\PlantVillage\Tomato_Early_blight\e0f7927f-2310-4db1-92cf-cb89a3e14678___RS_Erly.B 7848.JPG,Tomato_Early_blight,6,validation
D:\Plant-Disease-Detection\PlantVillage\Tomato_Early_blight\e11ee1f8-8de2-4d9c-a0c1-86bc42350fd9___RS_Erly.B 9472.JPG,Tomato_Early_blight,6,train
D:\Plant-Disease-Detection\PlantVillage\Tomato_Early_blight\e20f17f5-507c-45a8-8f6e-fcd76b29e564___RS_Erly.B 7694.JPG,Tomato_Early_blight,6,train
D:\Plant-Disease-Detection\PlantVillage\Tomato_Early_blight\e20fb98a-26f9-43a1-8d55-e1daa9b6a455___RS_Erly.B 7351.JPG,Tomato_Early_blight,6,train
D:\Plant-Disease-Detection\PlantVillage\Tomato_Early_blight\e219e45e-3a8e-46dc-9621-9914f42bf3af___RS_Erly.B 7838.JPG,Tomato_Early_blight,6,train
D:\Plant-Disease-Detection\PlantVillage\Tomato_Early_blight\e221d1fa-e003-44eb-a0b0-57e8fcd73fd3___RS_Erly.B 7571.JPG,Tomato_Early_blight,6,validation
D:\Plant-Disease-Detection\PlantVillage\Tomato_Early_blight\e229da8f-a130-49c3-8f78-485842c8a994___RS_Erly.B 7462.JPG,Tomato_Early_blight,6,train
D:\Plant-Disease-Detection\PlantVillage\Tomato_Early_blight\e29ee209-e895-434f-9078-db727c5a98dd___RS_Erly.B 9383.JPG,Tomato_Early_blight,6,test
D:\Plant-Disease-Detection\PlantVillage\Tomato_Early_blight\e2ce6add-93e2-4c1f-9ee3-2354d1542e8b___RS_Erly.B 7698.JPG,Tomato_Early_blight,6,test
D:\Plant-Disease-Detection\PlantVillage\Tomato_Early_blight\e2e0a1a0-4f52-4320-ac24-69fa7f0fd033___RS_Erly.B 9596.JPG,Tomato_Early_blight,6,train
D:\Plant-Disease-Detection\PlantVillage\Tomato_Early_blight\e2e1bccc-15ec-47f8-8ee7-d33be16fac07___RS_Erly.B 9523.JPG,Tomato_Early_blight,6,train
D:\Plant-Disease-Detection\PlantVillage\Tomato_Early_blight\e2edea17-f5cf-4496-8cce-7e421375c452___RS_Erly.B 7666.JPG,Tomato_Early_blight,6,validation
D:\Plant-Disease-Detection\PlantVillage\Tomato_Early_blight\e31c2f10-8b8d-4aec-9bc7-764d2995ebec___RS_Erly.B 7398.JPG,Tomato_Early_blight,6,validation
D:\Plant-Disease-Detection\PlantVillage\Tomato_Early_blight\e330dc16-fdf9-4eee-8b09-88bfb5537180___RS_Erly.B 7601.JPG,Tomato_Early_blight,6,train
D:\Plant-Disease-Detection\PlantVillage\Tomato_Early_blight\e332b0b1-ed0c-49b0-aad2-da29a8636126___RS_Erly.B 9418.JPG,Tomato_Early_blight,6,train
D:\Plant-Disease-Detection\PlantVillage\Tomato_Early_blight\e3aef05b-9ed6-421c-a44d-82a996b3e3bb___RS_Erly.B 7803.JPG,Tomato_Early_blight,6,train
D:\Plant-Disease-Detection\PlantVillage\Tomato_Early_blight\e3b74c49-7e82-4094-8a02-5ae7644a1d00___RS_Erly.B 7393.JPG,Tomato_Early_blight,6,train
D:\Plant-Disease-Detection\PlantVillage\Tomato_Early_blight\e3e8305e-a7f1-4ac2-9ed0-7a09660b2fa3___RS_Erly.B 9447.JPG,Tomato_Early_blight,6,train
D:\Plant-Disease-Detection\PlantVillage\Tomato_Early_blight\e468b44a-912b-4e7f-9383-41050a5d421b___RS_Erly.B 8445.JPG,Tomato_Early_blight,6,train
D:\Plant-Disease-Detection\PlantVillage\Tomato_Early_blight\e4739018-9e7b-4251-917f-c8502e8b5e86___RS_Erly.B 9443.JPG,Tomato_Early_blight,6,train
D:\Plant-Disease-Detection\PlantVillage\Tomato_Early_blight\e5266d06-0ba7-49c6-9bc6-c8351b56fc88___RS_Erly.B 8294.JPG,Tomato_Early_blight,6,train
D:\Plant-Disease-Detection\PlantVillage\Tomato_Early_blight\e56354a5-5e3f-4ed6-bfe5-3c783a32dc98___RS_Erly.B 9413.JPG,Tomato_Early_blight,6,train
D:\Plant-Disease-Detection\PlantVillage\Tomato_Early_blight\e592659e-566b-454b-95ba-851f3a53197c___RS_Erly.B 7843.JPG,Tomato_Early_blight,6,train
D:\Plant-Disease-Detection\PlantVillage\Tomato_Early_blight\e5f8bd02-fa52-4ba0-9074-cb7618adacda___RS_Erly.B 9617.JPG,Tomato_Early_blight,6,train
D:\Plant-Disease-Detection\PlantVillage\Tomato_Early_blight\e626a672-48b8-490d-8314-a70ff37153f4___RS_Erly.B 7467.JPG,Tomato_Early_blight,6,train
D:\Plant-Disease-Detection\PlantVillage\Tomato_Early_blight\e63371a7-2fb1-4446-9fb2-6d679485d2b0___RS_Erly.B 8415.JPG,Tomato_Early_blight,6,validation
D:\Plant-Disease-Detection\PlantVillage\Tomato_Early_blight\e6645f63-afc8-416a-a4cb-0f5c719476ae___RS_Erly.B 6419.JPG,Tomato_Early_blight,6,validation
D:\Plant-Disease-Detection\PlantVillage\Tomato_Early_blight\e701c578-1fa3-4ed3-9874-5f90c6d2eb3c___RS_Erly.B 9583.JPG,Tomato_Early_blight,6,validation
D:\Plant-Disease-Detection\PlantVillage\Tomato_Early_blight\e7120235-6ae1-4642-8ec8-a16812aedce5___RS_Erly.B 9507.JPG,Tomato_Early_blight,6,train
D:\Plant-Disease-Detection\PlantVillage\Tomato_Early_blight\e7d248e4-a5e5-431f-9061-6383c14d8526___RS_Erly.B 7426.JPG,Tomato_Early_blight,6,test
D:\Plant-Disease-Detection\PlantVillage\Tomato_Early_blight\e803b217-d9a9-4b0d-9ea1-679145625159___RS_Erly.B 9571.JPG,Tomato_Early_blight,6,train
D:\Plant-Disease-Detection\PlantVillage\Tomato_Early_blight\e81dfd96-227c-41a7-8cf8-dbc14f2e4b33___RS_Erly.B 7407.JPG,Tomato_Early_blight,6,validation
D:\Plant-Disease-Detection\PlantVillage\Tomato_Early_blight\e87f8d6a-9728-4d12-b6b3-e07c77db939b___RS_Erly.B 9576.JPG,Tomato_Early_blight,6,train
D:\Plant-Disease-Detection\PlantVillage\Tomato_Early_blight\e94d68c8-f185-4b3d-9b44-ad12e3dc891d___RS_Erly.B 9598.JPG,Tomato_Early_blight,6,test
D:\Plant-Disease-Detection\PlantVillage\Tomato_Early_blight\e9adf635-754d-4bc3-af3d-4b3e1bd81812___RS_Erly.B 9438.JPG,Tomato_Early_blight,6,test
D:\Plant-Disease-Detection\PlantVillage\Tomato_Early_blight\e9e56650-8172-4a98-8100-72e79a3a5858___RS_Erly.B 7481.JPG,Tomato_Early_blight,6,train
D:\Plant-Disease-Detection\PlantVillage\Tomato_Early_blight\ea08bf85-06df-41d8-8b09-29feb53cdccf___RS_Erly.B 7486.JPG,Tomato_Early_blight,6,validation
D:\Plant-Disease-Detection\PlantVillage\Tomato_Early_blight\eaaea397-5e49-47e8-adad-f9a17e1cce65___RS_Erly.B 6487.JPG,Tomato_Early_blight,6,train
D:\Plant-Disease-Detection\PlantVillage\Tomato_Early_blight\eabc47ee-5023-476b-9992-53baa566d270___RS_Erly.B 7757.JPG,Tomato_Early_blight,6,train
D:\Plant-Disease-Detection\PlantVillage\Tomato_Early_blight\eaf0d111-089a-4808-a34c-dd40e3bb4db4___RS_Erly.B 8393.JPG,Tomato_Early_blight,6,validation
D:\Plant-Disease-Detection\PlantVillage\Tomato_Early_blight\eb2537b2-d6fa-4c70-b919-f90bbe2c65f2___RS_Erly.B 7605.JPG,Tomato_Early_blight,6,train
D:\Plant-Disease-Detection\PlantVillage\Tomato_Early_blight\eb807a4d-9d14-49a0-af1f-1e26b093edff___RS_Erly.B 7409.JPG,Tomato_Early_blight,6,train
D:\Plant-Disease-Detection\PlantVillage\Tomato_Early_blight\eb84cf99-aee8-4acc-8d3d-c5a24c672eb4___RS_Erly.B 7423.JPG,Tomato_Early_blight,6,train
D:\Plant-Disease-Detection\PlantVillage\Tomato_Early_blight\eb94014e-83b7-46a4-9b1a-7cae23876302___RS_Erly.B 7471.JPG,Tomato_Early_blight,6,validation
D:\Plant-Disease-Detection\PlantVillage\Tomato_Early_blight\ec5d1d0a-2909-4c2d-81d5-4bbed298167b___RS_Erly.B 6340.JPG,Tomato_Early_blight,6,train
D:\Plant-Disease-Detection\PlantVillage\Tomato_Early_blight\ecafc299-bc29-4b5a-9a9b-537362b81ed2___RS_Erly.B 7435.JPG,Tomato_Early_blight,6,train
D:\Plant-Disease-Detection\PlantVillage\Tomato_Early_blight\eccf8abf-a178-464f-ba55-1d203f5f8a47___RS_Erly.B 6395.JPG,Tomato_Early_blight,6,train
D:\Plant-Disease-Detection\PlantVillage\Tomato_Early_blight\ed68595a-4d05-413c-a173-fa32cc8aae38___RS_Erly.B 7635.JPG,Tomato_Early_blight,6,train
D:\Plant-Disease-Detection\PlantVillage\Tomato_Early_blight\ed8eb85d-c4fa-4403-8b97-148ec0ac0661___RS_Erly.B 7642.JPG,Tomato_Early_blight,6,train
D:\Plant-Disease-Detection\PlantVillage\Tomato_Early_blight\ee083b4e-3abc-4d9a-8395-de6c8ee27331___RS_Erly.B 9525.JPG,Tomato_Early_blight,6,validation
D:\Plant-Disease-Detection\PlantVillage\Tomato_Early_blight\ee18e688-a12c-45aa-bd18-74df670c71bb___RS_Erly.B 7776.JPG,Tomato_Early_blight,6,validation
D:\Plant-Disease-Detection\PlantVillage\Tomato_Early_blight\ee69b7e2-34d6-455f-97f6-6f5c06216131___RS_Erly.B 7478.JPG,Tomato_Early_blight,6,train
D:\Plant-Disease-Detection\PlantVillage\Tomato_Early_blight\ee7a6de8-1aca-4a55-8c12-69be6277c1c1___RS_Erly.B 9591.JPG,Tomato_Early_blight,6,validation
D:\Plant-Disease-Detection\PlantVillage\Tomato_Early_blight\eea79799-a869-4a1f-bfa2-5c85a27716ae___RS_Erly.B 8391.JPG,Tomato_Early_blight,6,train
D:\Plant-Disease-Detection\PlantVillage\Tomato_Early_blight\eefcdf5d-5207-47ca-916d-0479f010bae8___RS_Erly.B 9482.JPG,Tomato_Early_blight,6,train
D:\Plant-Disease-Detection\PlantVillage\Tomato_Early_blight\ef1bea6d-41dd-4f88-9a5e-854abf1a5101___RS_Erly.B 9539.JPG,Tomato_Early_blight,6,train
D:\Plant-Disease-Detection\PlantVillage\Tomato_Early_blight\ef68398c-ec92-4e44-961a-5ec1a29d3c28___RS_Erly.B 9620.JPG,Tomato_Early_blight,6,validation
D:\Plant-Disease-Detection\PlantVillage\Tomato_Early_blight\ef7a2893-ca76-4f77-beb4-5bfcc729e324___RS_Erly.B 7454.JPG,Tomato_Early_blight,6,test
D:\Plant-Disease-Detection\PlantVillage\Tomato_Early_blight\efb0d54f-53c7-4a6a-a194-2bd449799c8c___RS_Erly.B 7726.JPG,Tomato_Early_blight,6,train
D:\Plant-Disease-Detection\PlantVillage\Tomato_Early_blight\efd88799-7fbc-4638-b66b-4e49c7bf7b9f___RS_Erly.B 9390.JPG,Tomato_Early_blight,6,train
D:\Plant-Disease-Detection\PlantVillage\Tomato_Early_blight\efe14014-c5b8-433b-a469-e10ca8d7c551___RS_Erly.B 7499.JPG,Tomato_Early_blight,6,train
D:\Plant-Disease-Detection\PlantVillage\Tomato_Early_blight\f035e3c9-069a-4392-9f0c-80262511f616___RS_Erly.B 9373.JPG,Tomato_Early_blight,6,train
D:\Plant-Disease-Detection\PlantVillage\Tomato_Early_blight\f0763973-1898-4ae6-9350-c9b61976c600___RS_Erly.B 6456.JPG,Tomato_Early_blight,6,train
D:\Plant-Disease-Detection\PlantVillage\Tomato_Early_blight\f0dfdada-f425-46d7-8cf3-2957850b5a2e___RS_Erly.B 9466.JPG,Tomato_Early_blight,6,train
D:\Plant-Disease-Detection\PlantVillage\Tomato_Early_blight\f0eb00dc-22da-4c8b-b86d-72157ea9e71d___RS_Erly.B 9610.JPG,Tomato_Early_blight,6,test
D:\Plant-Disease-Detection\PlantVillage\Tomato_Early_blight\f188144b-d52c-40c5-a06f-07d5796f9ab0___RS_Erly.B 9553.JPG,Tomato_Early_blight,6,train
D:\Plant-Disease-Detection\PlantVillage\Tomato_Early_blight\f26a0950-0a68-4850-8945-a8aca58da4fa___RS_Erly.B 7505.JPG,Tomato_Early_blight,6,test
D:\Plant-Disease-Detection\PlantVillage\Tomato_Early_blight\f33995ae-6456-476c-b832-4ff4cbaf49f7___RS_Erly.B 7525.JPG,Tomato_Early_blight,6,train
D:\Plant-Disease-Detection\PlantVillage\Tomato_Early_blight\f398656e-d695-4cea-89d8-13490de9264c___RS_Erly.B 7592.JPG,Tomato_Early_blight,6,train
D:\Plant-Disease-Detection\PlantVillage\Tomato_Early_blight\f40b2786-1a17-46e6-b2cb-4ac1beb386fa___RS_Erly.B 6483.JPG,Tomato_Early_blight,6,test
D:\Plant-Disease-Detection\PlantVillage\Tomato_Early_blight\f432e10d-7fd7-4517-b635-cc7677f53d8e___RS_Erly.B 9590.JPG,Tomato_Early_blight,6,train
D:\Plant-Disease-Detection\PlantVillage\Tomato_Early_blight\f459c3ee-91f9-42e4-8a61-8c2b6ba9a435___RS_Erly.B 9522.JPG,Tomato_Early_blight,6,test
D:\Plant-Disease-Detection\PlantVillage\Tomato_Early_blight\f4d4fe0b-d711-4a2c-b331-213787eda9b0___RS_Erly.B 6665.JPG,Tomato_Early_blight,6,test
D:\Plant-Disease-Detection\PlantVillage\Tomato_Early_blight\f4e5115b-ca57-4f02-9271-0c8eda45717e___RS_Erly.B 8317.JPG,Tomato_Early_blight,6,test
D:\Plant-Disease-Detection\PlantVillage\Tomato_Early_blight\f51330a5-e187-434f-add0-bd89f488eeee___RS_Erly.B 7699.JPG,Tomato_Early_blight,6,train
D:\Plant-Disease-Detection\PlantVillage\Tomato_Early_blight\f525cb66-09b6-4f96-93dd-d6bc936f5645___RS_Erly.B 7700.JPG,Tomato_Early_blight,6,train
D:\Plant-Disease-Detection\PlantVillage\Tomato_Early_blight\f547a0f4-912a-45ec-81aa-371ad12ecacf___RS_Erly.B 7608.JPG,Tomato_Early_blight,6,train
D:\Plant-Disease-Detection\PlantVillage\Tomato_Early_blight\f59545f4-cded-405a-bf6f-f4b77e51e2ff___RS_Erly.B 7737.JPG,Tomato_Early_blight,6,train
D:\Plant-Disease-Detection\PlantVillage\Tomato_Early_blight\f5ec4428-6e58-4bc6-9ba2-3a6f5b4f374e___RS_Erly.B 6365.JPG,Tomato_Early_blight,6,train
D:\Plant-Disease-Detection\PlantVillage\Tomato_Early_blight\f62b2695-c850-47d4-9e42-e35e5596e729___RS_Erly.B 7777.JPG,Tomato_Early_blight,6,train
D:\Plant-Disease-Detection\PlantVillage\Tomato_Early_blight\f62e84ae-2bd4-4b15-918a-639c0470c25d___RS_Erly.B 7761.JPG,Tomato_Early_blight,6,train
D:\Plant-Disease-Detection\PlantVillage\Tomato_Early_blight\f63f3650-9f84-45f9-898b-a6adef0294a3___RS_Erly.B 8419.JPG,Tomato_Early_blight,6,train
D:\Plant-Disease-Detection\PlantVillage\Tomato_Early_blight\f64da90c-b9ca-4453-896f-4cd9e358c24a___RS_Erly.B 8223.JPG,Tomato_Early_blight,6,train
D:\Plant-Disease-Detection\PlantVillage\Tomato_Early_blight\f6ddeb19-8aa3-40f5-8b60-b2f404f13407___RS_Erly.B 7705.JPG,Tomato_Early_blight,6,train
D:\Plant-Disease-Detection\PlantVillage\Tomato_Early_blight\f7065117-14b1-44f1-b9ec-953b61fd3368___RS_Erly.B 9544.JPG,Tomato_Early_blight,6,test
D:\Plant-Disease-Detection\PlantVillage\Tomato_Early_blight\f7357222-4e77-4c46-a0ff-a17e165a70ff___RS_Erly.B 9619.JPG,Tomato_Early_blight,6,train
D:\Plant-Disease-Detection\PlantVillage\Tomato_Early_blight\f7682a27-eeb7-4e22-89f0-df8531c5fb8f___RS_Erly.B 7728.JPG,Tomato_Early_blight,6,train
D:\Plant-Disease-Detection\PlantVillage\Tomato_Early_blight\f79134d0-8c6a-43ad-ba78-9323f9a9f84f___RS_Erly.B 9427.JPG,Tomato_Early_blight,6,validation
D:\Plant-Disease-Detection\PlantVillage\Tomato_Early_blight\f7ab79a6-43d3-4ece-9461-43742519a221___RS_Erly.B 8290.JPG,Tomato_Early_blight,6,train
D:\Plant-Disease-Detection\PlantVillage\Tomato_Early_blight\f7beb64a-f8be-46d8-b4ea-637fb71e7509___RS_Erly.B 7711.JPG,Tomato_Early_blight,6,test
D:\Plant-Disease-Detection\PlantVillage\Tomato_Early_blight\f834c581-d183-4a7a-98a5-77e8e2cbfa69___RS_Erly.B 7722.JPG,Tomato_Early_blight,6,train
D:\Plant-Disease-Detection\PlantVillage\Tomato_Early_blight\f8374b63-016a-4b76-9ca8-df348cb44564___RS_Erly.B 7688.JPG,Tomato_Early_blight,6,test
D:\Plant-Disease-Detection\PlantVillage\Tomato_Early_blight\f870ea24-aac9-41cd-92a3-72f87d395c33___RS_Erly.B 7598.JPG,Tomato_Early_blight,6,validation
D:\Plant-Disease-Detection\PlantVillage\Tomato_Early_blight\f882f8cc-49bc-49f6-a6c0-fbffe60d81a0___RS_Erly.B 7672.JPG,Tomato_Early_blight,6,train
D:\Plant-Disease-Detection\PlantVillage\Tomato_Early_blight\f88be630-f853-48f8-b546-a2f7966368a2___RS_Erly.B 7418.JPG,Tomato_Early_blight,6,train
D:\Plant-Disease-Detection\PlantVillage\Tomato_Early_blight\f899b748-cd86-460f-a202-a6946e04946e___RS_Erly.B 7494.JPG,Tomato_Early_blight,6,train
D:\Plant-Disease-Detection\PlantVillage\Tomato_Early_blight\f8aaa5e3-fe38-4815-8f1d-8ca71db15a8f___RS_Erly.B 7511.JPG,Tomato_Early_blight,6,train
D:\Plant-Disease-Detection\PlantVillage\Tomato_Early_blight\f8babb7d-af2d-495c-9d99-cf215c8c67af___RS_Erly.B 9462.JPG,Tomato_Early_blight,6,train
D:\Plant-Disease-Detection\PlantVillage\Tomato_Early_blight\f9095543-43a8-4dac-8d06-041203fa5af5___RS_Erly.B 6435.JPG,Tomato_Early_blight,6,validation
D:\Plant-Disease-Detection\PlantVillage\Tomato_Early_blight\f91230c1-b28c-46fe-ab7a-329fdb689a02___RS_Erly.B 9439.JPG,Tomato_Early_blight,6,test
D:\Plant-Disease-Detection\PlantVillage\Tomato_Early_blight\f93578b3-4b98-4b13-95c3-495c656963f4___RS_Erly.B 8340.JPG,Tomato_Early_blight,6,train
D:\Plant-Disease-Detection\PlantVillage\Tomato_Early_blight\f9f35406-f925-4c34-a1f5-0f73563033a0___RS_Erly.B 7570.JPG,Tomato_Early_blight,6,train
D:\Plant-Disease-Detection\PlantVillage\Tomato_Early_blight\fa5e382e-d1ad-42f9-a4e5-afb343f77a53___RS_Erly.B 9453.JPG,Tomato_Early_blight,6,train
D:\Plant-Disease-Detection\PlantVillage\Tomato_Early_blight\fad513f7-c56a-439a-9a5b-515bd0fc8151___RS_Erly.B 9458.JPG,Tomato_Early_blight,6,validation
D:\Plant-Disease-Detection\PlantVillage\Tomato_Early_blight\fae08468-fe96-4604-9b86-bfe4c4f06999___RS_Erly.B 9530.JPG,Tomato_Early_blight,6,test
D:\Plant-Disease-Detection\PlantVillage\Tomato_Early_blight\fb2aaea3-f1cd-49c3-aa02-b640c62e59f5___RS_Erly.B 9389.JPG,Tomato_Early_blight,6,train
D:\Plant-Disease-Detection\PlantVillage\Tomato_Early_blight\fb3352cc-9189-4214-8b94-a60c6a392c96___RS_Erly.B 9600.JPG,Tomato_Early_blight,6,validation
D:\Plant-Disease-Detection\PlantVillage\Tomato_Early_blight\fb956247-8c0b-486a-b491-4d49e77e598e___RS_Erly.B 7842.JPG,Tomato_Early_blight,6,train
D:\Plant-Disease-Detection\PlantVillage\Tomato_Early_blight\fbb02290-8863-482f-b898-0ea83a2b2fee___RS_Erly.B 9592.JPG,Tomato_Early_blight,6,train
D:\Plant-Disease-Detection\PlantVillage\Tomato_Early_blight\fbb79594-419e-4bb7-9afa-6b9c0ba89033___RS_Erly.B 7644.JPG,Tomato_Early_blight,6,train
D:\Plant-Disease-Detection\PlantVillage\Tomato_Early_blight\fbc07887-0306-4f85-9de9-ebb68a87753a___RS_Erly.B 7456.JPG,Tomato_Early_blight,6,validation
D:\Plant-Disease-Detection\PlantVillage\Tomato_Early_blight\fbe86131-6873-460e-880a-6ee8576b6bc9___RS_Erly.B 7551.JPG,Tomato_Early_blight,6,train
D:\Plant-Disease-Detection\PlantVillage\Tomato_Early_blight\fc296f63-8cb3-42f1-a9c1-f6ed8e49777c___RS_Erly.B 6400.JPG,Tomato_Early_blight,6,train
D:\Plant-Disease-Detection\PlantVillage\Tomato_Early_blight\fc38942e-e609-41a2-970c-cc1a67b16fe2___RS_Erly.B 7793.JPG,Tomato_Early_blight,6,train
D:\Plant-Disease-Detection\PlantVillage\Tomato_Early_blight\fcbc5323-1679-416c-bb10-534e686f21bd___RS_Erly.B 7801.JPG,Tomato_Early_blight,6,train
D:\Plant-Disease-Detection\PlantVillage\Tomato_Early_blight\fcf8557f-890e-441b-9dc1-c8854f694f2e___RS_Erly.B 9505.JPG,Tomato_Early_blight,6,test
D:\Plant-Disease-Detection\PlantVillage\Tomato_Early_blight\fcf97241-bd84-4829-b326-72590a3f4f59___RS_Erly.B 7555.JPG,Tomato_Early_blight,6,train
D:\Plant-Disease-Detection\PlantVillage\Tomato_Early_blight\fd6417ac-d076-4658-a4f8-6916d781c72a___RS_Erly.B 7360.JPG,Tomato_Early_blight,6,train
D:\Plant-Disease-Detection\PlantVillage\Tomato_Early_blight\fdc50285-836e-4707-a17d-388b8179c87c___RS_Erly.B 7812.JPG,Tomato_Early_blight,6,test
D:\Plant-Disease-Detection\PlantVillage\Tomato_Early_blight\fe167aa5-089e-4295-ad85-071819b7b692___RS_Erly.B 9403.JPG,Tomato_Early_blight,6,train
D:\Plant-Disease-Detection\PlantVillage\Tomato_Early_blight\fe46f781-a40c-4c73-9e2c-50872f1ab370___RS_Erly.B 8348.JPG,Tomato_Early_blight,6,validation
D:\Plant-Disease-Detection\PlantVillage\Tomato_Early_blight\fe79c70c-0977-43f3-ad1b-3a1b4bceeceb___RS_Erly.B 7506.JPG,Tomato_Early_blight,6,train
D:\Plant-Disease-Detection\PlantVillage\Tomato_Early_blight\fe856320-407c-4390-9960-a6a539371182___RS_Erly.B 7624.JPG,Tomato_Early_blight,6,train
D:\Plant-Disease-Detection\PlantVillage\Tomato_Early_blight\fee744d4-d0e5-439d-8b7b-04f8394251e8___RS_Erly.B 7396.JPG,Tomato_Early_blight,6,train
D:\Plant-Disease-Detection\PlantVillage\Tomato_Early_blight\ff422d28-d002-4382-80bf-30f78f66c677___RS_Erly.B 6492.JPG,Tomato_Early_blight,6,train
D:\Plant-Disease-Detection\PlantVillage\Tomato_Early_blight\ff83852f-65e0-4981-8c66-6b86d34b32c2___RS_Erly.B 9582.JPG,Tomato_Early_blight,6,train
D:\Plant-Disease-Detection\PlantVillage\Tomato_healthy\000bf685-b305-408b-91f4-37030f8e62db___GH_HL Leaf 308.1.JPG,Tomato_healthy,14,train
D:\Plant-Disease-Detection\PlantVillage\Tomato_healthy\00bce074-967b-4d50-967a-31fdaa35e688___RS_HL 0223.JPG,Tomato_healthy,14,train
D:\Plant-Disease-Detection\PlantVillage\Tomato_healthy\01c1da17-8d9f-4d69-8a1e-58d37453d3c3___RS_HL 9641.JPG,Tomato_healthy,14,validation
D:\Plant-Disease-Detection\PlantVillage\Tomato_healthy\01f98912-9627-4ce0-8f0f-e451b7acbb6c___RS_HL 0509.JPG,Tomato_healthy,14,test
D:\Plant-Disease-Detection\PlantVillage\Tomato_healthy\02b4afdf-e1de-4c0e-a38d-3f19afeb9ea9___RS_HL 0493.JPG,Tomato_healthy,14,test
D:\Plant-Disease-Detection\PlantVillage\Tomato_healthy\02d94768-da6d-4c1a-b8b3-fa2e5a2fcd4d___RS_HL 0449.JPG,Tomato_healthy,14,validation
D:\Plant-Disease-Detection\PlantVillage\Tomato_healthy\03bc8804-bc25-4930-b9bf-35c35920dc3f___RS_HL 9940.JPG,Tomato_healthy,14,train
D:\Plant-Disease-Detection\PlantVillage\Tomato_healthy\04c78dad-c1eb-4a1b-bfeb-da4c7cc528e1___RS_HL 9688.JPG,Tomato_healthy,14,test
D:\Plant-Disease-Detection\PlantVillage\Tomato_healthy\04dec2d5-560b-4f34-a4a1-36b034031e4d___RS_HL 0516.JPG,Tomato_healthy,14,train
D:\Plant-Disease-Detection\PlantVillage\Tomato_healthy\06d3fe74-beca-4722-ae07-eeb671b82780___RS_HL 9701.JPG,Tomato_healthy,14,train
D:\Plant-Disease-Detection\PlantVillage\Tomato_healthy\06d90ad5-eb13-49aa-ae04-3a4a5454963d___RS_HL 0620.JPG,Tomato_healthy,14,validation
D:\Plant-Disease-Detection\PlantVillage\Tomato_healthy\06ee1c8d-fbe4-48e9-a1b2-fed7ed5539f7___GH_HL Leaf 293.JPG,Tomato_healthy,14,train
D:\Plant-Disease-Detection\PlantVillage\Tomato_healthy\0a0d6a11-ddd6-4dac-8469-d5f65af5afca___RS_HL 0555.JPG,Tomato_healthy,14,train
D:\Plant-Disease-Detection\PlantVillage\Tomato_healthy\0a205a11-1e64-49f7-93c2-ad59312b4f83___RS_HL 0334.JPG,Tomato_healthy,14,train
D:\Plant-Disease-Detection\PlantVillage\Tomato_healthy\0a31e630-0d98-416b-b0e4-88a88aad1dc5___RS_HL 9653.JPG,Tomato_healthy,14,validation
D:\Plant-Disease-Detection\PlantVillage\Tomato_healthy\0a334ae6-bea3-4453-b200-85e082794d56___GH_HL Leaf 310.1.JPG,Tomato_healthy,14,test
D:\Plant-Disease-Detection\PlantVillage\Tomato_healthy\0a86ddc0-4950-4efc-9260-0f16d4db046b___RS_HL 0469.JPG,Tomato_healthy,14,test
D:\Plant-Disease-Detection\PlantVillage\Tomato_healthy\0a9986e6-b629-4ff5-8aab-7488ea9b935b___RS_HL 9704.JPG,Tomato_healthy,14,train
D:\Plant-Disease-Detection\PlantVillage\Tomato_healthy\0aacdad5-c9b9-4309-96e3-0797bbed1375___RS_HL 9836.JPG,Tomato_healthy,14,train
D:\Plant-Disease-Detection\PlantVillage\Tomato_healthy\0b330273-890c-4995-af72-cba070fc0061___GH_HL Leaf 312.JPG,Tomato_healthy,14,train
D:\Plant-Disease-Detection\PlantVillage\Tomato_healthy\0b5cfce2-38fd-4984-8926-2d2911c48490___RS_HL 9733.JPG,Tomato_healthy,14,train
D:\Plant-Disease-Detection\PlantVillage\Tomato_healthy\0bfe260c-a71e-474e-bfb1-78f1e5ca5698___RS_HL 0497.JPG,Tomato_healthy,14,train
D:\Plant-Disease-Detection\PlantVillage\Tomato_healthy\0c3eaf2d-8203-441d-9248-1c64e00b5b8b___RS_HL 0018.JPG,Tomato_healthy,14,train
D:\Plant-Disease-Detection\PlantVillage\Tomato_healthy\0c4b06d5-4053-44fc-99b6-504934fdd3a9___GH_HL Leaf 199.1.JPG,Tomato_healthy,14,train
D:\Plant-Disease-Detection\PlantVillage\Tomato_healthy\0c8c9c80-b7e0-47a7-81d3-b5a2174e545d___GH_HL Leaf 496.1.JPG,Tomato_healthy,14,test
D:\Plant-Disease-Detection\PlantVillage\Tomato_healthy\0cabff41-b00b-4692-98af-6b8b0aeba7aa___RS_HL 9774.JPG,Tomato_healthy,14,validation
D:\Plant-Disease-Detection\PlantVillage\Tomato_healthy\0caff918-5807-40f2-b9e4-7dd34a7bab5d___RS_HL 0345.JPG,Tomato_healthy,14,train
D:\Plant-Disease-Detection\PlantVillage\Tomato_healthy\0cb10f98-491d-4e1f-b8ea-4fb0f1b3675f___GH_HL Leaf 333.JPG,Tomato_healthy,14,test
D:\Plant-Disease-Detection\PlantVillage\Tomato_healthy\0cfee8b1-5de4-4118-9e25-f9c37bb6f17e___GH_HL Leaf 252.JPG,Tomato_healthy,14,train
D:\Plant-Disease-Detection\PlantVillage\Tomato_healthy\0d259481-e08d-459d-aa92-fe05e1524742___GH_HL Leaf 253.1.JPG,Tomato_healthy,14,train
D:\Plant-Disease-Detection\PlantVillage\Tomato_healthy\0d2bcda8-8dae-408e-8919-21dfa6cc9eea___RS_HL 0335.JPG,Tomato_healthy,14,train
D:\Plant-Disease-Detection\PlantVillage\Tomato_healthy\0d3691ab-5413-4313-870e-9e5d2faf33ea___RS_HL 9958.JPG,Tomato_healthy,14,train
D:\Plant-Disease-Detection\PlantVillage\Tomato_healthy\0d515778-61ef-4f0b-ab54-75607c80220f___RS_HL 9745.JPG,Tomato_healthy,14,train
D:\Plant-Disease-Detection\PlantVillage\Tomato_healthy\0d615a38-cfa4-45e4-b1b4-9977220e19ca___RS_HL 9815.JPG,Tomato_healthy,14,train
D:\Plant-Disease-Detection\PlantVillage\Tomato_healthy\0d70d565-520e-474c-85c1-ab478c9f1d4b___GH_HL Leaf 203.1.JPG,Tomato_healthy,14,train
D:\Plant-Disease-Detection\PlantVillage\Tomato_healthy\0d789240-9714-4378-8b63-4afb12ddfa44___RS_HL 9735.JPG,Tomato_healthy,14,train
D:\Plant-Disease-Detection\PlantVillage\Tomato_healthy\0d91db63-181b-4c3a-939b-181cc812e466___RS_HL 0308.JPG,Tomato_healthy,14,train
D:\Plant-Disease-Detection\PlantVillage\Tomato_healthy\0d932b2a-584e-4971-8590-70c5f0a049cf___RS_HL 9739.JPG,Tomato_healthy,14,test
D:\Plant-Disease-Detection\PlantVillage\Tomato_healthy\0de16216-510d-48c1-9ef0-78ce39328ff2___GH_HL Leaf 240.JPG,Tomato_healthy,14,train
D:\Plant-Disease-Detection\PlantVillage\Tomato_healthy\0de569a8-21c5-4d22-b9c9-ba0ef0f2b614___RS_HL 0314.JPG,Tomato_healthy,14,train
D:\Plant-Disease-Detection\PlantVillage\Tomato_healthy\0e1d7722-3df9-4a3a-a4e2-bc0ea3ce0da4___RS_HL 9979.JPG,Tomato_healthy,14,train
D:\Plant-Disease-Detection\PlantVillage\Tomato_healthy\0e3feb72-86e5-41c2-a7ca-3295800e5777___RS_HL 0158.JPG,Tomato_healthy,14,train
D:\Plant-Disease-Detection\PlantVillage\Tomato_healthy\0eb4ba9a-6626-4e46-b561-c226b495073d___RS_HL 9862.JPG,Tomato_healthy,14,train
D:\Plant-Disease-Detection\PlantVillage\Tomato_healthy\0ed55b5a-55e6-4c9c-bce4-9eba61bc3a6b___RS_HL 9889.JPG,Tomato_healthy,14,train
D:\Plant-Disease-Detection\PlantVillage\Tomato_healthy\0f0fc0ee-b19b-4f90-ab41-8f693131f57d___RS_HL 9890.JPG,Tomato_healthy,14,train
D:\Plant-Disease-Detection\PlantVillage\Tomato_healthy\0f20443a-193e-46b1-aea9-7ea614eb98ec___RS_HL 9850.JPG,Tomato_healthy,14,test
D:\Plant-Disease-Detection\PlantVillage\Tomato_healthy\0f5a5880-c1f1-4356-8336-d65c69b54cc1___GH_HL Leaf 380.1JPG.JPG,Tomato_healthy,14,validation
D:\Plant-Disease-Detection\PlantVillage\Tomato_healthy\0f809e80-ee2b-4ad4-9a80-50d789298d48___GH_HL Leaf 192.JPG,Tomato_healthy,14,validation
D:\Plant-Disease-Detection\PlantVillage\Tomato_healthy\0f93b04b-73fc-4c5c-98d6-35842cafdd25___RS_HL 0278.JPG,Tomato_healthy,14,test
D:\Plant-Disease-Detection\PlantVillage\Tomato_healthy\0f9a114d-1df8-442c-90e7-d14d2f6efb23___RS_HL 9964.JPG,Tomato_healthy,14,test
D:\Plant-Disease-Detection\PlantVillage\Tomato_healthy\0fd3432a-e22a-4a71-9a63-1c56ee4ce067___GH_HL Leaf 463.1.JPG,Tomato_healthy,14,train
D:\Plant-Disease-Detection\PlantVillage\Tomato_healthy\0fee8af3-ca03-418c-a71c-c4fb0a80dc7b___RS_HL 0199.JPG,Tomato_healthy,14,validation
D:\Plant-Disease-Detection\PlantVillage\Tomato_healthy\1a02fa87-a194-482e-b4ac-8dec2064d793___RS_HL 0022.JPG,Tomato_healthy,14,train
D:\Plant-Disease-Detection\PlantVillage\Tomato_healthy\1a0a5292-5e63-4afa-8611-38eef316f1e9___GH_HL Leaf 477.JPG,Tomato_healthy,14,validation
D:\Plant-Disease-Detection\PlantVillage\Tomato_healthy\1a0b9a32-3993-44e4-879f-338cd6e45a09___GH_HL Leaf 178.JPG,Tomato_healthy,14,train
D:\Plant-Disease-Detection\PlantVillage\Tomato_healthy\1a0c4408-634e-4bd5-948d-e73ca5572976___RS_HL 0146.JPG,Tomato_healthy,14,train
D:\Plant-Disease-Detection\PlantVillage\Tomato_healthy\1a308834-fdd7-4121-ae03-5736d8d52e26___RS_HL 9689.JPG,Tomato_healthy,14,validation
D:\Plant-Disease-Detection\PlantVillage\Tomato_healthy\1a393116-cbd1-4e3f-acfc-563e96ae1e80___RS_HL 0268.JPG,Tomato_healthy,14,train
D:\Plant-Disease-Detection\PlantVillage\Tomato_healthy\1a939012-5b9b-4dfa-aeda-ba97ec857903___GH_HL Leaf 278.JPG,Tomato_healthy,14,test
D:\Plant-Disease-Detection\PlantVillage\Tomato_healthy\1a972145-610d-4efe-96e7-e0253c4ece4a___GH_HL Leaf 237.1.JPG,Tomato_healthy,14,train
D:\Plant-Disease-Detection\PlantVillage\Tomato_healthy\1ad550a2-113e-440c-919d-85dff2f4de38___RS_HL 0331.JPG,Tomato_healthy,14,test
D:\Plant-Disease-Detection\PlantVillage\Tomato_healthy\1ae5cf7c-f03a-4591-93e9-61d9784763e0___RS_HL 0043.JPG,Tomato_healthy,14,test
D:\Plant-Disease-Detection\PlantVillage\Tomato_healthy\1af0bfe1-4bcf-4b8b-be66-5d0953eb647e___GH_HL Leaf 482.2.JPG,Tomato_healthy,14,train
D:\Plant-Disease-Detection\PlantVillage\Tomato_healthy\1b150c8d-ab5d-43b5-a61d-c3fb3a8ffd54___GH_HL Leaf 321.JPG,Tomato_healthy,14,validation
D:\Plant-Disease-Detection\PlantVillage\Tomato_healthy\1b477a6a-aa09-4c12-ad17-fbbc08cd76da___GH_HL Leaf 386.JPG,Tomato_healthy,14,train
D:\Plant-Disease-Detection\PlantVillage\Tomato_healthy\1b6ac535-3a40-40c7-a626-d11181dfb5a4___GH_HL Leaf 304.JPG,Tomato_healthy,14,train
D:\Plant-Disease-Detection\PlantVillage\Tomato_healthy\1b855a60-d30c-4ed9-8f25-cffe523b436b___GH_HL Leaf 249.1.JPG,Tomato_healthy,14,train
D:\Plant-Disease-Detection\PlantVillage\Tomato_healthy\1b966d62-d5c3-4a67-ba36-b67d873ccfdf___GH_HL Leaf 440.JPG,Tomato_healthy,14,test
D:\Plant-Disease-Detection\PlantVillage\Tomato_healthy\1bd9f661-9b9c-4faf-80ab-86a8a64a8bc2___RS_HL 0271.JPG,Tomato_healthy,14,train
D:\Plant-Disease-Detection\PlantVillage\Tomato_healthy\1bfeed83-f119-46cd-b806-0e17e1dae136___RS_HL 0017.JPG,Tomato_healthy,14,validation
D:\Plant-Disease-Detection\PlantVillage\Tomato_healthy\1c092a12-ed60-42c8-86b4-0427db78a5d3___RS_HL 0076.JPG,Tomato_healthy,14,train
D:\Plant-Disease-Detection\PlantVillage\Tomato_healthy\1ca23194-53c1-44a9-973a-39aa073f4a33___RS_HL 0058.JPG,Tomato_healthy,14,train
D:\Plant-Disease-Detection\PlantVillage\Tomato_healthy\1ca3c77d-13d8-43cc-929f-9c3a79e5dd1b___RS_HL 0250.JPG,Tomato_healthy,14,train
D:\Plant-Disease-Detection\PlantVillage\Tomato_healthy\1cb9d4d1-280b-479c-95a9-01f71acf70bc___RS_HL 0641.JPG,Tomato_healthy,14,train
D:\Plant-Disease-Detection\PlantVillage\Tomato_healthy\1d024f2a-0ceb-4560-81fc-1114e6341f02___RS_HL 0431.JPG,Tomato_healthy,14,validation
D:\Plant-Disease-Detection\PlantVillage\Tomato_healthy\1d1017be-8cd6-4967-894b-1b9fb89d7d6e___RS_HL 0270.JPG,Tomato_healthy,14,test
D:\Plant-Disease-Detection\PlantVillage\Tomato_healthy\1d10291e-a1ce-4309-b6a4-d034319e3875___GH_HL Leaf 251.1.JPG,Tomato_healthy,14,validation
D:\Plant-Disease-Detection\PlantVillage\Tomato_healthy\1d1221b5-1a59-43bb-a616-8f7a404785b6___RS_HL 0451.JPG,Tomato_healthy,14,test
D:\Plant-Disease-Detection\PlantVillage\Tomato_healthy\1d31b822-7933-4801-a18c-657b8af377d6___RS_HL 0636.JPG,Tomato_healthy,14,test
D:\Plant-Disease-Detection\PlantVillage\Tomato_healthy\1d46ec32-bf0a-4d44-a149-c6fc12920d57___RS_HL 0060.JPG,Tomato_healthy,14,train
D:\Plant-Disease-Detection\PlantVillage\Tomato_healthy\1d598eb4-b055-4c4c-8b7e-b60990804957___RS_HL 9838.JPG,Tomato_healthy,14,train
D:\Plant-Disease-Detection\PlantVillage\Tomato_healthy\1d8bb370-3c10-4806-b2ff-1621e21355ba___RS_HL 9882.JPG,Tomato_healthy,14,train
D:\Plant-Disease-Detection\PlantVillage\Tomato_healthy\1dae303e-6545-4c87-8c95-8805108f5282___RS_HL 0437.JPG,Tomato_healthy,14,train
D:\Plant-Disease-Detection\PlantVillage\Tomato_healthy\1ddf5950-e27f-4928-8f4e-33242953e306___RS_HL 0181.JPG,Tomato_healthy,14,validation
D:\Plant-Disease-Detection\PlantVillage\Tomato_healthy\1dfb5aeb-8d00-4672-9755-5da982758453___RS_HL 9987.JPG,Tomato_healthy,14,train
D:\Plant-Disease-Detection\PlantVillage\Tomato_healthy\1dffd343-4634-4b33-95f4-eecc755aec8f___GH_HL Leaf 168.JPG,Tomato_healthy,14,test
D:\Plant-Disease-Detection\PlantVillage\Tomato_healthy\1e1aa3d8-d12f-47e1-b316-b8656ab3f2b6___RS_HL 0075.JPG,Tomato_healthy,14,train
D:\Plant-Disease-Detection\PlantVillage\Tomato_healthy\1e4aef32-09c5-4af8-8948-dc86bd8ef2e7___GH_HL Leaf 215.1.JPG,Tomato_healthy,14,train
D:\Plant-Disease-Detection\PlantVillage\Tomato_healthy\1e5e6f9d-6d14-4ea7-9c36-c6a559e567d7___RS_HL 9780.JPG,Tomato_healthy,14,train
D:\Plant-Disease-Detection\PlantVillage\Tomato_healthy\1e8c2c4d-e787-45ff-87ac-56484ac8d3d4___GH_HL Leaf 472.JPG,Tomato_healthy,14,test
D:\Plant-Disease-Detection\PlantVillage\Tomato_healthy\1ebf9add-aa7f-4a84-adbf-67f700f918bc___GH_HL Leaf 437.JPG,Tomato_healthy,14,train
D:\Plant-Disease-Detection\PlantVillage\Tomato_healthy\1f43d81a-6889-4613-a727-f92a75cf9861___RS_HL 0297.JPG,Tomato_healthy,14,train
D:\Plant-Disease-Detection\PlantVillage\Tomato_healthy\1f763a4e-3f17-44c1-be1b-a8752d2b93a1___RS_HL 9830.JPG,Tomato_healthy,14,test
D:\Plant-Disease-Detection\PlantVillage\Tomato_healthy\1fa569d8-45ba-4633-b66d-3fdb07ed523e___RS_HL 0533.JPG,Tomato_healthy,14,train
D:\Plant-Disease-Detection\PlantVillage\Tomato_healthy\1fee5d1d-ab19-43ed-bef2-9547bbd1fdc9___RS_HL 0137.JPG,Tomato_healthy,14,test
D:\Plant-Disease-Detection\PlantVillage\Tomato_healthy\2a089ff8-0fcf-4b18-b746-f997e3b18065___GH_HL Leaf 456.1.JPG,Tomato_healthy,14,test
D:\Plant-Disease-Detection\PlantVillage\Tomato_healthy\2a0d08cc-91b5-436b-abe4-31835c5f470b___RS_HL 0396.JPG,Tomato_healthy,14,train
D:\Plant-Disease-Detection\PlantVillage\Tomato_healthy\2a11ceb9-41c9-4f2e-bed9-ef1c1c7d479b___RS_HL 0371.JPG,Tomato_healthy,14,validation
D:\Plant-Disease-Detection\PlantVillage\Tomato_healthy\2a1dd125-ece3-499f-a24b-1d00dbcc3184___GH_HL Leaf 227.JPG,Tomato_healthy,14,validation
D:\Plant-Disease-Detection\PlantVillage\Tomato_healthy\2a7e1698-9747-40e6-994e-5d4dc1d2b239___RS_HL 0279.JPG,Tomato_healthy,14,train
D:\Plant-Disease-Detection\PlantVillage\Tomato_healthy\2a859068-5042-4f74-82ac-29339c760cbb___GH_HL Leaf 436.JPG,Tomato_healthy,14,train
D:\Plant-Disease-Detection\PlantVillage\Tomato_healthy\2a8f7c7a-fbd4-4669-90eb-61ee118db2a7___RS_HL 0126.JPG,Tomato_healthy,14,validation
D:\Plant-Disease-Detection\PlantVillage\Tomato_healthy\2a99d5af-218f-4332-a8ce-505301abdbfe___RS_HL 9693.JPG,Tomato_healthy,14,train
D:\Plant-Disease-Detection\PlantVillage\Tomato_healthy\2aeb668a-251a-4f68-b52f-aadeb3376d55___RS_HL 9744.JPG,Tomato_healthy,14,test
D:\Plant-Disease-Detection\PlantVillage\Tomato_healthy\2b03b88c-5299-4c2c-8e7f-c40fbd98e145___RS_HL 0104.JPG,Tomato_healthy,14,train
D:\Plant-Disease-Detection\PlantVillage\Tomato_healthy\2b14b93f-0664-4b7f-93fa-b7d3df03dc06___GH_HL Leaf 508.1.JPG,Tomato_healthy,14,train
D:\Plant-Disease-Detection\PlantVillage\Tomato_healthy\2b1cbc53-a62b-4daf-b233-8fc1d8d8c099___RS_HL 0296.JPG,Tomato_healthy,14,train
D:\Plant-Disease-Detection\PlantVillage\Tomato_healthy\2b21cbfc-9c23-42fb-984c-9439fa891a4c___RS_HL 9637.JPG,Tomato_healthy,14,validation
D:\Plant-Disease-Detection\PlantVillage\Tomato_healthy\2b37cb9f-75c0-4e26-b82a-053525aa3d2d___RS_HL 9989.JPG,Tomato_healthy,14,train
D:\Plant-Disease-Detection\PlantVillage\Tomato_healthy\2b4ab56e-4afa-4b0f-910a-3270e90c707c___RS_HL 0035.JPG,Tomato_healthy,14,train
D:\Plant-Disease-Detection\PlantVillage\Tomato_healthy\2b50c7a7-e22e-4103-9e23-909377ab00e3___RS_HL 0193.JPG,Tomato_healthy,14,train
D:\Plant-Disease-Detection\PlantVillage\Tomato_healthy\2b6c6705-59ce-4afe-8ad1-62a367ea10e0___RS_HL 9994.JPG,Tomato_healthy,14,train
D:\Plant-Disease-Detection\PlantVillage\Tomato_healthy\2b815107-e4d1-4f97-b8eb-72a06b2198f3___RS_HL 0399.JPG,Tomato_healthy,14,train
D:\Plant-Disease-Detection\PlantVillage\Tomato_healthy\2b8306e4-7898-4f27-b659-b0061c4c3832___RS_HL 0440.JPG,Tomato_healthy,14,train
D:\Plant-Disease-Detection\PlantVillage\Tomato_healthy\2b91175f-d3de-47dd-b386-5fd639e8b531___RS_HL 0216.JPG,Tomato_healthy,14,train
D:\Plant-Disease-Detection\PlantVillage\Tomato_healthy\2bc7f6c3-7765-4ab0-926b-57fc918bfbf0___GH_HL Leaf 305.JPG,Tomato_healthy,14,train
D:\Plant-Disease-Detection\PlantVillage\Tomato_healthy\2bce59d3-c971-46da-8bb5-bc36b712e208___GH_HL Leaf 257.JPG,Tomato_healthy,14,train
D:\Plant-Disease-Detection\PlantVillage\Tomato_healthy\2bd08574-9555-42a5-93b1-7fab8f9f8786___GH_HL Leaf 475.2.JPG,Tomato_healthy,14,train
D:\Plant-Disease-Detection\PlantVillage\Tomato_healthy\2c22b17b-e914-453a-a379-15b29fe294b0___RS_HL 9720.JPG,Tomato_healthy,14,test
D:\Plant-Disease-Detection\PlantVillage\Tomato_healthy\2c741e7d-d03b-4903-8e42-1e43f5ad7286___RS_HL 0131.JPG,Tomato_healthy,14,train
D:\Plant-Disease-Detection\PlantVillage\Tomato_healthy\2d02a0d6-0734-4ac7-957f-44f2a011fdc3___RS_HL 0375.JPG,Tomato_healthy,14,train
D:\Plant-Disease-Detection\PlantVillage\Tomato_healthy\2d4db3f7-a768-4a27-832c-fc72496e79b4___GH_HL Leaf 446.JPG,Tomato_healthy,14,validation
D:\Plant-Disease-Detection\PlantVillage\Tomato_healthy\2d66100e-9a61-412b-95da-2b852de7a447___RS_HL 9950.JPG,Tomato_healthy,14,train
D:\Plant-Disease-Detection\PlantVillage\Tomato_healthy\2d6ecece-b67e-42f1-924b-3a5dbd95d5ef___RS_HL 0282.JPG,Tomato_healthy,14,validation
D:\Plant-Disease-Detection\PlantVillage\Tomato_healthy\2d9352d7-2509-40a1-be35-01404448266c___RS_HL 9805.JPG,Tomato_healthy,14,train
D:\Plant-Disease-Detection\PlantVillage\Tomato_healthy\2da51b05-179d-4072-9ac9-f6985c7a494c___RS_HL 0444.JPG,Tomato_healthy,14,train
D:\Plant-Disease-Detection\PlantVillage\Tomato_healthy\2db5d3de-824c-4e62-9db1-e271d13ea27e___GH_HL Leaf 273.1.JPG,Tomato_healthy,14,train
D:\Plant-Disease-Detection\PlantVillage\Tomato_healthy\2de3b39c-9fbd-4e94-b9e4-3f97dac9c34d___GH_HL Leaf 286.1.JPG,Tomato_healthy,14,train
D:\Plant-Disease-Detection\PlantVillage\Tomato_healthy\2df73051-0fdf-4ed5-a626-205e245ad8c7___GH_HL Leaf 233.JPG,Tomato_healthy,14,train
D:\Plant-Disease-Detection\PlantVillage\Tomato_healthy\2e0a7517-332f-4799-a083-5d393172909a___RS_HL 0612.JPG,Tomato_healthy,14,train
D:\Plant-Disease-Detection\PlantVillage\Tomato_healthy\2e485f1d-5aa5-4d56-8733-9625ed4d000c___GH_HL Leaf 344.JPG,Tomato_healthy,14,train
D:\Plant-Disease-Detection\PlantVillage\Tomato_healthy\2e4b9ef4-4ee8-4a50-aac0-de7c001f36d4___GH_HL Leaf 288.1.JPG,Tomato_healthy,14,train
D:\Plant-Disease-Detection\PlantVillage\Tomato_healthy\2e875abf-377c-4663-a406-e02984215fa6___RS_HL 0499.JPG,Tomato_healthy,14,validation
D:\Plant-Disease-Detection\PlantVillage\Tomato_healthy\2e96661f-a313-4deb-bf32-1eacbc10c48d___GH_HL Leaf 424.JPG,Tomato_healthy,14,validation
D:\Plant-Disease-Detection\PlantVillage\Tomato_healthy\2e97e18f-8ae2-4d5d-b7fb-64baeead1ed4___GH_HL Leaf 221.1.JPG,Tomato_healthy,14,train
D:\Plant-Disease-Detection\PlantVillage\Tomato_healthy\2ea87b73-a52b-4a4c-938f-4ce06335d171___GH_HL Leaf 177.1.JPG,Tomato_healthy,14,train
D:\Plant-Disease-Detection\PlantVillage\Tomato_healthy\2eb4a2fa-d41e-47f1-9e3f-e49035c5b24a___RS_HL 9995.JPG,Tomato_healthy,14,train
D:\Plant-Disease-Detection\PlantVillage\Tomato_healthy\2ec18b22-c51c-456b-bf94-d5f3d282fb6c___RS_HL 0179.JPG,Tomato_healthy,14,train
D:\Plant-Disease-Detection\PlantVillage\Tomato_healthy\2ee6d2c6-a766-422c-a710-e89582d8155e___GH_HL Leaf 470.JPG,Tomato_healthy,14,train
D:\Plant-Disease-Detection\PlantVillage\Tomato_healthy\2f07c3a8-90db-4d61-b8e3-55b3c016c510___GH_HL Leaf 382.1.JPG,Tomato_healthy,14,train
D:\Plant-Disease-Detection\PlantVillage\Tomato_healthy\2f9e1c60-06fc-41e9-af7d-a91c4a5e9f3d___GH_HL Leaf 504.1.JPG,Tomato_healthy,14,validation
D:\Plant-Disease-Detection\PlantVillage\Tomato_healthy\2fb5c266-b7ec-4b31-91b4-3f2dc9b0cdcb___RS_HL 0147.JPG,Tomato_healthy,14,train
D:\Plant-Disease-Detection\PlantVillage\Tomato_healthy\2fd78b0f-a307-4824-9e6c-ff4a3f27e3c8___GH_HL Leaf 403.JPG,Tomato_healthy,14,test
D:\Plant-Disease-Detection\PlantVillage\Tomato_healthy\3a1c6737-c9ff-44dc-9014-954753732160___GH_HL Leaf 406.1.JPG,Tomato_healthy,14,train
D:\Plant-Disease-Detection\PlantVillage\Tomato_healthy\3a211a87-cac9-4393-84ca-51e240e1b043___RS_HL 0210.JPG,Tomato_healthy,14,train
D:\Plant-Disease-Detection\PlantVillage\Tomato_healthy\3a48952b-cb72-4678-baca-d622971c78d0___RS_HL 9877.JPG,Tomato_healthy,14,train
D:\Plant-Disease-Detection\PlantVillage\Tomato_healthy\3ad1409d-5f43-469d-ab2a-fdffbd064f69___RS_HL 9931.JPG,Tomato_healthy,14,train
D:\Plant-Disease-Detection\PlantVillage\Tomato_healthy\3b05e678-aa3c-47c6-9ebd-0650efd82b16___GH_HL Leaf 399.JPG,Tomato_healthy,14,train
D:\Plant-Disease-Detection\PlantVillage\Tomato_healthy\3b0677fb-ff25-4871-aa89-37f756e917af___GH_HL Leaf 253.JPG,Tomato_healthy,14,train
D:\Plant-Disease-Detection\PlantVillage\Tomato_healthy\3b0d89df-61d0-407f-9a26-661c8bb730cf___GH_HL Leaf 242.JPG,Tomato_healthy,14,train
D:\Plant-Disease-Detection\PlantVillage\Tomato_healthy\3b1ba616-6a8f-44e9-948f-5c056eb565c8___RS_HL 9980.JPG,Tomato_healthy,14,train
D:\Plant-Disease-Detection\PlantVillage\Tomato_healthy\3b247bc2-44d4-4fea-ae3e-aef886d27e45___RS_HL 0584.JPG,Tomato_healthy,14,train
D:\Plant-Disease-Detection\PlantVillage\Tomato_healthy\3b4a011c-68ae-4b84-90b5-27ef4b2d3447___GH_HL Leaf 255.JPG,Tomato_healthy,14,train
D:\Plant-Disease-Detection\PlantVillage\Tomato_healthy\3b87f866-1d80-4b22-99f8-108e315c9029___RS_HL 0394.JPG,Tomato_healthy,14,train
D:\Plant-Disease-Detection\PlantVillage\Tomato_healthy\3b97d56b-a10d-4518-a332-a16f58238d6c___RS_HL 0240.JPG,Tomato_healthy,14,train
D:\Plant-Disease-Detection\PlantVillage\Tomato_healthy\3bbaca2e-d2fd-4fcb-bbd7-e1ad4f7a84ae___RS_HL 0630.JPG,Tomato_healthy,14,validation
D:\Plant-Disease-Detection\PlantVillage\Tomato_healthy\3be4b3ce-9fc7-4216-98f0-abd0faa9e45c___RS_HL 9945.JPG,Tomato_healthy,14,validation
D:\Plant-Disease-Detection\PlantVillage\Tomato_healthy\3be50742-0fe9-404a-809e-9597793748a8___GH_HL Leaf 191.JPG,Tomato_healthy,14,train
D:\Plant-Disease-Detection\PlantVillage\Tomato_healthy\3be7ae8c-bacb-4877-b6b5-c2251d22b431___GH_HL Leaf 497.1.JPG,Tomato_healthy,14,validation
D:\Plant-Disease-Detection\PlantVillage\Tomato_healthy\3c435a41-903c-4517-b79e-c01724be03a1___RS_HL 0422.JPG,Tomato_healthy,14,train
D:\Plant-Disease-Detection\PlantVillage\Tomato_healthy\3c8a4977-eab9-4639-b12a-c1c42c7258f3___RS_HL 0432.JPG,Tomato_healthy,14,test
D:\Plant-Disease-Detection\PlantVillage\Tomato_healthy\3c8fb1de-5acf-4194-8a8c-5349067cbaf8___RS_HL 0351.JPG,Tomato_healthy,14,train
D:\Plant-Disease-Detection\PlantVillage\Tomato_healthy\3ca6e178-acee-4463-9d9f-aa1636eb9df6___RS_HL 0306.JPG,Tomato_healthy,14,train
D:\Plant-Disease-Detection\PlantVillage\Tomato_healthy\3d0c2ad7-4fc4-48df-9ee0-11932921ddd0___RS_HL 0633.JPG,Tomato_healthy,14,train
D:\Plant-Disease-Detection\PlantVillage\Tomato_healthy\3d16ce8b-81ef-4be2-aec6-d1deab7282b4___RS_HL 0089.JPG,Tomato_healthy,14,train
D:\Plant-Disease-Detection\PlantVillage\Tomato_healthy\3d1ab8b2-d61c-4ab1-9222-52bf63eb0315___RS_HL 0548.JPG,Tomato_healthy,14,train
D:\Plant-Disease-Detection\PlantVillage\Tomato_healthy\3d59c273-6439-4c0d-b5ac-3738faca5d2a___RS_HL 0413.JPG,Tomato_healthy,14,train
D:\Plant-Disease-Detection\PlantVillage\Tomato_healthy\3d8a687c-febd-4bd6-8fa5-62a3e1d5ebf6___GH_HL Leaf 443.1.JPG,Tomato_healthy,14,train
D:\Plant-Disease-Detection\PlantVillage\Tomato_healthy\3dd714a8-5c95-4d47-a9d0-0ac15a499c2c___RS_HL 0386.JPG,Tomato_healthy,14,test
D:\Plant-Disease-Detection\PlantVillage\Tomato_healthy\3df51cfe-b583-40ae-a2d5-d4928a8a763f___RS_HL 9765.JPG,Tomato_healthy,14,train
D:\Plant-Disease-Detection\PlantVillage\Tomato_healthy\3e03aa27-3c0c-447c-87da-c3375ef47ead___RS_HL 9899.JPG,Tomato_healthy,14,train
D:\Plant-Disease-Detection\PlantVillage\Tomato_healthy\3e204d0d-cfdb-41a2-a68b-c3168305d099___GH_HL Leaf 441.1.JPG,Tomato_healthy,14,validation
D:\Plant-Disease-Detection\PlantVillage\Tomato_healthy\3e2fa71c-73a6-48f5-9175-4d43a078115a___RS_HL 0159.JPG,Tomato_healthy,14,train
D:\Plant-Disease-Detection\PlantVillage\Tomato_healthy\3e4cc1b0-e071-4b9e-a944-21de55b99fc3___RS_HL 0292.JPG,Tomato_healthy,14,validation
D:\Plant-Disease-Detection\PlantVillage\Tomato_healthy\3e4f86b3-55d1-4efc-bd8a-f13af318b181___GH_HL Leaf 492.JPG,Tomato_healthy,14,test
D:\Plant-Disease-Detection\PlantVillage\Tomato_healthy\3e51f746-2ed2-4eb4-96e7-f6717ec068fd___RS_HL 0122.JPG,Tomato_healthy,14,train
D:\Plant-Disease-Detection\PlantVillage\Tomato_healthy\3e6c73ad-cfcb-4614-b927-150c2c642c9e___RS_HL 0074.JPG,Tomato_healthy,14,train
D:\Plant-Disease-Detection\PlantVillage\Tomato_healthy\3e98f24b-4c2e-4b4d-916f-fe48430cd94b___RS_HL 0129.JPG,Tomato_healthy,14,train
D:\Plant-Disease-Detection\PlantVillage\Tomato_healthy\3e9a67e4-492b-4306-be1b-0a2624ea5c3e___GH_HL Leaf 175.JPG,Tomato_healthy,14,train
D:\Plant-Disease-Detection\PlantVillage\Tomato_healthy\3ea001ac-b49b-4382-a95d-a602fba00a5a___GH_HL Leaf 445.JPG,Tomato_healthy,14,train
D:\Plant-Disease-Detection\PlantVillage\Tomato_healthy\3ea5eb53-bde0-44f1-8aac-d6457e5b0b73___RS_HL 0427.JPG,Tomato_healthy,14,validation
D:\Plant-Disease-Detection\PlantVillage\Tomato_healthy\3eaf72d6-be20-4929-b6dc-58f6c9edf2bd___RS_HL 0031.JPG,Tomato_healthy,14,train
D:\Plant-Disease-Detection\PlantVillage\Tomato_healthy\3eb7e000-68e2-4cf3-b202-2aaf17642cb4___RS_HL 9957.JPG,Tomato_healthy,14,train
D:\Plant-Disease-Detection\PlantVillage\Tomato_healthy\3ee909e6-4de7-4120-bb0e-bd71627f8bf1___RS_HL 9782.JPG,Tomato_healthy,14,validation
D:\Plant-Disease-Detection\PlantVillage\Tomato_healthy\3f12b950-bfdc-4670-adad-b32588dde9a3___RS_HL 9666.JPG,Tomato_healthy,14,train
D:\Plant-Disease-Detection\PlantVillage\Tomato_healthy\3f1beda2-534d-4970-b33e-99c43c1ee930___GH_HL Leaf 219.1.JPG,Tomato_healthy,14,train
D:\Plant-Disease-Detection\PlantVillage\Tomato_healthy\3f1ce663-3715-4220-bbce-93bcc9f0c478___GH_HL Leaf 311.JPG,Tomato_healthy,14,validation
D:\Plant-Disease-Detection\PlantVillage\Tomato_healthy\3f5047d4-f421-4313-9281-f333f60caadd___RS_HL 9659.JPG,Tomato_healthy,14,validation
D:\Plant-Disease-Detection\PlantVillage\Tomato_healthy\3f730857-e87b-4de0-bcbb-fdf0314e2250___GH_HL Leaf 245.1.JPG,Tomato_healthy,14,train
D:\Plant-Disease-Detection\PlantVillage\Tomato_healthy\4a077dcb-30be-4f8d-9dc9-00f3874b1676___GH_HL Leaf 465.JPG,Tomato_healthy,14,test
D:\Plant-Disease-Detection\PlantVillage\Tomato_healthy\4a0a9092-e70e-4a73-bb51-4d83b3c90a38___GH_HL Leaf 195.JPG,Tomato_healthy,14,train
D:\Plant-Disease-Detection\PlantVillage\Tomato_healthy\4a1e2b71-992a-4a64-a599-b49b8fa75378___RS_HL 0627.JPG,Tomato_healthy,14,train
D:\Plant-Disease-Detection\PlantVillage\Tomato_healthy\4ae80701-db36-4003-a20c-925d66bdfb68___RS_HL 0602.JPG,Tomato_healthy,14,train
D:\Plant-Disease-Detection\PlantVillage\Tomato_healthy\4af1cf6d-1bae-4e58-9168-2f6105a6fe9a___RS_HL 0608.JPG,Tomato_healthy,14,train
D:\Plant-Disease-Detection\PlantVillage\Tomato_healthy\4af641e9-7960-4c73-a32c-6373d1f341d0___GH_HL Leaf 489.JPG,Tomato_healthy,14,train
D:\Plant-Disease-Detection\PlantVillage\Tomato_healthy\4b51a704-643f-4de4-9da9-55fceb24fe42___RS_HL 0155.JPG,Tomato_healthy,14,train
D:\Plant-Disease-Detection\PlantVillage\Tomato_healthy\4b696198-bb02-426d-bcbd-cc00177a0fb7___RS_HL 0093.JPG,Tomato_healthy,14,validation
D:\Plant-Disease-Detection\PlantVillage\Tomato_healthy\4b7deb4f-5bce-4915-ba64-7e75c66624c2___RS_HL 0153.JPG,Tomato_healthy,14,train
D:\Plant-Disease-Detection\PlantVillage\Tomato_healthy\4b8bc1e8-30e5-41ef-871e-0661d521418d___RS_HL 0445.JPG,Tomato_healthy,14,test
D:\Plant-Disease-Detection\PlantVillage\Tomato_healthy\4b8df56a-6124-4e5c-a1b7-8e771a472813___RS_HL 0520.JPG,Tomato_healthy,14,train
D:\Plant-Disease-Detection\PlantVillage\Tomato_healthy\4b8f6f0d-ed84-49ae-a92e-6cf049a42207___RS_HL 9652.JPG,Tomato_healthy,14,train
D:\Plant-Disease-Detection\PlantVillage\Tomato_healthy\4b9bc37a-a9af-4e3f-a4e4-1e6cfb79c673___RS_HL 0262.JPG,Tomato_healthy,14,test
D:\Plant-Disease-Detection\PlantVillage\Tomato_healthy\4bd918e2-ac0a-41b4-b1a0-f1bb799a309c___RS_HL 9846.JPG,Tomato_healthy,14,train
D:\Plant-Disease-Detection\PlantVillage\Tomato_healthy\4c0fe9e1-bbe4-40dc-8a83-97a437693a23___RS_HL 0228.JPG,Tomato_healthy,14,train
D:\Plant-Disease-Detection\PlantVillage\Tomato_healthy\4c2c45b2-7e33-4b1d-9125-b14b5ccafedd___RS_HL 9991.JPG,Tomato_healthy,14,validation
D:\Plant-Disease-Detection\PlantVillage\Tomato_healthy\4c3bf302-573e-4240-9d67-60412ea836d0___RS_HL 0254.JPG,Tomato_healthy,14,train
D:\Plant-Disease-Detection\PlantVillage\Tomato_healthy\4c70f748-028a-49d2-92b6-3bf77d33bb9e___RS_HL 9786.JPG,Tomato_healthy,14,train
D:\Plant-Disease-Detection\PlantVillage\Tomato_healthy\4ce3098b-aad2-4e5b-8f3b-fd827cad2c0b___RS_HL 0026.JPG,Tomato_healthy,14,train
D:\Plant-Disease-Detection\PlantVillage\Tomato_healthy\4ce6844e-2a92-47aa-9115-0eb1a9a0611c___GH_HL Leaf 464.1.JPG,Tomato_healthy,14,test
D:\Plant-Disease-Detection\PlantVillage\Tomato_healthy\4d374048-0e08-4a09-ae57-e83f8e64082b___RS_HL 0564.JPG,Tomato_healthy,14,validation
D:\Plant-Disease-Detection\PlantVillage\Tomato_healthy\4d82bf50-5e71-4597-8684-6db7300e0cd4___GH_HL Leaf 316.JPG,Tomato_healthy,14,train
D:\Plant-Disease-Detection\PlantVillage\Tomato_healthy\4de74e9a-e32a-467a-b6fd-512a16a09d22___GH_HL Leaf 329.JPG,Tomato_healthy,14,train
D:\Plant-Disease-Detection\PlantVillage\Tomato_healthy\4e3e2f5a-04a7-4142-aad1-acfa13344e33___GH_HL Leaf 358.JPG,Tomato_healthy,14,train
D:\Plant-Disease-Detection\PlantVillage\Tomato_healthy\4e3f33a1-04a8-4d15-b36c-f757800f766f___RS_HL 0556.JPG,Tomato_healthy,14,train
D:\Plant-Disease-Detection\PlantVillage\Tomato_healthy\4e4e685a-6f47-44df-957c-b667a1a5034e___RS_HL 9938.JPG,Tomato_healthy,14,train
D:\Plant-Disease-Detection\PlantVillage\Tomato_healthy\4e67dd9d-8a92-4b30-bb08-2e30d34acde7___RS_HL 0245.JPG,Tomato_healthy,14,test
D:\Plant-Disease-Detection\PlantVillage\Tomato_healthy\4e690960-f6bb-43f6-b2e7-6ff3aaf81452___RS_HL 9823.JPG,Tomato_healthy,14,train
D:\Plant-Disease-Detection\PlantVillage\Tomato_healthy\4e88356d-0238-4f3c-b718-34bddc184407___RS_HL 0136.JPG,Tomato_healthy,14,test
D:\Plant-Disease-Detection\PlantVillage\Tomato_healthy\4e8e1275-37a2-48fa-84cb-96ffa0824571___RS_HL 0574.JPG,Tomato_healthy,14,train
D:\Plant-Disease-Detection\PlantVillage\Tomato_healthy\4ec0267c-4606-47bf-ad7e-5e087dc4aef1___RS_HL 0187.JPG,Tomato_healthy,14,train
D:\Plant-Disease-Detection\PlantVillage\Tomato_healthy\4ed0a372-fe3d-49a6-82a1-2e904e6c66e3___GH_HL Leaf 200.JPG,Tomato_healthy,14,train
D:\Plant-Disease-Detection\PlantVillage\Tomato_healthy\4ed59995-6214-4996-b98b-750e85433920___GH_HL Leaf 474.JPG,Tomato_healthy,14,validation
D:\Plant-Disease-Detection\PlantVillage\Tomato_healthy\4ed95a13-f09b-452e-84d0-b4b6a94a022d___RS_HL 9975.JPG,Tomato_healthy,14,test
D:\Plant-Disease-Detection\PlantVillage\Tomato_healthy\4f09b157-f5d2-4f99-ac0a-1be52cc7a27d___RS_HL 0402.JPG,Tomato_healthy,14,test
D:\Plant-Disease-Detection\PlantVillage\Tomato_healthy\4f256237-9e94-4703-b128-8e91ffac8075___GH_HL Leaf 364.JPG,Tomato_healthy,14,train
D:\Plant-Disease-Detection\PlantVillage\Tomato_healthy\4f334ff5-0f0a-4d15-8760-448bebddd4f2___GH_HL Leaf 527.JPG,Tomato_healthy,14,test
D:\Plant-Disease-Detection\PlantVillage\Tomato_healthy\4f5dde42-a6ac-4886-8b9e-a944568ace95___RS_HL 0080.JPG,Tomato_healthy,14,train
D:\Plant-Disease-Detection\PlantVillage\Tomato_healthy\4f8ac9da-206a-40e3-b647-f691dcda931e___RS_HL 9819.JPG,Tomato_healthy,14,train
D:\Plant-Disease-Detection\PlantVillage\Tomato_healthy\4ff18566-4ef0-4492-85c6-5f8c94a2c20f___GH_HL Leaf 418.JPG,Tomato_healthy,14,train
D:\Plant-Disease-Detection\PlantVillage\Tomato_healthy\4ff86e18-434e-4d1d-819c-c40c908e064a___RS_HL 0273.JPG,Tomato_healthy,14,train
D:\Plant-Disease-Detection\PlantVillage\Tomato_healthy\5a7de071-ba6b-4a06-a3d4-eab0abdc6ecf___GH_HL Leaf 398.1.JPG,Tomato_healthy,14,train
D:\Plant-Disease-Detection\PlantVillage\Tomato_healthy\5a86d688-c358-481d-9618-ee14a5742234___RS_HL 0363.JPG,Tomato_healthy,14,train
D:\Plant-Disease-Detection\PlantVillage\Tomato_healthy\5ac6005e-d9b6-4847-bd28-e43038e02450___RS_HL 0489.JPG,Tomato_healthy,14,test
D:\Plant-Disease-Detection\PlantVillage\Tomato_healthy\5b2457f5-96d5-4bcd-8025-dc55e666f660___RS_HL 0605.JPG,Tomato_healthy,14,train
D:\Plant-Disease-Detection\PlantVillage\Tomato_healthy\5b28f6a8-cf40-4f35-82ad-16470dd69bd5___RS_HL 9658.JPG,Tomato_healthy,14,validation
D:\Plant-Disease-Detection\PlantVillage\Tomato_healthy\5b36f575-af3a-454c-b31f-2d4218fb5cca___GH_HL Leaf 487.JPG,Tomato_healthy,14,train
D:\Plant-Disease-Detection\PlantVillage\Tomato_healthy\5b626f17-8c30-4b6e-bd66-8da2b7476326___RS_HL 9851.JPG,Tomato_healthy,14,validation
D:\Plant-Disease-Detection\PlantVillage\Tomato_healthy\5b7b9824-0cdd-4c67-9377-136a0615d784___RS_HL 0056.JPG,Tomato_healthy,14,train
D:\Plant-Disease-Detection\PlantVillage\Tomato_healthy\5bded339-547a-4f93-b7cf-bbf8c948aa26___RS_HL 9748.JPG,Tomato_healthy,14,train
D:\Plant-Disease-Detection\PlantVillage\Tomato_healthy\5c00f8ca-ad19-4df3-a1ac-8b6aefc0ddd5___RS_HL 0319.JPG,Tomato_healthy,14,train
D:\Plant-Disease-Detection\PlantVillage\Tomato_healthy\5c057128-2d09-4757-8e44-520fb30f2b60___RS_HL 0525.JPG,Tomato_healthy,14,validation
D:\Plant-Disease-Detection\PlantVillage\Tomato_healthy\5c23afc6-7236-4f07-adcd-61b1f69e3fb2___RS_HL 9801.JPG,Tomato_healthy,14,validation
D:\Plant-Disease-Detection\PlantVillage\Tomato_healthy\5c4d21aa-76f8-4ab7-8440-65fd3cac640b___GH_HL Leaf 263.JPG,Tomato_healthy,14,train
D:\Plant-Disease-Detection\PlantVillage\Tomato_healthy\5c51ad21-b0e9-4b61-8980-d5e7a225b594___GH_HL Leaf 485.JPG,Tomato_healthy,14,test
D:\Plant-Disease-Detection\PlantVillage\Tomato_healthy\5d11d60f-fb4a-4178-9594-d017a0f51b59___GH_HL Leaf 271.JPG,Tomato_healthy,14,train
D:\Plant-Disease-Detection\PlantVillage\Tomato_healthy\5d1894ec-b384-4a2a-951c-0ef866776500___GH_HL Leaf 523.4.JPG,Tomato_healthy,14,train
D:\Plant-Disease-Detection\PlantVillage\Tomato_healthy\5d3ceaec-e677-475f-b8ec-1efa66a6c84b___RS_HL 0237.JPG,Tomato_healthy,14,train
D:\Plant-Disease-Detection\PlantVillage\Tomato_healthy\5d49f9d4-e27e-4220-933a-3bef2f44c437___GH_HL Leaf 502.3.JPG,Tomato_healthy,14,validation
D:\Plant-Disease-Detection\PlantVillage\Tomato_healthy\5d5b9f07-dd6a-4927-9ca0-92945e9ad8df___GH_HL Leaf 209.1.JPG,Tomato_healthy,14,train
D:\Plant-Disease-Detection\PlantVillage\Tomato_healthy\5dbc2db5-5bb2-4a3c-9a90-d2228c1462f8___RS_HL 9770.JPG,Tomato_healthy,14,train
D:\Plant-Disease-Detection\PlantVillage\Tomato_healthy\5dd2a498-7eff-4da7-9c0f-8c394103e52c___RS_HL 0611.JPG,Tomato_healthy,14,validation
D:\Plant-Disease-Detection\PlantVillage\Tomato_healthy\5df79085-2c00-41d6-ac0f-33a831a16d89___RS_HL 9634.JPG,Tomato_healthy,14,train
D:\Plant-Disease-Detection\PlantVillage\Tomato_healthy\5eaf5201-8fc1-48ed-ae25-7570796044f9___RS_HL 9993.JPG,Tomato_healthy,14,train
D:\Plant-Disease-Detection\PlantVillage\Tomato_healthy\5ecf00da-161c-4e2f-a525-b9223adce0b6___GH_HL Leaf 252.1.JPG,Tomato_healthy,14,train
D:\Plant-Disease-Detection\PlantVillage\Tomato_healthy\5f11bef5-6b09-4a9c-b0e1-6dfdd16f42d3___GH_HL Leaf 457.JPG,Tomato_healthy,14,train
D:\Plant-Disease-Detection\PlantVillage\Tomato_healthy\5f3f3da8-de1a-4cd8-af68-6801c9327834___RS_HL 9755.JPG,Tomato_healthy,14,train
D:\Plant-Disease-Detection\PlantVillage\Tomato_healthy\5f67b4d4-4503-4149-950b-6cd08a20aaf8___RS_HL 9696.JPG,Tomato_healthy,14,validation
D:\Plant-Disease-Detection\PlantVillage\Tomato_healthy\5f7d3261-84f4-4b85-b9e1-f15792638c2d___RS_HL 9676.JPG,Tomato_healthy,14,train
D:\Plant-Disease-Detection\PlantVillage\Tomato_healthy\5f8189f2-51cf-49b4-8a34-4955f26cf222___RS_HL 0352.JPG,Tomato_healthy,14,train
D:\Plant-Disease-Detection\PlantVillage\Tomato_healthy\5f887895-963a-4a96-8962-5af383dbe29a___GH_HL Leaf 425.1.JPG,Tomato_healthy,14,train
D:\Plant-Disease-Detection\PlantVillage\Tomato_healthy\5faa74ba-8f46-4b2b-a7bf-3bc8d9458526___RS_HL 9741.JPG,Tomato_healthy,14,train
D:\Plant-Disease-Detection\PlantVillage\Tomato_healthy\5fdf7f4f-4847-4492-bda8-01995d192e75___GH_HL Leaf 405.JPG,Tomato_healthy,14,train
D:\Plant-Disease-Detection\PlantVillage\Tomato_healthy\6a159b17-b233-4b65-ba45-9fbced7f1d39___RS_HL 0339.JPG,Tomato_healthy,14,test
D:\Plant-Disease-Detection\PlantVillage\Tomato_healthy\6a6628d5-27fe-44a1-abeb-f3892a5516ab___RS_HL 9858.JPG,Tomato_healthy,14,train
D:\Plant-Disease-Detection\PlantVillage\Tomato_healthy\6a74d0a9-4a5e-4dc2-9e14-aeade8b0c3b2___GH_HL Leaf 400.1.JPG,Tomato_healthy,14,train
D:\Plant-Disease-Detection\PlantVillage\Tomato_healthy\6a800f5d-f218-4c0b-b78b-7cedcc70a3aa___GH_HL Leaf 337.1.JPG,Tomato_healthy,14,train
D:\Plant-Disease-Detection\PlantVillage\Tomato_healthy\6a8b21cc-35c6-4e5e-8f9d-a4a3591cc665___RS_HL 9961.JPG,Tomato_healthy,14,validation
D:\Plant-Disease-Detection\PlantVillage\Tomato_healthy\6a9836cb-f987-4ccf-8841-f227989ff5ec___RS_HL 0045.JPG,Tomato_healthy,14,train
D:\Plant-Disease-Detection\PlantVillage\Tomato_healthy\6ab4b4b5-3d4f-496b-9b08-7fa87bcfe875___RS_HL 9670.JPG,Tomato_healthy,14,train
D:\Plant-Disease-Detection\PlantVillage\Tomato_healthy\6aed746b-e45b-40d6-addb-71bdd0456618___RS_HL 0638.JPG,Tomato_healthy,14,train
D:\Plant-Disease-Detection\PlantVillage\Tomato_healthy\6b53630d-c9df-4e67-a490-b1835772d9a0___GH_HL Leaf 450.2.JPG,Tomato_healthy,14,train
D:\Plant-Disease-Detection\PlantVillage\Tomato_healthy\6b9b1ad6-3e75-4378-ad97-7dc9b8fa084e___GH_HL Leaf 179.1.JPG,Tomato_healthy,14,train
D:\Plant-Disease-Detection\PlantVillage\Tomato_healthy\6bcd0525-7b7a-4503-aff0-73cc04db5105___RS_HL 9916.JPG,Tomato_healthy,14,train
D:\Plant-Disease-Detection\PlantVillage\Tomato_healthy\6be1ec13-6964-4706-b94a-069d4a8592cf___GH_HL Leaf 175.1.JPG,Tomato_healthy,14,train
D:\Plant-Disease-Detection\PlantVillage\Tomato_healthy\6c125a79-9b14-4a91-8f03-342910c7fe57___GH_HL Leaf 433.JPG,Tomato_healthy,14,train
D:\Plant-Disease-Detection\PlantVillage\Tomato_healthy\6c46af84-675e-4e35-8309-169c20ae8b62___RS_HL 0383.JPG,Tomato_healthy,14,train
D:\Plant-Disease-Detection\PlantVillage\Tomato_healthy\6c4da977-110b-4191-abfa-faa22ccc7dc7___RS_HL 9848.JPG,Tomato_healthy,14,train
D:\Plant-Disease-Detection\PlantVillage\Tomato_healthy\6c5ad7e4-a826-40af-abf9-0a9e6346e656___RS_HL 0196.JPG,Tomato_healthy,14,test
D:\Plant-Disease-Detection\PlantVillage\Tomato_healthy\6c8f3087-94d6-4cfb-83cd-93a59f2a646a___RS_HL 0433.JPG,Tomato_healthy,14,train
D:\Plant-Disease-Detection\PlantVillage\Tomato_healthy\6c93e40c-bd94-4583-8651-2b9d7215a392___RS_HL 0054.JPG,Tomato_healthy,14,test
D:\Plant-Disease-Detection\PlantVillage\Tomato_healthy\6ca96968-d8cd-4849-a0d5-0784e585d768___RS_HL 0302.JPG,Tomato_healthy,14,train
D:\Plant-Disease-Detection\PlantVillage\Tomato_healthy\6cabb19a-2a35-4897-a646-a13e3cf494c6___RS_HL 0591.JPG,Tomato_healthy,14,train
D:\Plant-Disease-Detection\PlantVillage\Tomato_healthy\6ce07d35-afb2-4290-9239-ef1dcb92acd8___GH_HL Leaf 492.1.JPG,Tomato_healthy,14,train
D:\Plant-Disease-Detection\PlantVillage\Tomato_healthy\6d0a4eb6-2a48-4fd6-9bb5-df05eeeb05a8___GH_HL Leaf 316.2.JPG,Tomato_healthy,14,train
D:\Plant-Disease-Detection\PlantVillage\Tomato_healthy\6d1dc982-e62e-448b-85bc-63b0d8363fa0___GH_HL Leaf 328.1.JPG,Tomato_healthy,14,train
D:\Plant-Disease-Detection\PlantVillage\Tomato_healthy\6d2b6ab9-dd43-446a-ae14-0fc3fb12b9ca___GH_HL Leaf 265.2.JPG,Tomato_healthy,14,test
D:\Plant-Disease-Detection\PlantVillage\Tomato_healthy\6d4285ef-e3f2-4cd3-a873-efdd989cf1cb___RS_HL 0182.JPG,Tomato_healthy,14,train
D:\Plant-Disease-Detection\PlantVillage\Tomato_healthy\6d4e6329-bb8c-417c-8d28-6241a22c0a86___GH_HL Leaf 411.JPG,Tomato_healthy,14,test
D:\Plant-Disease-Detection\PlantVillage\Tomato_healthy\6d6f479a-d165-46b3-95d8-43c4778c23f9___GH_HL Leaf 205.1.JPG,Tomato_healthy,14,train
D:\Plant-Disease-Detection\PlantVillage\Tomato_healthy\6d7934cb-69fc-48fe-b493-a64b349a9094___RS_HL 9930.JPG,Tomato_healthy,14,train
D:\Plant-Disease-Detection\PlantVillage\Tomato_healthy\6da1cf1b-a236-4d45-a390-dac6b65c45f7___GH_HL Leaf 264.JPG,Tomato_healthy,14,train
D:\Plant-Disease-Detection\PlantVillage\Tomato_healthy\6dca3464-9e71-4edf-9ca5-746b5eebe418___GH_HL Leaf 352.JPG,Tomato_healthy,14,train
D:\Plant-Disease-Detection\PlantVillage\Tomato_healthy\6ddb8b0b-5d74-4381-8787-6229de8d51fc___GH_HL Leaf 378.JPG,Tomato_healthy,14,train
D:\Plant-Disease-Detection\PlantVillage\Tomato_healthy\6dde71bb-a416-41eb-a629-7b4541e85cfc___RS_HL 9734.JPG,Tomato_healthy,14,train
D:\Plant-Disease-Detection\PlantVillage\Tomato_healthy\6e1abdb8-4020-48c9-9488-2d320e8d5a4d___RS_HL 0168.JPG,Tomato_healthy,14,train
D:\Plant-Disease-Detection\PlantVillage\Tomato_healthy\6e3fca10-be50-4074-ada4-3122e864d4e0___GH_HL Leaf 294.1.JPG,Tomato_healthy,14,train
D:\Plant-Disease-Detection\PlantVillage\Tomato_healthy\6e41f26a-5ce7-4fba-9fb5-e6a886b55f75___GH_HL Leaf 230.JPG,Tomato_healthy,14,train
D:\Plant-Disease-Detection\PlantVillage\Tomato_healthy\6e48af01-e836-4cdd-9b99-867d421c2ff3___RS_HL 9760.JPG,Tomato_healthy,14,validation
D:\Plant-Disease-Detection\PlantVillage\Tomato_healthy\6e583c78-1f36-4d5e-bc0e-24f3c76a2c1d___RS_HL 0284.JPG,Tomato_healthy,14,train
D:\Plant-Disease-Detection\PlantVillage\Tomato_healthy\6e970455-6b05-4c23-82e0-ce913197ff8e___RS_HL 9684.JPG,Tomato_healthy,14,train
D:\Plant-Disease-Detection\PlantVillage\Tomato_healthy\78c0dc05-0bac-43fd-81b5-b10b61f666cd___GH_HL Leaf 481.5.JPG,Tomato_healthy,14,train
D:\Plant-Disease-Detection\PlantVillage\Tomato_healthy\79ceff7d-4092-419c-b7c1-340ae2dc0605___RS_HL 0225.JPG,Tomato_healthy,14,train
D:\Plant-Disease-Detection\PlantVillage\Tomato_healthy\79debbff-9c0f-4a5c-a4c7-4b2bc97406dc___RS_HL 0244.JPG,Tomato_healthy,14,train
D:\Plant-Disease-Detection\PlantVillage\Tomato_healthy\79e298b2-32c5-40c6-abb7-67bb7f174751___GH_HL Leaf 391.JPG,Tomato_healthy,14,test
D:\Plant-Disease-Detection\PlantVillage\Tomato_healthy\79e38a3e-8170-44e3-a7ce-e00bbbcf24dc___GH_HL Leaf 460.JPG,Tomato_healthy,14,train
D:\Plant-Disease-Detection\PlantVillage\Tomato_healthy\80ad21d3-4571-49bd-a96e-2f75e9a9b673___RS_HL 9729.JPG,Tomato_healthy,14,train
D:\Plant-Disease-Detection\PlantVillage\Tomato_Late_blight\0003faa8-4b27-4c65-bf42-6d9e352ca1a5___RS_Late.B 4946.JPG,Tomato_Late_blight,7,train
D:\Plant-Disease-Detection\PlantVillage\Tomato_Late_blight\008ebb44-eb77-4843-b621-4b88b5df7d43___RS_Late.B 5188.JPG,Tomato_Late_blight,7,test
D:\Plant-Disease-Detection\PlantVillage\Tomato_Late_blight\013f987a-9371-4763-a104-ea6f326e584b___GHLB2 Leaf 8556.JPG,Tomato_Late_blight,7,train
D:\Plant-Disease-Detection\PlantVillage\Tomato_Late_blight\014d4972-1301-46d3-afc4-56470b774137___GHLB2 Leaf 8831.JPG,Tomato_Late_blight,7,train
D:\Plant-Disease-Detection\PlantVillage\Tomato_Late_blight\014eee0c-8000-4762-b4b8-63ecc2fadc13___GHLB2ES Leaf 69.1.JPG,Tomato_Late_blight,7,train
D:\Plant-Disease-Detection\PlantVillage\Tomato_Late_blight\0172b2ff-6f6f-43e1-9a63-ea4bb2bce450___GHLB_PS Leaf 17 Day 9.jpg,Tomato_Late_blight,7,validation
D:\Plant-Disease-Detection\PlantVillage\Tomato_Late_blight\017a9839-6097-45aa-85b0-3051db151484___RS_Late.B 5125.JPG,Tomato_Late_blight,7,train
D:\Plant-Disease-Detection\PlantVillage\Tomato_Late_blight\01c391d2-1b3a-4b58-b205-a75674bba6e9___GHLB2 Leaf 8824.JPG,Tomato_Late_blight,7,validation
D:\Plant-Disease-Detection\PlantVillage\Tomato_Late_blight\01cd2d73-c741-45a5-9610-a2cea2266b80___GHLB2 Leaf 121.JPG,Tomato_Late_blight,7,validation
D:\Plant-Disease-Detection\PlantVillage\Tomato_Late_blight\01d9be0b-c5e7-49db-8cdf-46bd0ef2c6e7___RS_Late.B 7066.JPG,Tomato_Late_blight,7,train
D:\Plant-Disease-Detection\PlantVillage\Tomato_Late_blight\01ebf21e-ef94-4c92-b007-0b26741c2fc8___GHLB2 Leaf 9075.JPG,Tomato_Late_blight,7,test
D:\Plant-Disease-Detection\PlantVillage\Tomato_Late_blight\01ece5a1-8398-4e68-a9e3-198c57b51b01___GHLB2 Leaf 8757.JPG,Tomato_Late_blight,7,test
D:\Plant-Disease-Detection\PlantVillage\Tomato_Late_blight\021a9808-21f7-464a-8df2-2eda5ed98eda___RS_Late.B 5356.JPG,Tomato_Late_blight,7,train
D:\Plant-Disease-Detection\PlantVillage\Tomato_Late_blight\021ca736-df21-458a-9010-fab4803f08fe___RS_Late.B 7010.JPG,Tomato_Late_blight,7,train
D:\Plant-Disease-Detection\PlantVillage\Tomato_Late_blight\0220afd9-d40e-4b72-8405-78b417c7b8af___GHLB2 Leaf 8987.JPG,Tomato_Late_blight,7,test
D:\Plant-Disease-Detection\PlantVillage\Tomato_Late_blight\024dc5bb-7990-4256-b2b4-a8495b71cbd4___RS_Late.B 6064.JPG,Tomato_Late_blight,7,train
D:\Plant-Disease-Detection\PlantVillage\Tomato_Late_blight\031ab3ab-02f4-4397-9886-54345461580d___RS_Late.B 6654.JPG,Tomato_Late_blight,7,train
D:\Plant-Disease-Detection\PlantVillage\Tomato_Late_blight\037c55c7-6e33-4b8d-af05-4d555f4e658e___GHLB_PS Leaf 42.1 Day 18.jpg,Tomato_Late_blight,7,train
D:\Plant-Disease-Detection\PlantVillage\Tomato_Late_blight\039e5d57-64e2-41de-8ccf-e44598bcedb0___RS_Late.B 6883.JPG,Tomato_Late_blight,7,train
D:\Plant-Disease-Detection\PlantVillage\Tomato_Late_blight\03e8a2f9-6a7e-43dd-8a1b-3eb7cf99b89b___RS_Late.B 5034.JPG,Tomato_Late_blight,7,train
D:\Plant-Disease-Detection\PlantVillage\Tomato_Late_blight\03f008be-5b97-4827-a2e2-88136b3c8714___RS_Late.B 6290.JPG,Tomato_Late_blight,7,train
D:\Plant-Disease-Detection\PlantVillage\Tomato_Late_blight\046c65f2-b155-4018-b161-825191c5faaa___RS_Late.B 5042.JPG,Tomato_Late_blight,7,train
D:\Plant-Disease-Detection\PlantVillage\Tomato_Late_blight\048eddf2-6142-4031-b23a-654cc3803d01___RS_Late.B 6097.JPG,Tomato_Late_blight,7,train
D:\Plant-Disease-Detection\PlantVillage\Tomato_Late_blight\049dbcab-de65-4f09-9b1b-e59886f56f2e___RS_Late.B 5141.JPG,Tomato_Late_blight,7,validation
D:\Plant-Disease-Detection\PlantVillage\Tomato_Late_blight\04ba0ca5-c52c-4bab-897b-2d38f7835a03___RS_Late.B 5631.JPG,Tomato_Late_blight,7,train
D:\Plant-Disease-Detection\PlantVillage\Tomato_Late_blight\07cca2ca-6b0f-4322-8779-beb94bc219b0___RS_Late.B 6037.JPG,Tomato_Late_blight,7,train
D:\Plant-Disease-Detection\PlantVillage\Tomato_Late_blight\07d7ad48-0740-4cf5-9a26-91fd9296d6b3___RS_Late.B 5464.JPG,Tomato_Late_blight,7,validation
D:\Plant-Disease-Detection\PlantVillage\Tomato_Late_blight\07eb29e8-112d-4bcb-8b65-aba4b4307f2a___RS_Late.B 6907.JPG,Tomato_Late_blight,7,train
D:\Plant-Disease-Detection\PlantVillage\Tomato_Late_blight\08a723e4-6b51-4395-8013-b1f3f03709b8___GHLB2 Leaf 8967.JPG,Tomato_Late_blight,7,train
D:\Plant-Disease-Detection\PlantVillage\Tomato_Late_blight\08a94695-4566-49aa-84df-91980c3534a2___RS_Late.B 5396.JPG,Tomato_Late_blight,7,train
D:\Plant-Disease-Detection\PlantVillage\Tomato_Late_blight\08c1db4d-e947-4499-beff-ed2d8025d725___RS_Late.B 6113.JPG,Tomato_Late_blight,7,train
D:\Plant-Disease-Detection\PlantVillage\Tomato_Late_blight\08f6ed0a-4cd0-4bd3-8983-469002cad2d9___GHLB2 Leaf 9078.JPG,Tomato_Late_blight,7,test
D:\Plant-Disease-Detection\PlantVillage\Tomato_Late_blight\09cdb8a4-0c20-4acd-b4c8-709fad7010fd___GHLB_PS Leaf 37 Day 16.jpg,Tomato_Late_blight,7,train
D:\Plant-Disease-Detection\PlantVillage\Tomato_Late_blight\09d2deda-7403-489f-b723-5ae5e00e2311___GHLB2 Leaf 8756.JPG,Tomato_Late_blight,7,train
D:\Plant-Disease-Detection\PlantVillage\Tomato_Late_blight\0a39aa48-3f94-4696-9e43-ff4a93529dc3___RS_Late.B 5103.JPG,Tomato_Late_blight,7,train
D:\Plant-Disease-Detection\PlantVillage\Tomato_Late_blight\0a3f65fc-ef1c-4aed-b235-46bae4e5c0e7___GHLB2 Leaf 9065.JPG,Tomato_Late_blight,7,train
D:\Plant-Disease-Detection\PlantVillage\Tomato_Late_blight\0a4b3cde-c83a-4c83-b037-010369738152___RS_Late.B 6985.JPG,Tomato_Late_blight,7,train
D:\Plant-Disease-Detection\PlantVillage\Tomato_Late_blight\0a6203b9-ced0-4934-ae23-4a7d2e2e2fdd___RS_Late.B 6424.JPG,Tomato_Late_blight,7,train
D:\Plant-Disease-Detection\PlantVillage\Tomato_Late_blight\0a8967d4-bb72-4fe4-8096-55fc57437557___RS_Late.B 6974.JPG,Tomato_Late_blight,7,train
D:\Plant-Disease-Detection\PlantVillage\Tomato_Late_blight\0ab1cab4-a0c9-4323-9a64-cdafa4342a9b___GHLB2 Leaf 8918.JPG,Tomato_Late_blight,7,train
D:\Plant-Disease-Detection\PlantVillage\Tomato_Late_blight\118be78d-e498-427f-8399-add5e8ab1b15___GHLB2 Leaf 149.3.JPG,Tomato_Late_blight,7,validation
D:\Plant-Disease-Detection\PlantVillage\Tomato_Late_blight\123c4b62-8641-4d88-b8cd-1c2e24a6c3a5___GHLB_PS Leaf 26.2 Day 13.jpg,Tomato_Late_blight,7,train
D:\Plant-Disease-Detection\PlantVillage\Tomato_Late_blight\126e12d3-3d51-4ba6-861f-e6ed09ee951f___GHLB2 Leaf 9021.JPG,Tomato_Late_blight,7,train
D:\Plant-Disease-Detection\PlantVillage\Tomato_Late_blight\127f2df5-4da2-40ef-ba65-91a732f2498e___GHLB_PS Leaf 40.1 Day 18.jpg,Tomato_Late_blight,7,train
D:\Plant-Disease-Detection\PlantVillage\Tomato_Late_blight\136d79a3-4eea-4415-9f3e-0ccb61d7aeef___RS_Late.B 5216.JPG,Tomato_Late_blight,7,train
D:\Plant-Disease-Detection\PlantVillage\Tomato_Late_blight\13adbb9e-c4e1-46bd-8621-ae351dd464ca___RS_Late.B 6595.JPG,Tomato_Late_blight,7,test
D:\Plant-Disease-Detection\PlantVillage\Tomato_Late_blight\142fbb48-886a-4b2b-8a2a-52e548e7e2b7___GHLB2 Leaf 117.3.JPG,Tomato_Late_blight,7,train
D:\Plant-Disease-Detection\PlantVillage\Tomato_Late_blight\146b33cf-e412-48fd-9366-ad726b51889e___GHLB2 Leaf 157.1.JPG,Tomato_Late_blight,7,train
D:\Plant-Disease-Detection\PlantVillage\Tomato_Late_blight\149b8460-2bf2-409a-ad61-b8f34d33cd82___RS_Late.B 6826.JPG,Tomato_Late_blight,7,test
D:\Plant-Disease-Detection\PlantVillage\Tomato_Late_blight\14f55718-8942-41c1-9f1b-f5062aeb0ad8___GHLB2 Leaf 8905.JPG,Tomato_Late_blight,7,validation
D:\Plant-Disease-Detection\PlantVillage\Tomato_Late_blight\151c010a-021f-459d-a456-63ebaf19b2d5___GHLB2 Leaf 9104.JPG,Tomato_Late_blight,7,train
D:\Plant-Disease-Detection\PlantVillage\Tomato_Late_blight\15dc06c9-506a-470b-a015-14dcb585389f___GHLB_PS Leaf 15 Day 8.jpg,Tomato_Late_blight,7,train
D:\Plant-Disease-Detection\PlantVillage\Tomato_Late_blight\15e1e8d7-e05a-4dc1-b872-364b15f004f0___RS_Late.B 4873.JPG,Tomato_Late_blight,7,train
D:\Plant-Disease-Detection\PlantVillage\Tomato_Late_blight\15f05055-2bb1-45f7-8a39-fce071823266___RS_Late.B 6082.JPG,Tomato_Late_blight,7,train
D:\Plant-Disease-Detection\PlantVillage\Tomato_Late_blight\16a3a1a3-3e8b-4192-999d-2728df11549d___RS_Late.B 4983.JPG,Tomato_Late_blight,7,train
D:\Plant-Disease-Detection\PlantVillage\Tomato_Late_blight\16ac8a43-f720-4fd9-ac41-016523612f38___RS_Late.B 4898.JPG,Tomato_Late_blight,7,train
D:\Plant-Disease-Detection\PlantVillage\Tomato_Late_blight\16b43113-cc8c-4082-a88f-648b79036e49___GHLB_PS Leaf 23.4 Day 13.jpg,Tomato_Late_blight,7,train
D:\Plant-Disease-Detection\PlantVillage\Tomato_Late_blight\16c1763a-8e49-436c-865e-be56d8dadf4f___GHLB2 Leaf 9107.JPG,Tomato_Late_blight,7,validation
D:\Plant-Disease-Detection\PlantVillage\Tomato_Late_blight\16e4a1f9-21c2-4c1a-bdbc-1336da74ba2c___GHLB2 Leaf 145.3.JPG,Tomato_Late_blight,7,train
D:\Plant-Disease-Detection\PlantVillage\Tomato_Late_blight\176dc34e-840a-40ae-889f-4e945d0de77d___GHLB2 Leaf 9000.JPG,Tomato_Late_blight,7,test
D:\Plant-Disease-Detection\PlantVillage\Tomato_Late_blight\178eb3a0-a4c6-4c2b-8bad-e11d66a76f52___RS_Late.B 4886.JPG,Tomato_Late_blight,7,validation
D:\Plant-Disease-Detection\PlantVillage\Tomato_Late_blight\17b9f7ec-5126-4d11-8c1b-a679e0fb9e74___GHLB2 Leaf 114.JPG,Tomato_Late_blight,7,train
D:\Plant-Disease-Detection\PlantVillage\Tomato_Late_blight\17fcb016-4663-4f95-bc0b-b40392235015___GHLB_PS Leaf 35.1 Day 13.jpg,Tomato_Late_blight,7,train
D:\Plant-Disease-Detection\PlantVillage\Tomato_Late_blight\189f8e47-0892-4c82-b0b9-7a51b6c83a04___RS_Late.B 7193.JPG,Tomato_Late_blight,7,validation
D:\Plant-Disease-Detection\PlantVillage\Tomato_Late_blight\18ab423e-c11a-4800-a84b-4598f08560d8___RS_Late.B 6571.JPG,Tomato_Late_blight,7,train
D:\Plant-Disease-Detection\PlantVillage\Tomato_Late_blight\18cb836c-f351-41e4-933a-fae2feb4b9ad___RS_Late.B 6050.JPG,Tomato_Late_blight,7,train
D:\Plant-Disease-Detection\PlantVillage\Tomato_Late_blight\19b2b71e-d648-46fb-921d-a7858a1c67c7___GHLB2 Leaf 9102.JPG,Tomato_Late_blight,7,train
D:\Plant-Disease-Detection\PlantVillage\Tomato_Late_blight\19bfccfd-5df8-41be-910e-2c5f3eae3573___GHLB2 Leaf 8597.JPG,Tomato_Late_blight,7,train
D:\Plant-Disease-Detection\PlantVillage\Tomato_Late_blight\19f3e2cd-2900-4043-bb15-31a0098d26b9___RS_Late.B 5197.JPG,Tomato_Late_blight,7,train
D:\Plant-Disease-Detection\PlantVillage\Tomato_Late_blight\1ac4f6ea-d2d0-4b94-93f0-788a5e92fe90___GHLB2 Leaf 8707.JPG,Tomato_Late_blight,7,train
D:\Plant-Disease-Detection\PlantVillage\Tomato_Late_blight\1af98b62-adaf-43d0-b4eb-83ab3f1ee084___RS_Late.B 4908.JPG,Tomato_Late_blight,7,train
D:\Plant-Disease-Detection\PlantVillage\Tomato_Late_blight\1b212ad6-e65a-4467-bfd1-9f9139070d33___GHLB2 Leaf 8609.JPG,Tomato_Late_blight,7,test
D:\Plant-Disease-Detection\PlantVillage\Tomato_Late_blight\1b2756ef-4fa0-410a-8fe5-a8b699d3553e___GHLB2 Leaf 156.2.JPG,Tomato_Late_blight,7,test
D:\Plant-Disease-Detection\PlantVillage\Tomato_Late_blight\1b36d656-ee17-43a1-8f47-0d163c69f754___RS_Late.B 5605.JPG,Tomato_Late_blight,7,train
D:\Plant-Disease-Detection\PlantVillage\Tomato_Late_blight\1b5ec98a-5be3-408c-8d8c-e3042f68e225___RS_Late.B 5016.JPG,Tomato_Late_blight,7,train
D:\Plant-Disease-Detection\PlantVillage\Tomato_Late_blight\1b7d11ff-e94c-45cb-9ef2-6430f989e90e___GHLB2 Leaf 120.1.JPG,Tomato_Late_blight,7,validation
D:\Plant-Disease-Detection\PlantVillage\Tomato_Late_blight\1ba00fc3-a45b-4d23-94da-5e090ba7f3d3___RS_Late.B 6403.JPG,Tomato_Late_blight,7,validation
D:\Plant-Disease-Detection\PlantVillage\Tomato_Late_blight\1bfebfc9-3eda-4889-bdb1-75a8929a1b4f___GHLB_PS Leaf 48 Day 18.jpg,Tomato_Late_blight,7,train
D:\Plant-Disease-Detection\PlantVillage\Tomato_Late_blight\1c0bc46f-d72f-4826-9cb4-8879d80cac73___GHLB2 Leaf 9012.JPG,Tomato_Late_blight,7,test
D:\Plant-Disease-Detection\PlantVillage\Tomato_Late_blight\1c35f7ce-8e8e-4c20-b625-b01f9bf7d0cd___GHLB2 Leaf 111.JPG,Tomato_Late_blight,7,test
D:\Plant-Disease-Detection\PlantVillage\Tomato_Late_blight\1c5deb80-6bde-4aa4-843e-c69f80b7713a___RS_Late.B 6874.JPG,Tomato_Late_blight,7,train
D:\Plant-Disease-Detection\PlantVillage\Tomato_Late_blight\1c6b66db-9891-41cc-972f-a3521deee072___RS_Late.B 5589.JPG,Tomato_Late_blight,7,train
D:\Plant-Disease-Detection\PlantVillage\Tomato_Late_blight\1c74783c-7863-4b1b-bf1a-6b3ef55b34b8___RS_Late.B 7094.JPG,Tomato_Late_blight,7,train
D:\Plant-Disease-Detection\PlantVillage\Tomato_Late_blight\1c8bf271-8455-42f5-8e9f-8a92418116f9___GHLB2 Leaf 9066.JPG,Tomato_Late_blight,7,train
D:\Plant-Disease-Detection\PlantVillage\Tomato_Late_blight\1cb5d336-3649-49bf-aa9a-72950067b8b0___GHLB_PS Leaf 12 Day 9.jpg,Tomato_Late_blight,7,train
D:\Plant-Disease-Detection\PlantVillage\Tomato_Late_blight\1d6d043a-9df9-49ec-9b0f-e40a8e7f409f___RS_Late.B 5287.JPG,Tomato_Late_blight,7,test
D:\Plant-Disease-Detection\PlantVillage\Tomato_Late_blight\1d83eef4-92a0-42a2-9ea7-1ec2e683dbc0___GHLB2 Leaf 8809.JPG,Tomato_Late_blight,7,train
D:\Plant-Disease-Detection\PlantVillage\Tomato_Late_blight\1db51a76-0e89-45c6-8f00-9262c1c7732e___GHLB2ES Leaf 139.JPG,Tomato_Late_blight,7,test
D:\Plant-Disease-Detection\PlantVillage\Tomato_Late_blight\1def69ef-c2f3-4052-8f02-b397428c7580___GHLB2 Leaf 8627.JPG,Tomato_Late_blight,7,train
D:\Plant-Disease-Detection\PlantVillage\Tomato_Late_blight\1e095cdc-6a71-4ae4-9709-be97b5668454___GHLB2 Leaf 8845.JPG,Tomato_Late_blight,7,test
D:\Plant-Disease-Detection\PlantVillage\Tomato_Late_blight\1e0adf6c-906f-4e8f-bfea-cdebf491f3bb___GHLB2 Leaf 8572.JPG,Tomato_Late_blight,7,train
D:\Plant-Disease-Detection\PlantVillage\Tomato_Late_blight\1e0c01b6-5d75-47ea-b455-c9508882424a___RS_Late.B 6886.JPG,Tomato_Late_blight,7,validation
D:\Plant-Disease-Detection\PlantVillage\Tomato_Late_blight\1e2fe7d3-3d69-4cf6-aef7-e9975940bd40___GHLB2 Leaf 77.JPG,Tomato_Late_blight,7,test
D:\Plant-Disease-Detection\PlantVillage\Tomato_Late_blight\1e55a2c0-6618-4c42-93a6-cfc8a9d5ca77___GHLB2 Leaf 9039.JPG,Tomato_Late_blight,7,train
D:\Plant-Disease-Detection\PlantVillage\Tomato_Late_blight\1e5ba644-efeb-4bd3-b878-a0606cf8a992___RS_Late.B 6272.JPG,Tomato_Late_blight,7,validation
D:\Plant-Disease-Detection\PlantVillage\Tomato_Late_blight\1e65a5c4-ba60-4edb-817c-c281d5a5e364___GHLB2 Leaf 9079.JPG,Tomato_Late_blight,7,train
D:\Plant-Disease-Detection\PlantVillage\Tomato_Late_blight\1ea54b98-1f87-4da7-9bc2-f6460f18b376___RS_Late.B 6713.JPG,Tomato_Late_blight,7,train
D:\Plant-Disease-Detection\PlantVillage\Tomato_Late_blight\1eacb98a-d88b-4e86-bbb8-19ec6a4e6c67___GHLB2 Leaf 148.2.JPG,Tomato_Late_blight,7,train
D:\Plant-Disease-Detection\PlantVillage\Tomato_Late_blight\1ec9c019-1594-4916-a04c-65b87eceb8ca___RS_Late.B 6069.JPG,Tomato_Late_blight,7,train
D:\Plant-Disease-Detection\PlantVillage\Tomato_Late_blight\1f2dc4ae-5264-443a-a103-67fafb37bc70___GHLB_PS Leaf 26.1 Day 16.jpg,Tomato_Late_blight,7,train
D:\Plant-Disease-Detection\PlantVillage\Tomato_Late_blight\207dbe65-2d3b-4820-ab49-2a1db65f9bec___RS_Late.B 5485.JPG,Tomato_Late_blight,7,train
D:\Plant-Disease-Detection\PlantVillage\Tomato_Late_blight\207dee29-3d2e-4f08-9642-ef4c932fb280___GHLB2 Leaf 8608.JPG,Tomato_Late_blight,7,test
D:\Plant-Disease-Detection\PlantVillage\Tomato_Late_blight\20ab7535-34d8-4bac-b3a7-4fa929a1bed3___GHLB2 Leaf 59.1.JPG,Tomato_Late_blight,7,validation
D:\Plant-Disease-Detection\PlantVillage\Tomato_Late_blight\20b33342-6c05-4cab-9008-6f09548a0db9___RS_Late.B 5128.JPG,Tomato_Late_blight,7,validation
D:\Plant-Disease-Detection\PlantVillage\Tomato_Late_blight\20fe383e-d172-4aee-b76c-d82420e93b0c___RS_Late.B 5519.JPG,Tomato_Late_blight,7,train
D:\Plant-Disease-Detection\PlantVillage\Tomato_Late_blight\21a4f74f-08cb-44b8-9e40-3ff5a9c8a9da___GHLB Leaf 8.2 Day 7.JPG,Tomato_Late_blight,7,validation
D:\Plant-Disease-Detection\PlantVillage\Tomato_Late_blight\21a75fcc-4cfa-4931-800d-7aefdea77df2___GHLB2 Leaf 8726.JPG,Tomato_Late_blight,7,train
D:\Plant-Disease-Detection\PlantVillage\Tomato_Late_blight\21f3629a-8126-4f23-85c5-05636ff87644___RS_Late.B 6906.JPG,Tomato_Late_blight,7,train
D:\Plant-Disease-Detection\PlantVillage\Tomato_Late_blight\225d8d96-41c1-4a03-b02d-0c1ca8c2017a___RS_Late.B 6795.JPG,Tomato_Late_blight,7,train
D:\Plant-Disease-Detection\PlantVillage\Tomato_Late_blight\226a2cf0-d065-492d-93bf-502dae8aca94___RS_Late.B 6417.JPG,Tomato_Late_blight,7,train
D:\Plant-Disease-Detection\PlantVillage\Tomato_Late_blight\22a34aab-076c-4e49-a584-9377c07b45aa___RS_Late.B 4866.JPG,Tomato_Late_blight,7,train
D:\Plant-Disease-Detection\PlantVillage\Tomato_Late_blight\22c36fa3-849f-4918-8790-99a8bda1e527___RS_Late.B 5987.JPG,Tomato_Late_blight,7,train
D:\Plant-Disease-Detection\PlantVillage\Tomato_Late_blight\231be16a-304a-48ce-a243-0b4d95c59681___GHLB2 Leaf 121.2.JPG,Tomato_Late_blight,7,train
D:\Plant-Disease-Detection\PlantVillage\Tomato_Late_blight\231e8502-72a3-4717-9ab7-919d02f6be1b___GHLB_PS Leaf 27.4 Day 13.jpg,Tomato_Late_blight,7,validation
D:\Plant-Disease-Detection\PlantVillage\Tomato_Late_blight\233f5fca-7077-4175-a29f-57f310ea7879___GHLB_PS Leaf 51 Day 18.jpg,Tomato_Late_blight,7,train
D:\Plant-Disease-Detection\PlantVillage\Tomato_Late_blight\239c7429-bf86-4ee3-9271-74314374ba35___RS_Late.B 6616.JPG,Tomato_Late_blight,7,test
D:\Plant-Disease-Detection\PlantVillage\Tomato_Late_blight\23c5c930-6830-46c6-8353-616c0b34ae12___RS_Late.B 4947.JPG,Tomato_Late_blight,7,test
D:\Plant-Disease-Detection\PlantVillage\Tomato_Late_blight\240b17f3-2b2b-4ff4-add7-4ba2975f4837___RS_Late.B 5130.JPG,Tomato_Late_blight,7,train
D:\Plant-Disease-Detection\PlantVillage\Tomato_Late_blight\246cb5c4-d52f-4ba4-a77c-915f5a5c7d2b___GHLB2 Leaf 85.2.JPG,Tomato_Late_blight,7,test
D:\Plant-Disease-Detection\PlantVillage\Tomato_Late_blight\24c41335-1ad7-4b68-9756-577ed8cf3525___GHLB2 Leaf 144.1.JPG,Tomato_Late_blight,7,train
D:\Plant-Disease-Detection\PlantVillage\Tomato_Late_blight\25a83fb3-e27a-419c-a9db-652fae319fcd___RS_Late.B 6191.JPG,Tomato_Late_blight,7,train
D:\Plant-Disease-Detection\PlantVillage\Tomato_Late_blight\25b8f158-e12f-4f16-b968-f9e891264d28___RS_Late.B 6041.JPG,Tomato_Late_blight,7,validation
D:\Plant-Disease-Detection\PlantVillage\Tomato_Late_blight\25bb0739-cbd4-4e75-a6f4-67ca5cc7f986___GHLB2 Leaf 8789.JPG,Tomato_Late_blight,7,test
D:\Plant-Disease-Detection\PlantVillage\Tomato_Late_blight\25bfd51b-6db7-42a5-9990-992f52a0c836___GHLB2 Leaf 61.JPG,Tomato_Late_blight,7,train
D:\Plant-Disease-Detection\PlantVillage\Tomato_Late_blight\25de48a3-1b15-42cd-9e6c-795207f252c8___RS_Late.B 5237.JPG,Tomato_Late_blight,7,train
D:\Plant-Disease-Detection\PlantVillage\Tomato_Late_blight\25fa2bdf-15e3-4330-8e54-1cbf6b714d3d___GHLB2 Leaf 133.JPG,Tomato_Late_blight,7,train
D:\Plant-Disease-Detection\PlantVillage\Tomato_Late_blight\26a317de-3882-41ca-a83d-5f1f106b9a85___RS_Late.B 4967.JPG,Tomato_Late_blight,7,train
D:\Plant-Disease-Detection\PlantVillage\Tomato_Late_blight\26a758e3-7804-4240-b1da-b6b6691355ca___RS_Late.B 4951.JPG,Tomato_Late_blight,7,train
D:\Plant-Disease-Detection\PlantVillage\Tomato_Late_blight\26c09416-7271-4262-9ddc-fb741bedce05___GHLB2 Leaf 97.1.JPG,Tomato_Late_blight,7,train
D:\Plant-Disease-Detection\PlantVillage\Tomato_Late_blight\26d22895-7a72-4e27-99b7-222618d69b7b___RS_Late.B 5111.JPG,Tomato_Late_blight,7,train
D:\Plant-Disease-Detection\PlantVillage\Tomato_Late_blight\26deb2c1-3321-46e1-b900-c27853632d65___RS_Late.B 5561.JPG,Tomato_Late_blight,7,train
D:\Plant-Disease-Detection\PlantVillage\Tomato_Late_blight\26fa9fb7-10fa-496c-9433-e4053ff456da___RS_Late.B 4867.JPG,Tomato_Late_blight,7,train
D:\Plant-Disease-Detection\PlantVillage\Tomato_Late_blight\27a3a882-d241-4b46-9606-04e7fcaced25___GHLB2 Leaf 8599.JPG,Tomato_Late_blight,7,train
D:\Plant-Disease-Detection\PlantVillage\Tomato_Late_blight\27dcd39d-4a04-472c-ab97-84f2d57b6245___GHLB2 Leaf 83.JPG,Tomato_Late_blight,7,validation
D:\Plant-Disease-Detection\PlantVillage\Tomato_Late_blight\27dd7c54-809f-445e-97a5-ba0792d4592b___RS_Late.B 6371.JPG,Tomato_Late_blight,7,train
D:\Plant-Disease-Detection\PlantVillage\Tomato_Late_blight\27ffa018-265a-4ae7-9c3d-66586f28f342___GHLB2 Leaf 9044.JPG,Tomato_Late_blight,7,train
D:\Plant-Disease-Detection\PlantVillage\Tomato_Late_blight\28d8dd2a-d5d1-427c-8c58-383af4a8b2d1___GHLB2 Leaf 9041.JPG,Tomato_Late_blight,7,train
D:\Plant-Disease-Detection\PlantVillage\Tomato_Late_blight\28d91e73-4362-4a5f-bceb-980f5a0e1f8e___RS_Late.B 6228.JPG,Tomato_Late_blight,7,train
D:\Plant-Disease-Detection\PlantVillage\Tomato_Late_blight\28e858c2-03ac-423c-8e0c-72e38a5634d9___GHLB_PS Leaf 2.2 Day 13.jpg,Tomato_Late_blight,7,train
D:\Plant-Disease-Detection\PlantVillage\Tomato_Late_blight\28f782dd-1c8a-439d-9eb6-e55c52ef45bd___RS_Late.B 5447.JPG,Tomato_Late_blight,7,train
D:\Plant-Disease-Detection\PlantVillage\Tomato_Late_blight\29e924db-ef09-49f2-9db3-e3c548a444d5___GHLB_PS Leaf 17.1 Day 9.jpg,Tomato_Late_blight,7,train
D:\Plant-Disease-Detection\PlantVillage\Tomato_Late_blight\29e99d11-44d0-4c6c-8183-c3e7be56ce58___RS_Late.B 7093.JPG,Tomato_Late_blight,7,train
D:\Plant-Disease-Detection\PlantVillage\Tomato_Late_blight\29eb16c9-e283-46f3-b373-4cfb2cd511d2___GHLB2 Leaf 9055.JPG,Tomato_Late_blight,7,test
D:\Plant-Disease-Detection\PlantVillage\Tomato_Late_blight\29f85d31-a9c2-404a-b7bc-9a5b9cd7aa88___RS_Late.B 5541.JPG,Tomato_Late_blight,7,train
D:\Plant-Disease-Detection\PlantVillage\Tomato_Late_blight\30f95811-1559-4076-a66b-25e3209c7db6___GHLB2ES Leaf 136.JPG,Tomato_Late_blight,7,validation
D:\Plant-Disease-Detection\PlantVillage\Tomato_Late_blight\31ba9bec-b1f2-49ee-b531-df197dc83ac5___GHLB2 Leaf 116.JPG,Tomato_Late_blight,7,train
D:\Plant-Disease-Detection\PlantVillage\Tomato_Late_blight\31df9041-c8b0-4ebb-93f7-cdac5338723b___GHLB Leaf 3.1 Day 1.JPG,Tomato_Late_blight,7,train
D:\Plant-Disease-Detection\PlantVillage\Tomato_Late_blight\31eb8659-67c1-4cc6-b0b9-1d5ffe9eed0b___GHLB_PS Leaf 2.3 Day 18.jpg,Tomato_Late_blight,7,validation
D:\Plant-Disease-Detection\PlantVillage\Tomato_Late_blight\31f64c4e-cb26-44a6-a208-5a88d7d486e8___GHLB2 Leaf 8889.JPG,Tomato_Late_blight,7,train
D:\Plant-Disease-Detection\PlantVillage\Tomato_Late_blight\32f1dc26-082e-46ea-8cdc-c3d9660acff3___GHLB2 Leaf 8815.JPG,Tomato_Late_blight,7,train
D:\Plant-Disease-Detection\PlantVillage\Tomato_Late_blight\33b5c25b-ab14-4b22-a7f0-764b2070b2d7___GHLB2 Leaf 8670.JPG,Tomato_Late_blight,7,train
D:\Plant-Disease-Detection\PlantVillage\Tomato_Late_blight\33e05db1-0a59-49f4-b4e3-52b52ca31a14___GHLB2 Leaf 155.1.JPG,Tomato_Late_blight,7,train
D:\Plant-Disease-Detection\PlantVillage\Tomato_Late_blight\34bd18fa-d898-40d4-83ed-665caabed7d0___RS_Late.B 5113.JPG,Tomato_Late_blight,7,test
D:\Plant-Disease-Detection\PlantVillage\Tomato_Late_blight\34ce281a-ca92-4f89-a074-157fcedabf4c___RS_Late.B 5590.JPG,Tomato_Late_blight,7,validation
D:\Plant-Disease-Detection\PlantVillage\Tomato_Late_blight\35a4883c-bef7-4465-b136-a7465a0752de___RS_Late.B 5054.JPG,Tomato_Late_blight,7,train
D:\Plant-Disease-Detection\PlantVillage\Tomato_Late_blight\35baedd2-975e-4a48-b468-5b7203bab631___GHLB2 Leaf 8936.JPG,Tomato_Late_blight,7,train
D:\Plant-Disease-Detection\PlantVillage\Tomato_Late_blight\35bf2b79-f0c4-471c-95ee-2f32df6b8dc6___GHLB2 Leaf 8854.JPG,Tomato_Late_blight,7,train
D:\Plant-Disease-Detection\PlantVillage\Tomato_Late_blight\35c64b94-b2f4-456d-b55f-a376827186c2___GHLB2 Leaf 129.JPG,Tomato_Late_blight,7,train
D:\Plant-Disease-Detection\PlantVillage\Tomato_Late_blight\36df35a3-3099-48c0-a9c4-e16c1bcb0573___RS_Late.B 6401.JPG,Tomato_Late_blight,7,train
D:\Plant-Disease-Detection\PlantVillage\Tomato_Late_blight\37dacc71-848d-43bd-8bb3-85ceafb11f91___GHLB2 Leaf 8605.JPG,Tomato_Late_blight,7,validation
D:\Plant-Disease-Detection\PlantVillage\Tomato_Late_blight\37f580bd-7070-4cb0-b4ab-53b78ffc96ae___RS_Late.B 7109.JPG,Tomato_Late_blight,7,test
D:\Plant-Disease-Detection\PlantVillage\Tomato_Late_blight\39c5ef21-730a-4e51-9eb0-a7639295c116___RS_Late.B 5157.JPG,Tomato_Late_blight,7,test
D:\Plant-Disease-Detection\PlantVillage\Tomato_Late_blight\39d14e05-28cd-45c7-98b8-64ffb4552ed9___GHLB2 Leaf 9034.JPG,Tomato_Late_blight,7,validation
D:\Plant-Disease-Detection\PlantVillage\Tomato_Late_blight\39f11cfa-d3a8-4845-9cc8-8ffa2f707d66___RS_Late.B 6119.JPG,Tomato_Late_blight,7,train
D:\Plant-Disease-Detection\PlantVillage\Tomato_Late_blight\3d89871d-557a-414e-b726-8f4ba18d30e4___GHLB2 Leaf 8922.JPG,Tomato_Late_blight,7,train
D:\Plant-Disease-Detection\PlantVillage\Tomato_Late_blight\3daa7759-9d45-4173-b73d-a7fca9800c45___GHLB2 Leaf 8573.JPG,Tomato_Late_blight,7,validation
D:\Plant-Disease-Detection\PlantVillage\Tomato_Late_blight\3db1a347-001b-4170-8f64-4fa097f83bc7___GHLB_PS Leaf 1.2 Day 8.jpg,Tomato_Late_blight,7,train
D:\Plant-Disease-Detection\PlantVillage\Tomato_Late_blight\3db1dcda-3180-432a-9b8e-7ba8a0d6be55___GHLB_PS Leaf 28.3 Day 13.JPG,Tomato_Late_blight,7,train
D:\Plant-Disease-Detection\PlantVillage\Tomato_Late_blight\3dbb0f53-7541-4b25-b7ef-797800e2b1b7___RS_Late.B 7135.JPG,Tomato_Late_blight,7,train
D:\Plant-Disease-Detection\PlantVillage\Tomato_Late_blight\3dcee9ed-43bb-45a9-8cff-641b3dd62179___RS_Late.B 5324.JPG,Tomato_Late_blight,7,train
D:\Plant-Disease-Detection\PlantVillage\Tomato_Late_blight\3de17184-cbec-4397-813e-1bbc3bc5cb6a___RS_Late.B 7050.JPG,Tomato_Late_blight,7,train
D:\Plant-Disease-Detection\PlantVillage\Tomato_Late_blight\3de67462-9ae4-455d-8d0d-a625c92c7120___RS_Late.B 5148.JPG,Tomato_Late_blight,7,validation
D:\Plant-Disease-Detection\PlantVillage\Tomato_Late_blight\3e01dcb7-e660-4403-861a-59a44d572565___GHLB Leaf 2 Day 7.JPG,Tomato_Late_blight,7,train
D:\Plant-Disease-Detection\PlantVillage\Tomato_Late_blight\3e1ddc38-64bb-4976-950d-7e228638d70e___GHLB2ES Leaf 65.1.JPG,Tomato_Late_blight,7,test
D:\Plant-Disease-Detection\PlantVillage\Tomato_Late_blight\3e5cf9cb-de15-4d9d-8eb8-3d47c0094f14___RS_Late.B 6208.JPG,Tomato_Late_blight,7,train
D:\Plant-Disease-Detection\PlantVillage\Tomato_Late_blight\3e7acc8a-73b1-4c21-bc67-bb6e65c4d373___GHLB Leaf 8.1 Day 12.JPG,Tomato_Late_blight,7,train
D:\Plant-Disease-Detection\PlantVillage\Tomato_Late_blight\3ef1e6d9-0ea8-4b1d-a2f4-a99bbc4ba66e___GHLB2 Leaf 8830.JPG,Tomato_Late_blight,7,train
D:\Plant-Disease-Detection\PlantVillage\Tomato_Late_blight\3f36ff41-3817-497b-95c9-7f79819925e7___RS_Late.B 6314.JPG,Tomato_Late_blight,7,validation
D:\Plant-Disease-Detection\PlantVillage\Tomato_Late_blight\3f389ac5-10ee-4623-98f2-76b0b479cf3e___RS_Late.B 6785.JPG,Tomato_Late_blight,7,test
D:\Plant-Disease-Detection\PlantVillage\Tomato_Late_blight\3f5d6de4-0966-4798-b142-78c4fb4097b5___GHLB2 Leaf 8628.JPG,Tomato_Late_blight,7,train
D:\Plant-Disease-Detection\PlantVillage\Tomato_Late_blight\3fae9c64-18f0-4a67-9f97-554248bb1bed___GHLB_PS Leaf 24 Day 16.jpg,Tomato_Late_blight,7,test
D:\Plant-Disease-Detection\PlantVillage\Tomato_Late_blight\3fb24ffc-0f4f-4990-99e9-d8170fc9f6cc___GHLB2 Leaf 131.2.JPG,Tomato_Late_blight,7,train
D:\Plant-Disease-Detection\PlantVillage\Tomato_Late_blight\3fbc7d2b-b44e-4562-901f-61eed2e4e38c___RS_Late.B 6045.JPG,Tomato_Late_blight,7,train
D:\Plant-Disease-Detection\PlantVillage\Tomato_Late_blight\3fcbbb8e-c7dc-4921-b8b6-bc118b877a82___RS_Late.B 5059.JPG,Tomato_Late_blight,7,train
D:\Plant-Disease-Detection\PlantVillage\Tomato_Late_blight\3ff48ec1-f9ba-443b-b5f8-89df812e1ad8___RS_Late.B 6034.JPG,Tomato_Late_blight,7,train
D:\Plant-Disease-Detection\PlantVillage\Tomato_Late_blight\40a79a6f-e1fc-428c-bd57-3af1a7236156___RS_Late.B 5432.JPG,Tomato_Late_blight,7,train
D:\Plant-Disease-Detection\PlantVillage\Tomato_Late_blight\40ad58d9-f6ab-4487-a150-e2da47f733f1___GHLB2 Leaf 8665.JPG,Tomato_Late_blight,7,train
D:\Plant-Disease-Detection\PlantVillage\Tomato_Late_blight\40bca58c-a09e-429b-a0b3-03fce3ea88e5___GHLB2 Leaf 9113.JPG,Tomato_Late_blight,7,train
D:\Plant-Disease-Detection\PlantVillage\Tomato_Late_blight\40de149e-4734-4d63-a34a-7ab34ace1ae5___RS_Late.B 6126.JPG,Tomato_Late_blight,7,train
D:\Plant-Disease-Detection\PlantVillage\Tomato_Late_blight\41c1d7a7-5d90-4b0a-bd41-565393d422c5___GHLB2 Leaf 108.1.JPG,Tomato_Late_blight,7,train
D:\Plant-Disease-Detection\PlantVillage\Tomato_Late_blight\41e1ea20-a4d0-4ef0-9362-b3756c8c06ec___GHLB2 Leaf 8755.JPG,Tomato_Late_blight,7,train
D:\Plant-Disease-Detection\PlantVillage\Tomato_Late_blight\41f6fe04-5205-4a08-a2a1-961080b5edef___GHLB2 Leaf 8703.JPG,Tomato_Late_blight,7,train
D:\Plant-Disease-Detection\PlantVillage\Tomato_Late_blight\42bc64dd-b367-4cc0-b5df-689c1e86705d___RS_Late.B 4906.JPG,Tomato_Late_blight,7,train
D:\Plant-Disease-Detection\PlantVillage\Tomato_Late_blight\43bf836c-132e-493f-b01e-3f1b44d84f47___RS_Late.B 6577.JPG,Tomato_Late_blight,7,validation
D:\Plant-Disease-Detection\PlantVillage\Tomato_Late_blight\43eb2436-bdba-4f67-8f51-d92c8f040690___GHLB2ES Leaf 141.1.JPG,Tomato_Late_blight,7,test
D:\Plant-Disease-Detection\PlantVillage\Tomato_Late_blight\44c7f2c3-bec1-4f42-b9b6-946c2b92f50e___RS_Late.B 6261.JPG,Tomato_Late_blight,7,train
D:\Plant-Disease-Detection\PlantVillage\Tomato_Late_blight\44de5100-871f-495d-b4c6-70ab89059a68___RS_Late.B 7043.JPG,Tomato_Late_blight,7,train
D:\Plant-Disease-Detection\PlantVillage\Tomato_Late_blight\44e96c62-48e6-454c-bab5-c34569deb2a5___RS_Late.B 5162.JPG,Tomato_Late_blight,7,train
D:\Plant-Disease-Detection\PlantVillage\Tomato_Late_blight\44f72a0c-3313-44bd-acdb-905ae5944a57___GHLB2 Leaf 8880.JPG,Tomato_Late_blight,7,validation
D:\Plant-Disease-Detection\PlantVillage\Tomato_Late_blight\45c8ee5d-1476-4306-a8c6-6a4cbd80f5cb___GHLB2 Leaf 8900.JPG,Tomato_Late_blight,7,train
D:\Plant-Disease-Detection\PlantVillage\Tomato_Late_blight\45fefdc6-a9a7-4955-8066-146efe1c8a1c___GHLB_PS Leaf 27 Day 9.jpg,Tomato_Late_blight,7,train
D:\Plant-Disease-Detection\PlantVillage\Tomato_Late_blight\46aabd9e-80c5-440b-924a-229f146b571c___GHLB2 Leaf 8955.JPG,Tomato_Late_blight,7,validation
D:\Plant-Disease-Detection\PlantVillage\Tomato_Late_blight\46ac1a7f-6529-4812-9d11-996a288a907b___GHLB2 Leaf 113.4.JPG,Tomato_Late_blight,7,test
D:\Plant-Disease-Detection\PlantVillage\Tomato_Late_blight\46ae5fef-ca7d-4f8d-86dc-7906bfcbde9f___RS_Late.B 5092.JPG,Tomato_Late_blight,7,test
D:\Plant-Disease-Detection\PlantVillage\Tomato_Late_blight\46b29233-cfd6-47d0-99b5-504a4df17bbf___RS_Late.B 5350.JPG,Tomato_Late_blight,7,validation
D:\Plant-Disease-Detection\PlantVillage\Tomato_Late_blight\46c6a276-b915-46d0-9a28-5655645c2d8b___RS_Late.B 7115.JPG,Tomato_Late_blight,7,validation
D:\Plant-Disease-Detection\PlantVillage\Tomato_Late_blight\46e4103f-f240-48cc-ae17-9466fcbec332___RS_Late.B 6650.JPG,Tomato_Late_blight,7,train
D:\Plant-Disease-Detection\PlantVillage\Tomato_Late_blight\46edfbcd-876e-4310-bba7-bae2b8fcc773___GHLB2 Leaf 9069.JPG,Tomato_Late_blight,7,test
D:\Plant-Disease-Detection\PlantVillage\Tomato_Late_blight\47a38705-6d43-429c-b3f6-54c01f3b08e8___GHLB2 Leaf 8718.JPG,Tomato_Late_blight,7,validation
D:\Plant-Disease-Detection\PlantVillage\Tomato_Late_blight\47a6f6d3-e523-4103-bf89-ddc436f2a7a7___GHLB2 Leaf 154.5.JPG,Tomato_Late_blight,7,train
D:\Plant-Disease-Detection\PlantVillage\Tomato_Late_blight\47a9ad56-28b2-4aaa-915e-55d04bef03b7___RS_Late.B 5425.JPG,Tomato_Late_blight,7,train
D:\Plant-Disease-Detection\PlantVillage\Tomato_Late_blight\48c55974-9fe9-4f4b-94f7-c8cd127d1e05___GHLB_PS Leaf 23.7 Day 13.jpg,Tomato_Late_blight,7,train
D:\Plant-Disease-Detection\PlantVillage\Tomato_Late_blight\48f00178-13a0-4565-b09d-57944fe67472___RS_Late.B 5081.JPG,Tomato_Late_blight,7,train
D:\Plant-Disease-Detection\PlantVillage\Tomato_Late_blight\49d0531e-3d55-47b6-a4ed-2d87bd23bbcf___RS_Late.B 5457.JPG,Tomato_Late_blight,7,validation
D:\Plant-Disease-Detection\PlantVillage\Tomato_Late_blight\4a5a39d1-e05e-4ec2-acf7-3987cd04a71e___RS_Late.B 6547.JPG,Tomato_Late_blight,7,train
D:\Plant-Disease-Detection\PlantVillage\Tomato_Late_blight\4a6b862b-d42f-42ea-81f5-60480236709a___GHLB2 Leaf 9083.JPG,Tomato_Late_blight,7,train
D:\Plant-Disease-Detection\PlantVillage\Tomato_Late_blight\4ab57bec-a118-4686-a9dd-f6ee3cdd0c55___GHLB2 Leaf 8695.JPG,Tomato_Late_blight,7,validation
D:\Plant-Disease-Detection\PlantVillage\Tomato_Late_blight\4ae26730-1f0b-4f49-aad5-774f0ed4df35___GHLB2 Leaf 8621.JPG,Tomato_Late_blight,7,train
D:\Plant-Disease-Detection\PlantVillage\Tomato_Late_blight\4aeaacd8-ff6e-4d01-86d1-0a51c626cc99___GHLB2 Leaf 8943.JPG,Tomato_Late_blight,7,train
D:\Plant-Disease-Detection\PlantVillage\Tomato_Late_blight\4b115bc3-911c-4e98-b948-a6a360f06a87___GHLB_PS Leaf 25 Day 9.jpg,Tomato_Late_blight,7,train
D:\Plant-Disease-Detection\PlantVillage\Tomato_Late_blight\4b6307a8-d60b-4e45-a8b4-5e1cd50f2a62___GHLB2 Leaf 8588.JPG,Tomato_Late_blight,7,train
D:\Plant-Disease-Detection\PlantVillage\Tomato_Late_blight\4bc2b44a-865c-4006-aa3d-fbd4bd2de695___RS_Late.B 5123.JPG,Tomato_Late_blight,7,test
D:\Plant-Disease-Detection\PlantVillage\Tomato_Late_blight\4be05670-885c-4a87-a22a-dfb89f0b15d0___RS_Late.B 6588.JPG,Tomato_Late_blight,7,test
D:\Plant-Disease-Detection\PlantVillage\Tomato_Late_blight\4be2e7c4-f539-41c3-975b-a1ff17b516ec___GHLB_PS Leaf 2 Day 8.jpg,Tomato_Late_blight,7,train
D:\Plant-Disease-Detection\PlantVillage\Tomato_Late_blight\4bf424a2-b275-4ac0-968c-fe229136f10d___GHLB_PS Leaf 2.5 Day 16.jpg,Tomato_Late_blight,7,validation
D:\Plant-Disease-Detection\PlantVillage\Tomato_Late_blight\50b8801e-390e-4117-918e-cad1c1af16b4___RS_Late.B 5232.JPG,Tomato_Late_blight,7,train
D:\Plant-Disease-Detection\PlantVillage\Tomato_Late_blight\7c367715-8147-42a2-803a-987828f88d76___GHLB2 Leaf 144.2.JPG,Tomato_Late_blight,7,train
D:\Plant-Disease-Detection\PlantVillage\Tomato_Late_blight\7d0d5e78-87b9-4d47-9291-4a1e75fe9d97___GHLB2 Leaf 8693.JPG,Tomato_Late_blight,7,validation
D:\Plant-Disease-Detection\PlantVillage\Tomato_Late_blight\7d2ecdff-4eca-4f8e-b550-166d668498ba___GHLB2 Leaf 8602.JPG,Tomato_Late_blight,7,train
D:\Plant-Disease-Detection\PlantVillage\Tomato_Late_blight\7d4d00c0-1e72-427d-9f05-1f64f8051cb8___GHLB_PS Leaf 1 Day 7.jpg,Tomato_Late_blight,7,train
D:\Plant-Disease-Detection\PlantVillage\Tomato_Late_blight\7d6954fd-a818-44e6-976e-8c817d729a86___RS_Late.B 4973.JPG,Tomato_Late_blight,7,train
D:\Plant-Disease-Detection\PlantVillage\Tomato_Late_blight\7d8cbbfc-89e2-4fe5-9624-89b353d78832___RS_Late.B 5176.JPG,Tomato_Late_blight,7,train
D:\Plant-Disease-Detection\PlantVillage\Tomato_Late_blight\7d8f07cb-cb5b-4c4a-97f9-224258af8343___GHLB2 Leaf 8791.JPG,Tomato_Late_blight,7,test
D:\Plant-Disease-Detection\PlantVillage\Tomato_Late_blight\7d9f4bd8-6a41-4c5e-816e-175f88e0be41___RS_Late.B 5488.JPG,Tomato_Late_blight,7,train
D:\Plant-Disease-Detection\PlantVillage\Tomato_Late_blight\7da77ecf-90a8-4e8a-b84f-6e64f5f2a9f2___GHLB2 Leaf 115.1.JPG,Tomato_Late_blight,7,train
D:\Plant-Disease-Detection\PlantVillage\Tomato_Late_blight\7da8f393-2df9-42cc-a864-bc8d7ead2fe4___GHLB2 Leaf 8619.JPG,Tomato_Late_blight,7,validation
D:\Plant-Disease-Detection\PlantVillage\Tomato_Late_blight\7dac72d7-cd87-4d92-8ee0-e6b52c115558___RS_Late.B 5053.JPG,Tomato_Late_blight,7,train
D:\Plant-Disease-Detection\PlantVillage\Tomato_Late_blight\7dbd4aab-b307-435c-90bb-7a358eba9814___RS_Late.B 6617.JPG,Tomato_Late_blight,7,train
D:\Plant-Disease-Detection\PlantVillage\Tomato_Late_blight\7e10e4ed-19e9-4e89-a936-4b2bb30d4e90___GHLB_PS Leaf 1 Day 13.jpg,Tomato_Late_blight,7,train
D:\Plant-Disease-Detection\PlantVillage\Tomato_Late_blight\7e322351-379f-4b07-8001-01baf6bf589c___RS_Late.B 7038.JPG,Tomato_Late_blight,7,train
D:\Plant-Disease-Detection\PlantVillage\Tomato_Late_blight\7e409fcc-0ff7-4d05-9852-e0f4495db3e8___RS_Late.B 6195.JPG,Tomato_Late_blight,7,train
D:\Plant-Disease-Detection\PlantVillage\Tomato_Late_blight\7e4224e3-dd76-4041-8fe2-c9abf67d3a98___RS_Late.B 6630.JPG,Tomato_Late_blight,7,validation
D:\Plant-Disease-Detection\PlantVillage\Tomato_Late_blight\7e5386fc-de1d-4507-acb6-e0d0da3a35da___RS_Late.B 4900.JPG,Tomato_Late_blight,7,train
D:\Plant-Disease-Detection\PlantVillage\Tomato_Late_blight\7e77fde0-ab1b-4256-be51-0f6eecf85007___RS_Late.B 6995.JPG,Tomato_Late_blight,7,train
D:\Plant-Disease-Detection\PlantVillage\Tomato_Late_blight\7e91b898-a643-43f9-bf06-34f364c7d501___GHLB2 Leaf 8632.JPG,Tomato_Late_blight,7,train
D:\Plant-Disease-Detection\PlantVillage\Tomato_Late_blight\7e92fb02-314e-4cad-a30d-e478b216bce4___RS_Late.B 6890.JPG,Tomato_Late_blight,7,train
D:\Plant-Disease-Detection\PlantVillage\Tomato_Late_blight\7eb30afe-7975-487a-8dd2-bf72634967a8___GHLB2ES Leaf 136.1.JPG,Tomato_Late_blight,7,train
D:\Plant-Disease-Detection\PlantVillage\Tomato_Late_blight\7ec8c270-72a5-4c84-bfdb-400735f5b35c___GHLB_PS Leaf 46 Day 18.jpg,Tomato_Late_blight,7,train
D:\Plant-Disease-Detection\PlantVillage\Tomato_Late_blight\7edf8e92-d212-46f4-843e-0c08bd263f73___GHLB2 Leaf 8944.JPG,Tomato_Late_blight,7,train
D:\Plant-Disease-Detection\PlantVillage\Tomato_Late_blight\7ee00267-be66-4b6a-a207-0bf0046d28b6___RS_Late.B 6909.JPG,Tomato_Late_blight,7,train
D:\Plant-Disease-Detection\PlantVillage\Tomato_Late_blight\7efeb8b7-9416-4b2b-bf24-acaf62918008___GHLB2 Leaf 124.1.JPG,Tomato_Late_blight,7,train
D:\Plant-Disease-Detection\PlantVillage\Tomato_Late_blight\7f2d44f1-7daa-4b13-9058-18da27dc883d___RS_Late.B 5439.JPG,Tomato_Late_blight,7,train
D:\Plant-Disease-Detection\PlantVillage\Tomato_Late_blight\7f3884a8-82eb-4db8-b5c2-cc3f6dbe0cf9___RS_Late.B 6196.JPG,Tomato_Late_blight,7,train
D:\Plant-Disease-Detection\PlantVillage\Tomato_Late_blight\7f3e0b01-3bfc-44d2-b04d-b27032115a6c___GHLB2 Leaf 9106.JPG,Tomato_Late_blight,7,train
D:\Plant-Disease-Detection\PlantVillage\Tomato_Late_blight\7f4621fe-72ce-4f4c-a20e-320250ec8a9d___RS_Late.B 5556.JPG,Tomato_Late_blight,7,train
D:\Plant-Disease-Detection\PlantVillage\Tomato_Late_blight\7f533ee8-1d72-486e-b2a6-b5ef2ac7cc88___GHLB2 Leaf 8837.JPG,Tomato_Late_blight,7,train
D:\Plant-Disease-Detection\PlantVillage\Tomato_Late_blight\7f790574-ac82-4a3e-9a4d-02cd7762dce2___GHLB2 Leaf 8948.JPG,Tomato_Late_blight,7,validation
D:\Plant-Disease-Detection\PlantVillage\Tomato_Late_blight\7f847477-1111-4f20-9de5-56153bee415b___RS_Late.B 5049.JPG,Tomato_Late_blight,7,train
D:\Plant-Disease-Detection\PlantVillage\Tomato_Late_blight\7f8eaaf9-901f-4628-b706-7257b3e67303___RS_Late.B 6025.JPG,Tomato_Late_blight,7,train
D:\Plant-Disease-Detection\PlantVillage\Tomato_Late_blight\7f8ee689-9c51-4f8b-baa2-3ce1125b765e___GHLB2 Leaf 8569.JPG,Tomato_Late_blight,7,train
D:\Plant-Disease-Detection\PlantVillage\Tomato_Late_blight\7f8ff945-6a8a-470b-aa5f-0b3f5ce87c01___GHLB Leaf 1.2 Day 13.JPG,Tomato_Late_blight,7,train
D:\Plant-Disease-Detection\PlantVillage\Tomato_Late_blight\7fa16659-42cf-4bac-b0fc-41162212f6a9___GHLB2 Leaf 8620.JPG,Tomato_Late_blight,7,train
D:\Plant-Disease-Detection\PlantVillage\Tomato_Late_blight\7fc8f2f2-874c-49d1-935b-06f2d044db8f___RS_Late.B 6451.JPG,Tomato_Late_blight,7,train
D:\Plant-Disease-Detection\PlantVillage\Tomato_Late_blight\7fc96574-d320-4622-9695-1478156c6b76___GHLB2 Leaf 164.2.JPG,Tomato_Late_blight,7,test
D:\Plant-Disease-Detection\PlantVillage\Tomato_Late_blight\7fe35989-ae3c-4652-931f-820e2cdb7c96___RS_Late.B 6876.JPG,Tomato_Late_blight,7,train
D:\Plant-Disease-Detection\PlantVillage\Tomato_Late_blight\7fe41e8b-a062-4403-97b1-0415e2cf8fc5___RS_Late.B 7055.JPG,Tomato_Late_blight,7,train
D:\Plant-Disease-Detection\PlantVillage\Tomato_Late_blight\8a2f5ea2-51e1-493d-93ff-61faa8221754___RS_Late.B 7069.JPG,Tomato_Late_blight,7,test
D:\Plant-Disease-Detection\PlantVillage\Tomato_Late_blight\8ad4d607-b0e5-4151-9455-66e8ece55ff7___GHLB2 Leaf 8774.JPG,Tomato_Late_blight,7,train
D:\Plant-Disease-Detection\PlantVillage\Tomato_Late_blight\8afb4f4f-cc42-45fb-b3bb-6d6a4b358d8b___GHLB2 Leaf 8574.JPG,Tomato_Late_blight,7,train
D:\Plant-Disease-Detection\PlantVillage\Tomato_Late_blight\8b08d651-0fcc-43da-8aec-34389f834d63___GHLB2 Leaf 8644.JPG,Tomato_Late_blight,7,train
D:\Plant-Disease-Detection\PlantVillage\Tomato_Late_blight\8b2bb3d4-b5db-4772-8151-2689b7d52846___GHLB_PS Leaf 19.1 Day 8.jpg,Tomato_Late_blight,7,test
D:\Plant-Disease-Detection\PlantVillage\Tomato_Late_blight\8b37de5f-4c98-4880-b1a8-a921178959a9___RS_Late.B 6248.JPG,Tomato_Late_blight,7,train
D:\Plant-Disease-Detection\PlantVillage\Tomato_Late_blight\8b3de207-e6ff-4ac5-8480-f6230bd6b385___RS_Late.B 6506.JPG,Tomato_Late_blight,7,validation
D:\Plant-Disease-Detection\PlantVillage\Tomato_Late_blight\8b58a065-ad58-4f19-b621-5e6eb2d77993___RS_Late.B 7131.JPG,Tomato_Late_blight,7,test
D:\Plant-Disease-Detection\PlantVillage\Tomato_Late_blight\8bae80d9-576c-4930-8c75-f6df2be339de___RS_Late.B 4912.JPG,Tomato_Late_blight,7,train
D:\Plant-Disease-Detection\PlantVillage\Tomato_Late_blight\8c13a3dc-b380-4a2f-b468-660212d8dbf0___RS_Late.B 5405.JPG,Tomato_Late_blight,7,train
D:\Plant-Disease-Detection\PlantVillage\Tomato_Late_blight\8c36f3d7-3aee-4341-8319-449e3f5e6f79___RS_Late.B 5596.JPG,Tomato_Late_blight,7,validation
D:\Plant-Disease-Detection\PlantVillage\Tomato_Late_blight\8c428644-bfe0-4f8c-944a-a8de1f318602___GHLB2 Leaf 8705.JPG,Tomato_Late_blight,7,test
D:\Plant-Disease-Detection\PlantVillage\Tomato_Late_blight\8c7b818d-de11-4989-8991-48e4234e2ab4___GHLB2 Leaf 116.2.JPG,Tomato_Late_blight,7,train
D:\Plant-Disease-Detection\PlantVillage\Tomato_Late_blight\8cb8fc56-d6b5-4032-b5f4-aebe52af18a3___GHLB2 Leaf 8945.JPG,Tomato_Late_blight,7,test
D:\Plant-Disease-Detection\PlantVillage\Tomato_Late_blight\8cf817c6-56f4-42b3-93b7-222d88b63b2d___RS_Late.B 4827.JPG,Tomato_Late_blight,7,validation
D:\Plant-Disease-Detection\PlantVillage\Tomato_Late_blight\8d025d16-0058-42b5-82b5-4cd88dd6f110___GHLB2 Leaf 8785.JPG,Tomato_Late_blight,7,train
D:\Plant-Disease-Detection\PlantVillage\Tomato_Late_blight\8d39e8b3-90d8-4533-93a8-fb797fa27a1b___GHLB2 Leaf 8645.JPG,Tomato_Late_blight,7,train
D:\Plant-Disease-Detection\PlantVillage\Tomato_Late_blight\8d58aa38-714a-45b6-b36d-fe52ab36aae8___GHLB Leaf 24.1 Day 12.JPG,Tomato_Late_blight,7,train
D:\Plant-Disease-Detection\PlantVillage\Tomato_Late_blight\8d5ef81f-1b09-4221-abaa-990bfb2180b9___RS_Late.B 6745.JPG,Tomato_Late_blight,7,train
D:\Plant-Disease-Detection\PlantVillage\Tomato_Late_blight\8d611dca-11e1-4970-9806-599173ed158d___RS_Late.B 5181.JPG,Tomato_Late_blight,7,train
D:\Plant-Disease-Detection\PlantVillage\Tomato_Late_blight\8d786c11-5426-4af6-96a0-0c0d9ec804d7___RS_Late.B 5009.JPG,Tomato_Late_blight,7,train
D:\Plant-Disease-Detection\PlantVillage\Tomato_Late_blight\8da9d06c-bc6c-45d1-abd5-e864a8293aae___RS_Late.B 4934.JPG,Tomato_Late_blight,7,train
D:\Plant-Disease-Detection\PlantVillage\Tomato_Late_blight\8daa8725-05a2-4802-a524-9eba96fa89bc___RS_Late.B 6488.JPG,Tomato_Late_blight,7,train
D:\Plant-Disease-Detection\PlantVillage\Tomato_Late_blight\8db4bafa-489e-42ff-ad14-98cb9af8e733___RS_Late.B 5397.JPG,Tomato_Late_blight,7,test
D:\Plant-Disease-Detection\PlantVillage\Tomato_Late_blight\8dbcc7c8-5845-43e4-867f-b9f7da8a53c3___GHLB2 Leaf 8786.JPG,Tomato_Late_blight,7,train
D:\Plant-Disease-Detection\PlantVillage\Tomato_Late_blight\8dff4125-96c2-44fc-bd3f-734fa57621ba___RS_Late.B 5025.JPG,Tomato_Late_blight,7,train
D:\Plant-Disease-Detection\PlantVillage\Tomato_Late_blight\8e06d830-df85-4b76-be46-c7814bedcd51___GHLB2 Leaf 8907.JPG,Tomato_Late_blight,7,train
D:\Plant-Disease-Detection\PlantVillage\Tomato_Late_blight\8e89b070-c8f0-47f5-a7c4-e28a92e0454b___GHLB2 Leaf 9097.JPG,Tomato_Late_blight,7,test
D:\Plant-Disease-Detection\PlantVillage\Tomato_Late_blight\8ea73da6-e94c-42bf-8b9c-c8d0a58338c7___RS_Late.B 6724.JPG,Tomato_Late_blight,7,train
D:\Plant-Disease-Detection\PlantVillage\Tomato_Late_blight\8ebbd6ea-f580-492d-a01d-7f00a3e788fb___RS_Late.B 6603.JPG,Tomato_Late_blight,7,train
D:\Plant-Disease-Detection\PlantVillage\Tomato_Late_blight\8edb3824-bc6b-48a6-b659-ae29c9754274___GHLB2 Leaf 103.JPG,Tomato_Late_blight,7,train
D:\Plant-Disease-Detection\PlantVillage\Tomato_Late_blight\8f0a83b5-357c-4fc3-ba27-58303fa29bde___GHLB2 Leaf 8875.JPG,Tomato_Late_blight,7,test
D:\Plant-Disease-Detection\PlantVillage\Tomato_Late_blight\8f1b814d-d9c9-4093-8b6e-6d3a58133d55___RS_Late.B 6771.JPG,Tomato_Late_blight,7,train
D:\Plant-Disease-Detection\PlantVillage\Tomato_Late_blight\8f268f79-0230-4dfb-a7e9-e68bb506798e___GHLB2 Leaf 8739.JPG,Tomato_Late_blight,7,validation
D:\Plant-Disease-Detection\PlantVillage\Tomato_Late_blight\8f27364b-aafa-49a8-b288-e442cb8bde11___RS_Late.B 6285.JPG,Tomato_Late_blight,7,validation
D:\Plant-Disease-Detection\PlantVillage\Tomato_Late_blight\8f652c9e-134b-4b9f-bdca-15ad4f6a87ba___GHLB2 Leaf 8808.JPG,Tomato_Late_blight,7,test
D:\Plant-Disease-Detection\PlantVillage\Tomato_Late_blight\8f6e4229-2e6c-409c-8e9b-e3573a478b8a___RS_Late.B 5044.JPG,Tomato_Late_blight,7,train
D:\Plant-Disease-Detection\PlantVillage\Tomato_Late_blight\8f96e29c-d210-47a7-bdcb-e87821bb66c8___RS_Late.B 6872.JPG,Tomato_Late_blight,7,train
D:\Plant-Disease-Detection\PlantVillage\Tomato_Late_blight\8fa2b785-6eba-47c3-aeb3-139ebe284185___RS_Late.B 4954.JPG,Tomato_Late_blight,7,train
D:\Plant-Disease-Detection\PlantVillage\Tomato_Late_blight\8fa3a59d-3e37-4b30-bdf7-35979c324626___RS_Late.B 4907.JPG,Tomato_Late_blight,7,train
D:\Plant-Disease-Detection\PlantVillage\Tomato_Late_blight\8faf866d-77a2-4876-983f-42389db476dc___RS_Late.B 7003.JPG,Tomato_Late_blight,7,train
D:\Plant-Disease-Detection\PlantVillage\Tomato_Late_blight\8fb5837a-daa2-49c9-8e6e-eeca83e1e764___GHLB_PS Leaf 26.1 Day 13.jpg,Tomato_Late_blight,7,train
D:\Plant-Disease-Detection\PlantVillage\Tomato_Late_blight\8fb69288-9a9a-429d-96ff-a425e9753cef___RS_Late.B 6913.JPG,Tomato_Late_blight,7,test
D:\Plant-Disease-Detection\PlantVillage\Tomato_Late_blight\9a1a1ad7-f715-40a5-b136-0e0d1618ef60___RS_Late.B 6120.JPG,Tomato_Late_blight,7,test
D:\Plant-Disease-Detection\PlantVillage\Tomato_Late_blight\9a298d6c-723d-483c-bec6-c64f99065677___RS_Late.B 6956.JPG,Tomato_Late_blight,7,train
D:\Plant-Disease-Detection\PlantVillage\Tomato_Late_blight\9a4627a2-053d-443b-9135-7c1a913b63c4___GHLB Leaf 25.1 Day 12.JPG,Tomato_Late_blight,7,train
D:\Plant-Disease-Detection\PlantVillage\Tomato_Late_blight\9aaf4a7d-12ac-457a-a18c-1f7ea13065de___RS_Late.B 5179.JPG,Tomato_Late_blight,7,train
D:\Plant-Disease-Detection\PlantVillage\Tomato_Late_blight\9adeaa24-183e-4403-b899-6fdce79ed524___RS_Late.B 6023.JPG,Tomato_Late_blight,7,train
D:\Plant-Disease-Detection\PlantVillage\Tomato_Late_blight\9afc2537-1b13-4c25-b5ed-5b8de511b0ab___GHLB2 Leaf 9033.JPG,Tomato_Late_blight,7,test
D:\Plant-Disease-Detection\PlantVillage\Tomato_Late_blight\9b0836db-9e56-4dc2-ba79-2d02907eaee1___GHLB2 Leaf 9048.JPG,Tomato_Late_blight,7,train
D:\Plant-Disease-Detection\PlantVillage\Tomato_Late_blight\9b4df340-b1bf-4294-a275-1bc0d9b64ff6___GHLB2ES Leaf 138.1.JPG,Tomato_Late_blight,7,train
D:\Plant-Disease-Detection\PlantVillage\Tomato_Late_blight\9b75e0b6-342b-4409-a02d-598e661160a6___GHLB2 Leaf 75.JPG,Tomato_Late_blight,7,test
D:\Plant-Disease-Detection\PlantVillage\Tomato_Late_blight\9bb49d22-976d-40c3-bc9a-bff5cbbd8e28___RS_Late.B 5057.JPG,Tomato_Late_blight,7,train
D:\Plant-Disease-Detection\PlantVillage\Tomato_Late_blight\9bd2db81-5615-49e0-8697-e38d34b5a2ca___GHLB_PS Leaf 24.2 Day 13.jpg,Tomato_Late_blight,7,validation
D:\Plant-Disease-Detection\PlantVillage\Tomato_Late_blight\9bf7479a-5809-48ad-90f7-f4dd4cb9a82b___RS_Late.B 6902.JPG,Tomato_Late_blight,7,train
D:\Plant-Disease-Detection\PlantVillage\Tomato_Late_blight\9c02c389-6bdc-45d6-96ca-bce46283d2ab___GHLB2 Leaf 8660.JPG,Tomato_Late_blight,7,train
D:\Plant-Disease-Detection\PlantVillage\Tomato_Late_blight\9c0d321d-1b14-40df-a9fe-1c6b8e10f13b___GHLB2 Leaf 8770.JPG,Tomato_Late_blight,7,validation
D:\Plant-Disease-Detection\PlantVillage\Tomato_Late_blight\9c274db5-2f89-4f3c-b9e2-4d5ebc54ddad___GHLB2 Leaf 9096.JPG,Tomato_Late_blight,7,validation
D:\Plant-Disease-Detection\PlantVillage\Tomato_Late_blight\9c27b4ce-ee62-4251-b5c8-93b499d73811___RS_Late.B 6723.JPG,Tomato_Late_blight,7,train
D:\Plant-Disease-Detection\PlantVillage\Tomato_Late_blight\9c2ddeef-9d65-4b77-9b1d-3031d49791db___RS_Late.B 5309.JPG,Tomato_Late_blight,7,train
D:\Plant-Disease-Detection\PlantVillage\Tomato_Late_blight\9c6ebcdb-460b-431d-88d7-56beddc7a490___RS_Late.B 7002.JPG,Tomato_Late_blight,7,test
D:\Plant-Disease-Detection\PlantVillage\Tomato_Late_blight\9c726f4e-045b-4080-b53d-d7e66d45bcb1___RS_Late.B 4876.JPG,Tomato_Late_blight,7,train
D:\Plant-Disease-Detection\PlantVillage\Tomato_Late_blight\9c749114-89e9-49ee-a549-5b8bbf8da543___GHLB2 Leaf 119.JPG,Tomato_Late_blight,7,train
D:\Plant-Disease-Detection\PlantVillage\Tomato_Late_blight\9c8ae903-054b-4c55-bce9-5a1752771123___GHLB2 Leaf 8855.JPG,Tomato_Late_blight,7,test
D:\Plant-Disease-Detection\PlantVillage\Tomato_Late_blight\9cb4cbdd-147f-4cfe-a30a-dd003520f0dc___GHLB2 Leaf 8988.JPG,Tomato_Late_blight,7,train
D:\Plant-Disease-Detection\PlantVillage\Tomato_Late_blight\9ce46f18-eccc-4dc4-aa01-f41ad7e6e7fb___GHLB2 Leaf 8544.JPG,Tomato_Late_blight,7,train
D:\Plant-Disease-Detection\PlantVillage\Tomato_Late_blight\9cea37cf-f81c-464d-9379-13026d428cc9___RS_Late.B 5344.JPG,Tomato_Late_blight,7,train
D:\Plant-Disease-Detection\PlantVillage\Tomato_Late_blight\9cfd45ac-fe8d-4962-90e8-b78a85908892___RS_Late.B 6221.JPG,Tomato_Late_blight,7,validation
D:\Plant-Disease-Detection\PlantVillage\Tomato_Late_blight\9d2ecf1a-640b-4427-9092-0ce7c08cb6d0___GHLB2 Leaf 8611.JPG,Tomato_Late_blight,7,train
D:\Plant-Disease-Detection\PlantVillage\Tomato_Late_blight\9d71e1ca-5f24-4932-8b15-e280f6582c95___GHLB2 Leaf 94.1.JPG,Tomato_Late_blight,7,train
D:\Plant-Disease-Detection\PlantVillage\Tomato_Leaf_Mold\062842d6-a49e-4aec-94fb-d6868db0e53d___Crnl_L.Mold 8805.JPG,Tomato_Leaf_Mold,8,train
D:\Plant-Disease-Detection\PlantVillage\Tomato_Leaf_Mold\240a5b33-6071-4129-b017-1c7bba52a690___Crnl_L.Mold 6991.JPG,Tomato_Leaf_Mold,8,train
D:\Plant-Disease-Detection\PlantVillage\Tomato_Leaf_Mold\269f3e0a-4d4f-4598-b19d-9f5428342464___Crnl_L.Mold 8745.JPG,Tomato_Leaf_Mold,8,validation
D:\Plant-Disease-Detection\PlantVillage\Tomato_Leaf_Mold\272c102c-6c18-4e3a-a64c-078bce56bde1___Crnl_L.Mold 6889.JPG,Tomato_Leaf_Mold,8,train
D:\Plant-Disease-Detection\PlantVillage\Tomato_Leaf_Mold\273b19fa-2701-4679-a994-8a37040ac343___Crnl_L.Mold 6577.JPG,Tomato_Leaf_Mold,8,train
D:\Plant-Disease-Detection\PlantVillage\Tomato_Leaf_Mold\289bd00b-0185-428e-8d12-0b7900a71068___Crnl_L.Mold 6986.JPG,Tomato_Leaf_Mold,8,train
D:\Plant-Disease-Detection\PlantVillage\Tomato_Leaf_Mold\301d7712-9538-418b-a767-041aa830d1ad___Crnl_L.Mold 6711.JPG,Tomato_Leaf_Mold,8,train
D:\Plant-Disease-Detection\PlantVillage\Tomato_Leaf_Mold\51189dab-468d-4304-8368-d0e4e3247194___Crnl_L.Mold 6667.JPG,Tomato_Leaf_Mold,8,train
D:\Plant-Disease-Detection\PlantVillage\Tomato_Leaf_Mold\52790cd9-3f4a-4da8-8786-37c17a102dd0___Crnl_L.Mold 6692.JPG,Tomato_Leaf_Mold,8,validation
D:\Plant-Disease-Detection\PlantVillage\Tomato_Leaf_Mold\55495e8f-9873-4dda-a02e-32736fed032a___Crnl_L.Mold 6499.JPG,Tomato_Leaf_Mold,8,train
D:\Plant-Disease-Detection\PlantVillage\Tomato_Leaf_Mold\56779b93-da91-4f00-b562-ed5114e6d378___Crnl_L.Mold 6635.JPG,Tomato_Leaf_Mold,8,validation
D:\Plant-Disease-Detection\PlantVillage\Tomato_Leaf_Mold\58716bd0-de1b-480d-9381-af08e2f13813___Crnl_L.Mold 6732.JPG,Tomato_Leaf_Mold,8,test
D:\Plant-Disease-Detection\PlantVillage\Tomato_Leaf_Mold\bcab5afc-96ce-4b88-8801-8e905b783ef3___Crnl_L.Mold 9094.JPG,Tomato_Leaf_Mold,8,train
D:\Plant-Disease-Detection\PlantVillage\Tomato_Leaf_Mold\bccf2fe9-b834-47bf-b0c3-ecdc41c56614___Crnl_L.Mold 6523.JPG,Tomato_Leaf_Mold,8,train
D:\Plant-Disease-Detection\PlantVillage\Tomato_Leaf_Mold\bcf274e3-d797-4fa5-88c8-e513266e78da___Crnl_L.Mold 7036.JPG,Tomato_Leaf_Mold,8,test
D:\Plant-Disease-Detection\PlantVillage\Tomato_Leaf_Mold\bd569413-f52c-4e92-9bfb-54e2baae7d31___Crnl_L.Mold 6645.JPG,Tomato_Leaf_Mold,8,train
D:\Plant-Disease-Detection\PlantVillage\Tomato_Leaf_Mold\bd6dc03e-b3f0-4b30-81f8-8ac3205d4d49___Crnl_L.Mold 8849.JPG,Tomato_Leaf_Mold,8,train
D:\Plant-Disease-Detection\PlantVillage\Tomato_Leaf_Mold\bd7a67e8-4478-4e01-833a-5a89ee777543___Crnl_L.Mold 7021.JPG,Tomato_Leaf_Mold,8,train
D:\Plant-Disease-Detection\PlantVillage\Tomato_Leaf_Mold\bdc4e19c-87fc-4d84-8de7-a8663aed37f7___Crnl_L.Mold 8741.JPG,Tomato_Leaf_Mold,8,validation
D:\Plant-Disease-Detection\PlantVillage\Tomato_Leaf_Mold\be1b7152-f0f2-431c-9635-29c4ca31fb5b___Crnl_L.Mold 7111.JPG,Tomato_Leaf_Mold,8,train
D:\Plant-Disease-Detection\PlantVillage\Tomato_Leaf_Mold\be2680f9-cdba-44e5-8834-7bc5b615a0ea___Crnl_L.Mold 7158.JPG,Tomato_Leaf_Mold,8,test
D:\Plant-Disease-Detection\PlantVillage\Tomato_Leaf_Mold\be4ddd9b-9ec8-40dd-8e16-a4cfde6326be___Crnl_L.Mold 9144.JPG,Tomato_Leaf_Mold,8,train
D:\Plant-Disease-Detection\PlantVillage\Tomato_Leaf_Mold\be834e45-b191-48c6-a47d-832bd36f1774___Crnl_L.Mold 8739.JPG,Tomato_Leaf_Mold,8,train
D:\Plant-Disease-Detection\PlantVillage\Tomato_Leaf_Mold\bee64636-a53b-4ecd-9f4f-d71d61148f55___Crnl_L.Mold 8980.JPG,Tomato_Leaf_Mold,8,train
D:\Plant-Disease-Detection\PlantVillage\Tomato_Leaf_Mold\bf120193-9127-4e56-8031-9b0cded8a75d___Crnl_L.Mold 9004.JPG,Tomato_Leaf_Mold,8,test
D:\Plant-Disease-Detection\PlantVillage\Tomato_Leaf_Mold\bf1b824c-7a99-45a5-9b60-5da58b3fe47c___Crnl_L.Mold 8759.JPG,Tomato_Leaf_Mold,8,validation
D:\Plant-Disease-Detection\PlantVillage\Tomato_Leaf_Mold\bf28a373-d2bc-4f16-8153-4b85c0cba6b9___Crnl_L.Mold 8929.JPG,Tomato_Leaf_Mold,8,train
D:\Plant-Disease-Detection\PlantVillage\Tomato_Leaf_Mold\bf40a7f6-0b81-4d33-88fa-1405dcd35f3a___Crnl_L.Mold 7060.JPG,Tomato_Leaf_Mold,8,train
D:\Plant-Disease-Detection\PlantVillage\Tomato_Leaf_Mold\bf7b77e1-6438-45ee-b226-cb69b745a4bc___Crnl_L.Mold 8756.JPG,Tomato_Leaf_Mold,8,train
D:\Plant-Disease-Detection\PlantVillage\Tomato_Leaf_Mold\bf97c963-b3cd-480a-be10-b8b2c539973f___Crnl_L.Mold 6982.JPG,Tomato_Leaf_Mold,8,train
D:\Plant-Disease-Detection\PlantVillage\Tomato_Leaf_Mold\bfa39ac2-512e-4699-b8e1-7baabffb0b97___Crnl_L.Mold 8771.JPG,Tomato_Leaf_Mold,8,train
D:\Plant-Disease-Detection\PlantVillage\Tomato_Leaf_Mold\bfafcb99-32f1-4310-a844-a0a0231afdbe___Crnl_L.Mold 6643.JPG,Tomato_Leaf_Mold,8,train
D:\Plant-Disease-Detection\PlantVillage\Tomato_Leaf_Mold\bffaf3b2-61c2-43e1-bfec-a3412b3d5ac8___Crnl_L.Mold 7026.JPG,Tomato_Leaf_Mold,8,train
D:\Plant-Disease-Detection\PlantVillage\Tomato_Leaf_Mold\c02d931d-c724-49b8-a6c8-440c5492d747___Crnl_L.Mold 6713.JPG,Tomato_Leaf_Mold,8,train
D:\Plant-Disease-Detection\PlantVillage\Tomato_Leaf_Mold\c02f3863-3012-4f3a-873e-8003d73a54f9___Crnl_L.Mold 6520.JPG,Tomato_Leaf_Mold,8,validation
D:\Plant-Disease-Detection\PlantVillage\Tomato_Leaf_Mold\c037b9ad-fa8f-4bbf-a38f-ec0cd6db860d___Crnl_L.Mold 9024.JPG,Tomato_Leaf_Mold,8,validation
D:\Plant-Disease-Detection\PlantVillage\Tomato_Leaf_Mold\c05c1b58-b391-41d4-bdd4-72f82b59a508___Crnl_L.Mold 8926.JPG,Tomato_Leaf_Mold,8,validation
D:\Plant-Disease-Detection\PlantVillage\Tomato_Leaf_Mold\c08002a0-531c-46b0-b580-e9419eac30af___Crnl_L.Mold 6518.JPG,Tomato_Leaf_Mold,8,train
D:\Plant-Disease-Detection\PlantVillage\Tomato_Leaf_Mold\c0a8c47b-c9dc-4b8e-b291-3a87965075df___Crnl_L.Mold 6754.JPG,Tomato_Leaf_Mold,8,train
D:\Plant-Disease-Detection\PlantVillage\Tomato_Leaf_Mold\c0bd50dd-bd61-4b2c-a7f2-84c1730ecfc5___Crnl_L.Mold 6984.JPG,Tomato_Leaf_Mold,8,train
D:\Plant-Disease-Detection\PlantVillage\Tomato_Leaf_Mold\c1672351-bc9d-46b1-b9bc-332f9a9505bb___Crnl_L.Mold 8819.JPG,Tomato_Leaf_Mold,8,train
D:\Plant-Disease-Detection\PlantVillage\Tomato_Leaf_Mold\c247f911-53bf-4b36-ade1-a3f2ddc34f53___Crnl_L.Mold 6589.JPG,Tomato_Leaf_Mold,8,train
D:\Plant-Disease-Detection\PlantVillage\Tomato_Leaf_Mold\c259c11b-b958-4179-b09f-47e69419941a___Crnl_L.Mold 6803.JPG,Tomato_Leaf_Mold,8,validation
D:\Plant-Disease-Detection\PlantVillage\Tomato_Leaf_Mold\c28fe517-5ca7-4021-98a5-9fe8908c815b___Crnl_L.Mold 7116.JPG,Tomato_Leaf_Mold,8,validation
D:\Plant-Disease-Detection\PlantVillage\Tomato_Leaf_Mold\c2c1d52c-c090-4399-ba9c-4f1597bfe900___Crnl_L.Mold 6989.JPG,Tomato_Leaf_Mold,8,train
D:\Plant-Disease-Detection\PlantVillage\Tomato_Leaf_Mold\c2fd7cad-271c-49cc-aa49-85ebf0d4fd8d___Crnl_L.Mold 6820.JPG,Tomato_Leaf_Mold,8,validation
D:\Plant-Disease-Detection\PlantVillage\Tomato_Leaf_Mold\c3b836a9-0621-4979-a4a0-b57b9488cbeb___Crnl_L.Mold 8846.JPG,Tomato_Leaf_Mold,8,validation
D:\Plant-Disease-Detection\PlantVillage\Tomato_Leaf_Mold\c3bd29d2-8770-4897-8554-ccba8fcc387e___Crnl_L.Mold 7154.JPG,Tomato_Leaf_Mold,8,validation
D:\Plant-Disease-Detection\PlantVillage\Tomato_Leaf_Mold\c3d8cc45-95c1-4747-b449-9a44ca4e9704___Crnl_L.Mold 8730.JPG,Tomato_Leaf_Mold,8,validation
D:\Plant-Disease-Detection\PlantVillage\Tomato_Leaf_Mold\c498f92f-5940-43ed-982b-110e5dc67b20___Crnl_L.Mold 7142.JPG,Tomato_Leaf_Mold,8,train
D:\Plant-Disease-Detection\PlantVillage\Tomato_Leaf_Mold\c5194079-bfc0-40d3-bc7e-d379bce83eaf___Crnl_L.Mold 6705.JPG,Tomato_Leaf_Mold,8,test
D:\Plant-Disease-Detection\PlantVillage\Tomato_Leaf_Mold\c587613b-d130-4cc2-b9d6-6981b2c2f954___Crnl_L.Mold 6981.JPG,Tomato_Leaf_Mold,8,train
D:\Plant-Disease-Detection\PlantVillage\Tomato_Leaf_Mold\c5dae6ba-42cf-4497-bf05-52af90c98d8a___Crnl_L.Mold 9038.JPG,Tomato_Leaf_Mold,8,train
D:\Plant-Disease-Detection\PlantVillage\Tomato_Leaf_Mold\c6445d58-718f-40cd-a2b6-19e832214bf9___Crnl_L.Mold 9072.JPG,Tomato_Leaf_Mold,8,train
D:\Plant-Disease-Detection\PlantVillage\Tomato_Leaf_Mold\c6583f61-77e9-4417-aed3-44198e567580___Crnl_L.Mold 8947.JPG,Tomato_Leaf_Mold,8,train
D:\Plant-Disease-Detection\PlantVillage\Tomato_Leaf_Mold\c661bd24-6fcf-4802-9010-68ef6e2e7fa8___Crnl_L.Mold 6644.JPG,Tomato_Leaf_Mold,8,train
D:\Plant-Disease-Detection\PlantVillage\Tomato_Leaf_Mold\c667572c-c9a5-4238-9892-cf3a79c839bb___Crnl_L.Mold 8976.JPG,Tomato_Leaf_Mold,8,train
D:\Plant-Disease-Detection\PlantVillage\Tomato_Leaf_Mold\c66db186-88ba-48d5-aa14-41eaa4d172bd___Crnl_L.Mold 9079.JPG,Tomato_Leaf_Mold,8,train
D:\Plant-Disease-Detection\PlantVillage\Tomato_Leaf_Mold\c6a98e7b-610d-462e-895e-f415dcc0fcfb___Crnl_L.Mold 8869.JPG,Tomato_Leaf_Mold,8,train
D:\Plant-Disease-Detection\PlantVillage\Tomato_Leaf_Mold\c6c8b630-7166-4bfe-a520-f34cf25d7aae___Crnl_L.Mold 6506.JPG,Tomato_Leaf_Mold,8,test
D:\Plant-Disease-Detection\PlantVillage\Tomato_Leaf_Mold\c6e1c2ad-78ae-4241-b86c-39d056318737___Crnl_L.Mold 6736.JPG,Tomato_Leaf_Mold,8,train
D:\Plant-Disease-Detection\PlantVillage\Tomato_Leaf_Mold\c703ee8a-3a32-4b49-9ac2-02138720a47d___Crnl_L.Mold 6614.JPG,Tomato_Leaf_Mold,8,train
D:\Plant-Disease-Detection\PlantVillage\Tomato_Leaf_Mold\c772bd85-b115-49bf-a259-6908e9c8983b___Crnl_L.Mold 8859.JPG,Tomato_Leaf_Mold,8,train
D:\Plant-Disease-Detection\PlantVillage\Tomato_Leaf_Mold\c7a3f599-36dc-40e2-8efc-d0e0568666a7___Crnl_L.Mold 6983.JPG,Tomato_Leaf_Mold,8,train
D:\Plant-Disease-Detection\PlantVillage\Tomato_Leaf_Mold\c7f4b724-0adc-4290-b02f-0cda8d148c73___Crnl_L.Mold 8830.JPG,Tomato_Leaf_Mold,8,test
D:\Plant-Disease-Detection\PlantVillage\Tomato_Leaf_Mold\c92cbefd-7687-4a82-a07e-95cf5990c1d9___Crnl_L.Mold 8698.JPG,Tomato_Leaf_Mold,8,train
D:\Plant-Disease-Detection\PlantVillage\Tomato_Leaf_Mold\c969f446-4098-43f5-a1ad-71b90d1078f6___Crnl_L.Mold 6615.JPG,Tomato_Leaf_Mold,8,train
D:\Plant-Disease-Detection\PlantVillage\Tomato_Leaf_Mold\c9a5bad7-c42c-40e5-a8de-0631a5522018___Crnl_L.Mold 6872.JPG,Tomato_Leaf_Mold,8,test
D:\Plant-Disease-Detection\PlantVillage\Tomato_Leaf_Mold\c9bdd302-7a60-43a7-9850-b48861d021b4___Crnl_L.Mold 7129.JPG,Tomato_Leaf_Mold,8,train
D:\Plant-Disease-Detection\PlantVillage\Tomato_Leaf_Mold\c9cede12-c244-4133-ab64-c801497a8da5___Crnl_L.Mold 8823.JPG,Tomato_Leaf_Mold,8,test
D:\Plant-Disease-Detection\PlantVillage\Tomato_Leaf_Mold\cabcabd6-628c-444d-a7cd-49f44ddbb3e9___Crnl_L.Mold 6579.JPG,Tomato_Leaf_Mold,8,train
D:\Plant-Disease-Detection\PlantVillage\Tomato_Leaf_Mold\cb1f6b09-d542-4b9d-8b06-9e0f2a8965c8___Crnl_L.Mold 7079.JPG,Tomato_Leaf_Mold,8,validation
D:\Plant-Disease-Detection\PlantVillage\Tomato_Leaf_Mold\cb31d287-ef55-42a7-9ebe-df5796ad7d41___Crnl_L.Mold 9060.JPG,Tomato_Leaf_Mold,8,validation
D:\Plant-Disease-Detection\PlantVillage\Tomato_Leaf_Mold\cb88247d-9a2a-4cd9-888a-76d799436f10___Crnl_L.Mold 7125.JPG,Tomato_Leaf_Mold,8,test
D:\Plant-Disease-Detection\PlantVillage\Tomato_Leaf_Mold\cb956960-ad6c-4a87-bee1-dacfc8acb7d8___Crnl_L.Mold 8945.JPG,Tomato_Leaf_Mold,8,train
D:\Plant-Disease-Detection\PlantVillage\Tomato_Leaf_Mold\cb9effb5-7029-410e-8270-8efb36fb124a___Crnl_L.Mold 8841.JPG,Tomato_Leaf_Mold,8,validation
D:\Plant-Disease-Detection\PlantVillage\Tomato_Leaf_Mold\cbbe1216-6d33-4a63-9985-f5b1a2120027___Crnl_L.Mold 6625.JPG,Tomato_Leaf_Mold,8,test
D:\Plant-Disease-Detection\PlantVillage\Tomato_Leaf_Mold\cbcf61e4-9a69-4483-9252-ae649102fb63___Crnl_L.Mold 6858.JPG,Tomato_Leaf_Mold,8,train
D:\Plant-Disease-Detection\PlantVillage\Tomato_Leaf_Mold\cc42f7f9-ecbf-4adf-b1df-1307218aac13___Crnl_L.Mold 8710.JPG,Tomato_Leaf_Mold,8,train
D:\Plant-Disease-Detection\PlantVillage\Tomato_Leaf_Mold\cc485f85-611c-4aa2-ac8c-39beb434a707___Crnl_L.Mold 6502.JPG,Tomato_Leaf_Mold,8,test
D:\Plant-Disease-Detection\PlantVillage\Tomato_Leaf_Mold\cc4dfd3c-fca5-43ce-8532-dc78020d9f62___Crnl_L.Mold 9156.JPG,Tomato_Leaf_Mold,8,train
D:\Plant-Disease-Detection\PlantVillage\Tomato_Leaf_Mold\cd0904a9-a70f-487c-bcc3-18b26a574837___Crnl_L.Mold 8803.JPG,Tomato_Leaf_Mold,8,test
D:\Plant-Disease-Detection\PlantVillage\Tomato_Leaf_Mold\cd7835bc-5278-4005-81ec-9186d3237527___Crnl_L.Mold 6901.JPG,Tomato_Leaf_Mold,8,train
D:\Plant-Disease-Detection\PlantVillage\Tomato_Leaf_Mold\cd7aaafb-8abc-4a8f-b1b6-96cdf3facbb1___Crnl_L.Mold 9172.JPG,Tomato_Leaf_Mold,8,train
D:\Plant-Disease-Detection\PlantVillage\Tomato_Leaf_Mold\ceece521-8e6b-4f7b-b4bb-54369494e7a3___Crnl_L.Mold 6931.JPG,Tomato_Leaf_Mold,8,test
D:\Plant-Disease-Detection\PlantVillage\Tomato_Leaf_Mold\cf08d13a-ab82-4f09-92ab-8f45fe1eb086___Crnl_L.Mold 8671.JPG,Tomato_Leaf_Mold,8,train
D:\Plant-Disease-Detection\PlantVillage\Tomato_Leaf_Mold\cf311eee-51fa-4c71-a012-8cb96db76f4c___Crnl_L.Mold 8700.JPG,Tomato_Leaf_Mold,8,test
D:\Plant-Disease-Detection\PlantVillage\Tomato_Leaf_Mold\cf7130f7-50b1-4dce-81ed-841302e5f71d___Crnl_L.Mold 7072.JPG,Tomato_Leaf_Mold,8,train
D:\Plant-Disease-Detection\PlantVillage\Tomato_Leaf_Mold\cf7d8916-0dc4-4636-85cf-7552c87e13bb___Crnl_L.Mold 9069.JPG,Tomato_Leaf_Mold,8,test
D:\Plant-Disease-Detection\PlantVillage\Tomato_Leaf_Mold\cfb343fb-950d-488c-a158-8208aa69c1b0___Crnl_L.Mold 6751.JPG,Tomato_Leaf_Mold,8,train
D:\Plant-Disease-Detection\PlantVillage\Tomato_Leaf_Mold\cfd41486-76c4-4a0e-b61b-848a4afdc553___Crnl_L.Mold 7157.JPG,Tomato_Leaf_Mold,8,train
D:\Plant-Disease-Detection\PlantVillage\Tomato_Leaf_Mold\d0049080-d379-4a5c-9407-1073f4d3ce3f___Crnl_L.Mold 8642.JPG,Tomato_Leaf_Mold,8,train
D:\Plant-Disease-Detection\PlantVillage\Tomato_Leaf_Mold\d10c19de-1b3f-42fb-822f-6a2927d17c14___Crnl_L.Mold 8812.JPG,Tomato_Leaf_Mold,8,validation
D:\Plant-Disease-Detection\PlantVillage\Tomato_Leaf_Mold\d11b8bf0-6fcb-4b1b-b687-c2e0d2fabaa2___Crnl_L.Mold 6669.JPG,Tomato_Leaf_Mold,8,train
D:\Plant-Disease-Detection\PlantVillage\Tomato_Leaf_Mold\d131dbb4-2255-496a-8e01-fb68f2e6db44___Crnl_L.Mold 6553.JPG,Tomato_Leaf_Mold,8,train
D:\Plant-Disease-Detection\PlantVillage\Tomato_Leaf_Mold\d159f020-15f7-45c5-9808-a8ef0e5914f5___Crnl_L.Mold 9105.JPG,Tomato_Leaf_Mold,8,train
D:\Plant-Disease-Detection\PlantVillage\Tomato_Leaf_Mold\d15e91c8-b473-472e-96b6-331a5c62392d___Crnl_L.Mold 8787.JPG,Tomato_Leaf_Mold,8,train
D:\Plant-Disease-Detection\PlantVillage\Tomato_Leaf_Mold\d2102d1d-e4f2-40d3-84aa-7281e053e646___Crnl_L.Mold 9111.JPG,Tomato_Leaf_Mold,8,test
D:\Plant-Disease-Detection\PlantVillage\Tomato_Leaf_Mold\d22e79f4-23d0-4c0a-849b-c574b3f04232___Crnl_L.Mold 9084.JPG,Tomato_Leaf_Mold,8,test
D:\Plant-Disease-Detection\PlantVillage\Tomato_Leaf_Mold\d23729f0-3d5c-4e13-abd2-5cc7f21a51ee___Crnl_L.Mold 6976.JPG,Tomato_Leaf_Mold,8,train
D:\Plant-Disease-Detection\PlantVillage\Tomato_Leaf_Mold\d2422f17-4d15-4416-8c24-fba263d9b3db___Crnl_L.Mold 8810.JPG,Tomato_Leaf_Mold,8,train
D:\Plant-Disease-Detection\PlantVillage\Tomato_Leaf_Mold\d2c889b0-0223-4e09-9d9f-cdf019b65120___Crnl_L.Mold 8631.JPG,Tomato_Leaf_Mold,8,validation
D:\Plant-Disease-Detection\PlantVillage\Tomato_Leaf_Mold\d3046708-324c-48cc-acff-28c8020485d5___Crnl_L.Mold 9053.JPG,Tomato_Leaf_Mold,8,train
D:\Plant-Disease-Detection\PlantVillage\Tomato_Leaf_Mold\d31448f3-312d-4f30-bb39-c1045b1df616___Crnl_L.Mold 6807.JPG,Tomato_Leaf_Mold,8,train
D:\Plant-Disease-Detection\PlantVillage\Tomato_Leaf_Mold\d33d8470-d090-474b-8c16-cd5e88d40f51___Crnl_L.Mold 6998.JPG,Tomato_Leaf_Mold,8,train
D:\Plant-Disease-Detection\PlantVillage\Tomato_Leaf_Mold\d3f5e817-d531-4f9b-ac58-a9bf80518f85___Crnl_L.Mold 8988.JPG,Tomato_Leaf_Mold,8,train
D:\Plant-Disease-Detection\PlantVillage\Tomato_Leaf_Mold\d3fa9514-82c8-4760-a810-7e7b617f3bb8___Crnl_L.Mold 7148.JPG,Tomato_Leaf_Mold,8,validation
D:\Plant-Disease-Detection\PlantVillage\Tomato_Leaf_Mold\d47ea382-40cb-4126-a2bc-6578c30f9b78___Crnl_L.Mold 6801.JPG,Tomato_Leaf_Mold,8,validation
D:\Plant-Disease-Detection\PlantVillage\Tomato_Leaf_Mold\d49623e2-8d48-480e-8bd1-c7f7b997514c___Crnl_L.Mold 8676.JPG,Tomato_Leaf_Mold,8,train
D:\Plant-Disease-Detection\PlantVillage\Tomato_Leaf_Mold\d4becf38-57b1-46c6-9dbe-fcb747edd287___Crnl_L.Mold 7134.JPG,Tomato_Leaf_Mold,8,validation
D:\Plant-Disease-Detection\PlantVillage\Tomato_Leaf_Mold\d51c5c7e-feb1-46b2-b5c9-05b9b742bf16___Crnl_L.Mold 6505.JPG,Tomato_Leaf_Mold,8,train
D:\Plant-Disease-Detection\PlantVillage\Tomato_Leaf_Mold\d568ebda-a7c9-43dc-8afe-41778448d54a___Crnl_L.Mold 6696.JPG,Tomato_Leaf_Mold,8,train
D:\Plant-Disease-Detection\PlantVillage\Tomato_Leaf_Mold\d5926e32-2f9f-413f-b6b8-fe86725729d2___Crnl_L.Mold 8974.JPG,Tomato_Leaf_Mold,8,train
D:\Plant-Disease-Detection\PlantVillage\Tomato_Leaf_Mold\d61a37fd-71d1-4b5f-a533-74e1bdab3bb8___Crnl_L.Mold 8975.JPG,Tomato_Leaf_Mold,8,train
D:\Plant-Disease-Detection\PlantVillage\Tomato_Leaf_Mold\d633dfc9-74f2-4fbc-b540-3b87a53807d0___Crnl_L.Mold 9106.JPG,Tomato_Leaf_Mold,8,train
D:\Plant-Disease-Detection\PlantVillage\Tomato_Leaf_Mold\d6441d7c-be78-420d-b202-1298cd5b94e9___Crnl_L.Mold 6571.JPG,Tomato_Leaf_Mold,8,train
D:\Plant-Disease-Detection\PlantVillage\Tomato_Leaf_Mold\d662ce55-855f-4af0-84ef-6e0d9e5e468a___Crnl_L.Mold 6586.JPG,Tomato_Leaf_Mold,8,test
D:\Plant-Disease-Detection\PlantVillage\Tomato_Leaf_Mold\d677f9dd-7f27-44de-a0ad-b8e582ee63a8___Crnl_L.Mold 6946.JPG,Tomato_Leaf_Mold,8,train
D:\Plant-Disease-Detection\PlantVillage\Tomato_Leaf_Mold\d6a9f74c-1b76-4b09-860c-2a68fb605c4f___Crnl_L.Mold 6894.JPG,Tomato_Leaf_Mold,8,train
D:\Plant-Disease-Detection\PlantVillage\Tomato_Leaf_Mold\d6ef8382-fbf0-47f3-aea4-53cf32b04ab1___Crnl_L.Mold 6510.JPG,Tomato_Leaf_Mold,8,train
D:\Plant-Disease-Detection\PlantVillage\Tomato_Leaf_Mold\d76eb906-9957-4572-bf7f-60936f30f8f3___Crnl_L.Mold 8640.JPG,Tomato_Leaf_Mold,8,train
D:\Plant-Disease-Detection\PlantVillage\Tomato_Leaf_Mold\d7ee8962-2ee6-4da6-aadd-d181aa54a498___Crnl_L.Mold 8922.JPG,Tomato_Leaf_Mold,8,train
D:\Plant-Disease-Detection\PlantVillage\Tomato_Leaf_Mold\d7fea35f-d06e-4791-9028-d032946a4bcf___Crnl_L.Mold 8666.JPG,Tomato_Leaf_Mold,8,test
D:\Plant-Disease-Detection\PlantVillage\Tomato_Leaf_Mold\d8466889-2874-44fd-b6e1-128c328d5b84___Crnl_L.Mold 8661.JPG,Tomato_Leaf_Mold,8,test
D:\Plant-Disease-Detection\PlantVillage\Tomato_Leaf_Mold\d851f069-a167-4136-b21f-73a85f6f2126___Crnl_L.Mold 8957.JPG,Tomato_Leaf_Mold,8,train
D:\Plant-Disease-Detection\PlantVillage\Tomato_Leaf_Mold\d8b47693-9b2e-4ee2-b822-d61668bd7ea1___Crnl_L.Mold 9016.JPG,Tomato_Leaf_Mold,8,train
D:\Plant-Disease-Detection\PlantVillage\Tomato_Leaf_Mold\d8cbf2c3-f99f-4af9-a8a2-9d88e2ed0524___Crnl_L.Mold 7022.JPG,Tomato_Leaf_Mold,8,train
D:\Plant-Disease-Detection\PlantVillage\Tomato_Leaf_Mold\d8f27502-b864-4da3-9dd5-b7eccf2e8cbc___Crnl_L.Mold 6708.JPG,Tomato_Leaf_Mold,8,train
D:\Plant-Disease-Detection\PlantVillage\Tomato_Leaf_Mold\d909406f-7eb4-4498-a31f-0a1b3535cb35___Crnl_L.Mold 8797.JPG,Tomato_Leaf_Mold,8,test
D:\Plant-Disease-Detection\PlantVillage\Tomato_Leaf_Mold\d90f334c-18c3-4b20-903e-e51f57d8704d___Crnl_L.Mold 6935.JPG,Tomato_Leaf_Mold,8,train
D:\Plant-Disease-Detection\PlantVillage\Tomato_Leaf_Mold\d93b58b0-81cd-4e29-93b3-6f3d8fc9e6f3___Crnl_L.Mold 6966.JPG,Tomato_Leaf_Mold,8,train
D:\Plant-Disease-Detection\PlantVillage\Tomato_Leaf_Mold\d94e7f33-7c00-4541-8bb2-ba6314f68c0e___Crnl_L.Mold 6885.JPG,Tomato_Leaf_Mold,8,validation
D:\Plant-Disease-Detection\PlantVillage\Tomato_Leaf_Mold\d97b4cea-9445-4051-bc20-f8421dac0d4b___Crnl_L.Mold 6704.JPG,Tomato_Leaf_Mold,8,validation
D:\Plant-Disease-Detection\PlantVillage\Tomato_Leaf_Mold\d998fc3d-1314-4f78-86b7-ca3bf205fe6a___Crnl_L.Mold 7168.JPG,Tomato_Leaf_Mold,8,train
D:\Plant-Disease-Detection\PlantVillage\Tomato_Leaf_Mold\d9c04f45-b778-42cf-a96c-bdf559f5be25___Crnl_L.Mold 8833.JPG,Tomato_Leaf_Mold,8,train
D:\Plant-Disease-Detection\PlantVillage\Tomato_Leaf_Mold\d9c37e93-e99b-4a09-a040-a5d19d75feb9___Crnl_L.Mold 6733.JPG,Tomato_Leaf_Mold,8,train
D:\Plant-Disease-Detection\PlantVillage\Tomato_Leaf_Mold\d9dbc294-2f3a-409f-a238-218c4700d011___Crnl_L.Mold 8748.JPG,Tomato_Leaf_Mold,8,train
D:\Plant-Disease-Detection\PlantVillage\Tomato_Leaf_Mold\d9fdbaad-4cf2-4214-bd39-5f640f517260___Crnl_L.Mold 7051.JPG,Tomato_Leaf_Mold,8,train
D:\Plant-Disease-Detection\PlantVillage\Tomato_Leaf_Mold\da6cc51a-6ba2-4b1d-aa4f-5d699860da6b___Crnl_L.Mold 6767.JPG,Tomato_Leaf_Mold,8,train
D:\Plant-Disease-Detection\PlantVillage\Tomato_Leaf_Mold\da70a983-649d-4262-a78f-4b5be677167e___Crnl_L.Mold 9168.JPG,Tomato_Leaf_Mold,8,train
D:\Plant-Disease-Detection\PlantVillage\Tomato_Leaf_Mold\da83c654-4106-45be-b410-28ae89d93e22___Crnl_L.Mold 7054.JPG,Tomato_Leaf_Mold,8,train
D:\Plant-Disease-Detection\PlantVillage\Tomato_Leaf_Mold\db0e6ad7-58db-478e-9b17-37bb603363d1___Crnl_L.Mold 8863.JPG,Tomato_Leaf_Mold,8,train
D:\Plant-Disease-Detection\PlantVillage\Tomato_Leaf_Mold\db35e8bc-5879-436e-82a1-e1e0e0f9b19c___Crnl_L.Mold 7044.JPG,Tomato_Leaf_Mold,8,test
D:\Plant-Disease-Detection\PlantVillage\Tomato_Leaf_Mold\dbbb1200-16e8-4842-acbf-57ccd1afc2dc___Crnl_L.Mold 7035.JPG,Tomato_Leaf_Mold,8,train
D:\Plant-Disease-Detection\PlantVillage\Tomato_Leaf_Mold\dbd8242c-1c4c-4d6a-97ba-6cb26fffec49___Crnl_L.Mold 7145.JPG,Tomato_Leaf_Mold,8,train
D:\Plant-Disease-Detection\PlantVillage\Tomato_Leaf_Mold\dc533794-bc05-4564-b110-dea895234a02___Crnl_L.Mold 9068.JPG,Tomato_Leaf_Mold,8,train
D:\Plant-Disease-Detection\PlantVillage\Tomato_Leaf_Mold\dc61dd2d-7b0f-4927-a3af-4ad0c71bda15___Crnl_L.Mold 6561.JPG,Tomato_Leaf_Mold,8,test
D:\Plant-Disease-Detection\PlantVillage\Tomato_Leaf_Mold\dc84eefb-f6bf-4978-a58a-d11f1ed0b26f___Crnl_L.Mold 9125.JPG,Tomato_Leaf_Mold,8,train
D:\Plant-Disease-Detection\PlantVillage\Tomato_Leaf_Mold\dc98f601-174f-481d-a666-6af979c61d4f___Crnl_L.Mold 6859.JPG,Tomato_Leaf_Mold,8,validation
D:\Plant-Disease-Detection\PlantVillage\Tomato_Leaf_Mold\dde4e8af-a08a-48e7-969d-0b6c66912431___Crnl_L.Mold 8963.JPG,Tomato_Leaf_Mold,8,train
D:\Plant-Disease-Detection\PlantVillage\Tomato_Leaf_Mold\de7feb7f-caf7-4f98-90d4-096b0f130817___Crnl_L.Mold 6629.JPG,Tomato_Leaf_Mold,8,test
D:\Plant-Disease-Detection\PlantVillage\Tomato_Leaf_Mold\df5a282e-d66e-4fb3-8ce4-eddfe5253c50___Crnl_L.Mold 8940.JPG,Tomato_Leaf_Mold,8,train
D:\Plant-Disease-Detection\PlantVillage\Tomato_Leaf_Mold\df78e8cb-8fc5-4682-ab5c-f265b4e8d97e___Crnl_L.Mold 8619.JPG,Tomato_Leaf_Mold,8,validation
D:\Plant-Disease-Detection\PlantVillage\Tomato_Leaf_Mold\dfdad328-4a07-43ce-afc4-4d1dd069f52b___Crnl_L.Mold 8791.JPG,Tomato_Leaf_Mold,8,test
D:\Plant-Disease-Detection\PlantVillage\Tomato_Leaf_Mold\e04f2ba7-8aac-4c3a-950f-edf70a6c2905___Crnl_L.Mold 7173.JPG,Tomato_Leaf_Mold,8,train
D:\Plant-Disease-Detection\PlantVillage\Tomato_Leaf_Mold\e1af66f2-f7a8-4ae8-8f79-f9b8e8508d58___Crnl_L.Mold 8697.JPG,Tomato_Leaf_Mold,8,validation
D:\Plant-Disease-Detection\PlantVillage\Tomato_Leaf_Mold\e1d28219-50e4-4fae-be14-ab80ffe0c748___Crnl_L.Mold 6969.JPG,Tomato_Leaf_Mold,8,train
D:\Plant-Disease-Detection\PlantVillage\Tomato_Leaf_Mold\e2d2986e-7661-4844-86a7-74d9494d0025___Crnl_L.Mold 8699.JPG,Tomato_Leaf_Mold,8,train
D:\Plant-Disease-Detection\PlantVillage\Tomato_Leaf_Mold\e2d4c4ee-752f-4494-a046-6076bc08ecbd___Crnl_L.Mold 7178.JPG,Tomato_Leaf_Mold,8,validation
D:\Plant-Disease-Detection\PlantVillage\Tomato_Leaf_Mold\e33b960c-9d75-4de7-a310-ac39e5f326a4___Crnl_L.Mold 6689.JPG,Tomato_Leaf_Mold,8,train
D:\Plant-Disease-Detection\PlantVillage\Tomato_Leaf_Mold\e379328a-4265-470a-978d-5020f59f4c1f___Crnl_L.Mold 6833.JPG,Tomato_Leaf_Mold,8,test
D:\Plant-Disease-Detection\PlantVillage\Tomato_Leaf_Mold\e38c743b-d76a-4986-8992-9a1c4644abdf___Crnl_L.Mold 6511.JPG,Tomato_Leaf_Mold,8,train
D:\Plant-Disease-Detection\PlantVillage\Tomato_Leaf_Mold\e3f2056b-aa97-4369-8b56-90fd45f37d4d___Crnl_L.Mold 6555.JPG,Tomato_Leaf_Mold,8,train
D:\Plant-Disease-Detection\PlantVillage\Tomato_Leaf_Mold\e401be04-ce62-4682-ae91-765fc4c2cc31___Crnl_L.Mold 7114.JPG,Tomato_Leaf_Mold,8,train
D:\Plant-Disease-Detection\PlantVillage\Tomato_Leaf_Mold\e40291b5-6b55-4c56-a044-3971e70eda1e___Crnl_L.Mold 7164.JPG,Tomato_Leaf_Mold,8,train
D:\Plant-Disease-Detection\PlantVillage\Tomato_Leaf_Mold\e40da81e-07e7-4914-af0d-461a2b1a10ec___Crnl_L.Mold 7101.JPG,Tomato_Leaf_Mold,8,train
D:\Plant-Disease-Detection\PlantVillage\Tomato_Leaf_Mold\e4a916fa-f59f-42cc-84a3-41d11293c73a___Crnl_L.Mold 9051.JPG,Tomato_Leaf_Mold,8,train
D:\Plant-Disease-Detection\PlantVillage\Tomato_Leaf_Mold\e4b615ab-7fb8-48cb-a497-49b956ca2437___Crnl_L.Mold 8778.JPG,Tomato_Leaf_Mold,8,train
D:\Plant-Disease-Detection\PlantVillage\Tomato_Leaf_Mold\e4bc3bc6-794e-43c4-8938-e56ed74b5542___Crnl_L.Mold 6613.JPG,Tomato_Leaf_Mold,8,train
D:\Plant-Disease-Detection\PlantVillage\Tomato_Leaf_Mold\e4e09a80-ae3a-42e8-ae98-e892b0507098___Crnl_L.Mold 6636.JPG,Tomato_Leaf_Mold,8,train
D:\Plant-Disease-Detection\PlantVillage\Tomato_Leaf_Mold\e5296fcd-8354-4c8c-8e91-777fe4d9555b___Crnl_L.Mold 8973.JPG,Tomato_Leaf_Mold,8,test
D:\Plant-Disease-Detection\PlantVillage\Tomato_Leaf_Mold\e52cddad-4c37-4f76-99fe-332801a1cb54___Crnl_L.Mold 6949.JPG,Tomato_Leaf_Mold,8,test
D:\Plant-Disease-Detection\PlantVillage\Tomato_Leaf_Mold\e52d4992-f924-4b08-afea-8bbdb4766089___Crnl_L.Mold 9010.JPG,Tomato_Leaf_Mold,8,train
D:\Plant-Disease-Detection\PlantVillage\Tomato_Leaf_Mold\e59a2933-7869-4e49-8ed5-1663ca5200d1___Crnl_L.Mold 6785.JPG,Tomato_Leaf_Mold,8,test
D:\Plant-Disease-Detection\PlantVillage\Tomato_Leaf_Mold\e5a3c9fd-64a6-426f-a0a0-2fd28a7852d0___Crnl_L.Mold 6575.JPG,Tomato_Leaf_Mold,8,train
D:\Plant-Disease-Detection\PlantVillage\Tomato_Leaf_Mold\e6b6cab1-56f9-429f-b89f-110c0128d5be___Crnl_L.Mold 7098.JPG,Tomato_Leaf_Mold,8,validation
D:\Plant-Disease-Detection\PlantVillage\Tomato_Leaf_Mold\e6e60f43-eff7-4f87-8aef-ab1ddcc6526a___Crnl_L.Mold 6942.JPG,Tomato_Leaf_Mold,8,train
D:\Plant-Disease-Detection\PlantVillage\Tomato_Leaf_Mold\e710a5d8-3d50-4382-9786-931ca51ba797___Crnl_L.Mold 6851.JPG,Tomato_Leaf_Mold,8,train
D:\Plant-Disease-Detection\PlantVillage\Tomato_Leaf_Mold\e7391b48-0b36-41fd-81f0-35c6b5a24d0a___Crnl_L.Mold 6761.JPG,Tomato_Leaf_Mold,8,train
D:\Plant-Disease-Detection\PlantVillage\Tomato_Leaf_Mold\e7e687ae-c2f1-4ab4-9726-fe9ee5c1c889___Crnl_L.Mold 8765.JPG,Tomato_Leaf_Mold,8,train
D:\Plant-Disease-Detection\PlantVillage\Tomato_Leaf_Mold\e7ebe82b-5573-47ff-acb8-f208462d0335___Crnl_L.Mold 7123.JPG,Tomato_Leaf_Mold,8,train
D:\Plant-Disease-Detection\PlantVillage\Tomato_Leaf_Mold\e8a0bcf7-b76f-495f-ad84-f29329bfa481___Crnl_L.Mold 6620.JPG,Tomato_Leaf_Mold,8,train
D:\Plant-Disease-Detection\PlantVillage\Tomato_Leaf_Mold\e8b8ec25-254b-4e16-adec-82f68d311e0a___Crnl_L.Mold 6508.JPG,Tomato_Leaf_Mold,8,train
D:\Plant-Disease-Detection\PlantVillage\Tomato_Leaf_Mold\e8e4c7fa-6c75-470a-888a-0763cade48bc___Crnl_L.Mold 7099.JPG,Tomato_Leaf_Mold,8,train
D:\Plant-Disease-Detection\PlantVillage\Tomato_Leaf_Mold\e98c3ab2-eb39-48a5-8beb-d11995a55015___Crnl_L.Mold 9185.JPG,Tomato_Leaf_Mold,8,train
D:\Plant-Disease-Detection\PlantVillage\Tomato_Leaf_Mold\e9a29961-5b3e-47a8-b2aa-b8d0ba9f2a80___Crnl_L.Mold 6838.JPG,Tomato_Leaf_Mold,8,train
D:\Plant-Disease-Detection\PlantVillage\Tomato_Leaf_Mold\ea06d6ff-8848-40a9-8372-fcb229337bd4___Crnl_L.Mold 9092.JPG,Tomato_Leaf_Mold,8,train
D:\Plant-Disease-Detection\PlantVillage\Tomato_Leaf_Mold\ea19d516-b7fd-45c3-a459-68281f3bd9aa___Crnl_L.Mold 6836.JPG,Tomato_Leaf_Mold,8,train
D:\Plant-Disease-Detection\PlantVillage\Tomato_Leaf_Mold\ea8273ed-0d2e-483d-a653-0abc4886d780___Crnl_L.Mold 6988.JPG,Tomato_Leaf_Mold,8,train
D:\Plant-Disease-Detection\PlantVillage\Tomato_Leaf_Mold\eab7f198-a04b-4e25-b329-41e7666d1fde___Crnl_L.Mold 6773.JPG,Tomato_Leaf_Mold,8,train
D:\Plant-Disease-Detection\PlantVillage\Tomato_Leaf_Mold\ebe5c5c5-7e29-4aa7-bc0b-f895b5bc3d20___Crnl_L.Mold 6676.JPG,Tomato_Leaf_Mold,8,train
D:\Plant-Disease-Detection\PlantVillage\Tomato_Leaf_Mold\ec76173b-c354-4711-9bb7-b38dae1ea5b4___Crnl_L.Mold 9074.JPG,Tomato_Leaf_Mold,8,train
D:\Plant-Disease-Detection\PlantVillage\Tomato_Leaf_Mold\eca409c5-fd2b-4fab-9a54-4fad60a205d8___Crnl_L.Mold 8875.JPG,Tomato_Leaf_Mold,8,train
D:\Plant-Disease-Detection\PlantVillage\Tomato_Leaf_Mold\ecee5a37-1c82-4f93-a9d9-d1c098e6514d___Crnl_L.Mold 8618.JPG,Tomato_Leaf_Mold,8,test
D:\Plant-Disease-Detection\PlantVillage\Tomato_Leaf_Mold\ed52b0a7-f569-4fdb-b04c-a624d8793092___Crnl_L.Mold 8880.JPG,Tomato_Leaf_Mold,8,train
D:\Plant-Disease-Detection\PlantVillage\Tomato_Leaf_Mold\ed85b79f-958f-42a8-adb9-2a34022fa016___Crnl_L.Mold 9031.JPG,Tomato_Leaf_Mold,8,train
D:\Plant-Disease-Detection\PlantVillage\Tomato_Leaf_Mold\edd27dda-8e38-45da-9744-75982f71b4fe___Crnl_L.Mold 8762.JPG,Tomato_Leaf_Mold,8,train
D:\Plant-Disease-Detection\PlantVillage\Tomato_Leaf_Mold\edd41abf-a135-4648-b724-a57b91f403e5___Crnl_L.Mold 6980.JPG,Tomato_Leaf_Mold,8,test
D:\Plant-Disease-Detection\PlantVillage\Tomato_Leaf_Mold\edf50862-c5ce-406d-a3f1-f228bd358ca3___Crnl_L.Mold 7038.JPG,Tomato_Leaf_Mold,8,test
D:\Plant-Disease-Detection\PlantVillage\Tomato_Leaf_Mold\eeb1fcab-1278-4c23-bef4-2b54ec75f651___Crnl_L.Mold 9158.JPG,Tomato_Leaf_Mold,8,test
D:\Plant-Disease-Detection\PlantVillage\Tomato_Leaf_Mold\efa60351-9550-43dc-b0a7-c74b591f29bf___Crnl_L.Mold 7083.JPG,Tomato_Leaf_Mold,8,train
D:\Plant-Disease-Detection\PlantVillage\Tomato_Leaf_Mold\efc97ed0-2c07-448d-b69f-dc75bf46844b___Crnl_L.Mold 9159.JPG,Tomato_Leaf_Mold,8,train
D:\Plant-Disease-Detection\PlantVillage\Tomato_Leaf_Mold\f0c85df0-2aaf-48c6-a90b-05b78a59bcc5___Crnl_L.Mold 6624.JPG,Tomato_Leaf_Mold,8,train
D:\Plant-Disease-Detection\PlantVillage\Tomato_Leaf_Mold\f0e71c5c-4a0b-4b97-88db-19438a52d9b1___Crnl_L.Mold 8751.JPG,Tomato_Leaf_Mold,8,train
D:\Plant-Disease-Detection\PlantVillage\Tomato_Leaf_Mold\f12a4cdc-3c47-4f22-9f03-188015dedb07___Crnl_L.Mold 8913.JPG,Tomato_Leaf_Mold,8,train
D:\Plant-Disease-Detection\PlantVillage\Tomato_Leaf_Mold\f166d436-6e53-469e-b5ce-ff0e5ed73086___Crnl_L.Mold 6524.JPG,Tomato_Leaf_Mold,8,validation
D:\Plant-Disease-Detection\PlantVillage\Tomato_Leaf_Mold\f1cba359-4553-46a7-a1b3-3b6dbbcb81ae___Crnl_L.Mold 7151.JPG,Tomato_Leaf_Mold,8,test
D:\Plant-Disease-Detection\PlantVillage\Tomato_Leaf_Mold\f20ed4bc-ca80-440c-b254-95d0a1953da8___Crnl_L.Mold 8792.JPG,Tomato_Leaf_Mold,8,train
D:\Plant-Disease-Detection\PlantVillage\Tomato_Leaf_Mold\f28805ce-de82-49bf-be6c-aa8c9c71a595___Crnl_L.Mold 8815.JPG,Tomato_Leaf_Mold,8,train
D:\Plant-Disease-Detection\PlantVillage\Tomato_Leaf_Mold\f2a712d0-5d8c-4676-a0c3-732ef8ebc8f0___Crnl_L.Mold 8861.JPG,Tomato_Leaf_Mold,8,validation
D:\Plant-Disease-Detection\PlantVillage\Tomato_Leaf_Mold\f2b42380-d2e4-4335-8e49-43cef9e4d357___Crnl_L.Mold 7068.JPG,Tomato_Leaf_Mold,8,train
D:\Plant-Disease-Detection\PlantVillage\Tomato_Leaf_Mold\f2da011d-7004-40de-ba61-9e9fe12ad6b0___Crnl_L.Mold 7143.JPG,Tomato_Leaf_Mold,8,train
D:\Plant-Disease-Detection\PlantVillage\Tomato_Leaf_Mold\f3113f81-fff3-4b7d-b171-7315216c4d10___Crnl_L.Mold 8683.JPG,Tomato_Leaf_Mold,8,validation
D:\Plant-Disease-Detection\PlantVillage\Tomato_Leaf_Mold\f3b8f9e3-6c47-4797-9da6-d8b09e19048c___Crnl_L.Mold 9023.JPG,Tomato_Leaf_Mold,8,train
D:\Plant-Disease-Detection\PlantVillage\Tomato_Leaf_Mold\f3c54833-7b3e-43bf-8d1d-a67a8c6cfd83___Crnl_L.Mold 8858.JPG,Tomato_Leaf_Mold,8,train
D:\Plant-Disease-Detection\PlantVillage\Tomato_Leaf_Mold\f3ef6606-c66b-4fa0-a542-f09b78b6c3e0___Crnl_L.Mold 9120.JPG,Tomato_Leaf_Mold,8,train
D:\Plant-Disease-Detection\PlantVillage\Tomato_Leaf_Mold\f42103cc-e7e6-4b18-97cb-e78b1bf0395f___Crnl_L.Mold 6819.JPG,Tomato_Leaf_Mold,8,test
D:\Plant-Disease-Detection\PlantVillage\Tomato_Leaf_Mold\f456169c-83b5-4fd6-8c0a-41f36fb23ac7___Crnl_L.Mold 6693.JPG,Tomato_Leaf_Mold,8,validation
D:\Plant-Disease-Detection\PlantVillage\Tomato_Leaf_Mold\f482c835-b8f2-4ebc-88b2-3b6f58b8a696___Crnl_L.Mold 8949.JPG,Tomato_Leaf_Mold,8,validation
D:\Plant-Disease-Detection\PlantVillage\Tomato_Leaf_Mold\f4844fb4-c16b-454b-b5b2-64911885ec71___Crnl_L.Mold 8657.JPG,Tomato_Leaf_Mold,8,train
D:\Plant-Disease-Detection\PlantVillage\Tomato_Leaf_Mold\f48883d4-b37c-46b9-8e3d-a3cb04ff6067___Crnl_L.Mold 6641.JPG,Tomato_Leaf_Mold,8,train
D:\Plant-Disease-Detection\PlantVillage\Tomato_Leaf_Mold\f48a7999-9eaa-4403-a2a5-533d22092d46___Crnl_L.Mold 6854.JPG,Tomato_Leaf_Mold,8,train
D:\Plant-Disease-Detection\PlantVillage\Tomato_Leaf_Mold\f49fa2e7-d767-4d97-8b57-026388fe548a___Crnl_L.Mold 9033.JPG,Tomato_Leaf_Mold,8,validation
D:\Plant-Disease-Detection\PlantVillage\Tomato_Leaf_Mold\f519ceb3-e49b-4be9-81fa-20fea299b49e___Crnl_L.Mold 9088.JPG,Tomato_Leaf_Mold,8,test
D:\Plant-Disease-Detection\PlantVillage\Tomato_Leaf_Mold\f53d879a-6033-4317-8524-e108b10e7656___Crnl_L.Mold 7140.JPG,Tomato_Leaf_Mold,8,train
D:\Plant-Disease-Detection\PlantVillage\Tomato_Leaf_Mold\f588d442-8eb5-439a-9c1a-cad5722ecc28___Crnl_L.Mold 7133.JPG,Tomato_Leaf_Mold,8,train
D:\Plant-Disease-Detection\PlantVillage\Tomato_Leaf_Mold\f59fc67c-3f69-4dd5-b4f5-370cb8ed71da___Crnl_L.Mold 6788.JPG,Tomato_Leaf_Mold,8,train
D:\Plant-Disease-Detection\PlantVillage\Tomato_Leaf_Mold\f61fcad0-2f24-461e-9dc7-4908d950f397___Crnl_L.Mold 8860.JPG,Tomato_Leaf_Mold,8,train
D:\Plant-Disease-Detection\PlantVillage\Tomato_Leaf_Mold\f63bb2e2-d13c-4e48-8e94-4d97f0dbad49___Crnl_L.Mold 6799.JPG,Tomato_Leaf_Mold,8,train
D:\Plant-Disease-Detection\PlantVillage\Tomato_Leaf_Mold\f655d3f3-4b41-4e5a-adcd-5bf481d8d8eb___Crnl_L.Mold 8716.JPG,Tomato_Leaf_Mold,8,validation
D:\Plant-Disease-Detection\PlantVillage\Tomato_Leaf_Mold\f6ac8e4d-e718-48c4-acb4-614733512c96___Crnl_L.Mold 7052.JPG,Tomato_Leaf_Mold,8,train
D:\Plant-Disease-Detection\PlantVillage\Tomato_Leaf_Mold\f6c104df-09ed-467c-8e67-30d5bd5d7cd2___Crnl_L.Mold 6829.JPG,Tomato_Leaf_Mold,8,train
D:\Plant-Disease-Detection\PlantVillage\Tomato_Leaf_Mold\f6c11a02-6f44-4e15-aab8-50cb8d79bc62___Crnl_L.Mold 9166.JPG,Tomato_Leaf_Mold,8,train
D:\Plant-Disease-Detection\PlantVillage\Tomato_Leaf_Mold\f6c43250-2d85-42fb-85e6-57699cbb9350___Crnl_L.Mold 6765.JPG,Tomato_Leaf_Mold,8,train
D:\Plant-Disease-Detection\PlantVillage\Tomato_Leaf_Mold\f75e6248-4f29-42d7-877f-14f3024a7fd7___Crnl_L.Mold 6896.JPG,Tomato_Leaf_Mold,8,train
D:\Plant-Disease-Detection\PlantVillage\Tomato_Leaf_Mold\f7826d86-2eb1-408f-b2c1-a43afe0268b3___Crnl_L.Mold 9056.JPG,Tomato_Leaf_Mold,8,train
D:\Plant-Disease-Detection\PlantVillage\Tomato_Leaf_Mold\f78e3205-2a7f-43cf-988c-63aaf2179a5d___Crnl_L.Mold 6878.JPG,Tomato_Leaf_Mold,8,train
D:\Plant-Disease-Detection\PlantVillage\Tomato_Leaf_Mold\f7a198ea-1064-41ab-be9c-f0bab081a128___Crnl_L.Mold 6918.JPG,Tomato_Leaf_Mold,8,train
D:\Plant-Disease-Detection\PlantVillage\Tomato_Leaf_Mold\f7a5605e-ac92-4352-9ae7-1338aa77e8d1___Crnl_L.Mold 6630.JPG,Tomato_Leaf_Mold,8,train
D:\Plant-Disease-Detection\PlantVillage\Tomato_Leaf_Mold\f80ea01a-c910-4f53-b415-9b327dc51402___Crnl_L.Mold 6804.JPG,Tomato_Leaf_Mold,8,train
D:\Plant-Disease-Detection\PlantVillage\Tomato_Leaf_Mold\f853c1bf-7139-42d0-a40d-0e98da2cbab0___Crnl_L.Mold 6509.JPG,Tomato_Leaf_Mold,8,validation
D:\Plant-Disease-Detection\PlantVillage\Tomato_Leaf_Mold\f85b350c-a7cf-4652-87e7-5e039e82021d___Crnl_L.Mold 8927.JPG,Tomato_Leaf_Mold,8,train
D:\Plant-Disease-Detection\PlantVillage\Tomato_Leaf_Mold\f8e698ff-5f4d-4735-ae53-1daf38c49d46___Crnl_L.Mold 6536.JPG,Tomato_Leaf_Mold,8,train
D:\Plant-Disease-Detection\PlantVillage\Tomato_Leaf_Mold\f9124c7e-9cfd-4b90-bc64-aadd638e896d___Crnl_L.Mold 8925.JPG,Tomato_Leaf_Mold,8,train
D:\Plant-Disease-Detection\PlantVillage\Tomato_Leaf_Mold\f91b6466-7c71-44ef-86f4-eaf2cdabf8bf___Crnl_L.Mold 7055.JPG,Tomato_Leaf_Mold,8,test
D:\Plant-Disease-Detection\PlantVillage\Tomato_Leaf_Mold\f989d3e8-e86b-4a15-80d7-22f6f7e0497a___Crnl_L.Mold 6818.JPG,Tomato_Leaf_Mold,8,train
D:\Plant-Disease-Detection\PlantVillage\Tomato_Leaf_Mold\f9e451c7-e732-4c74-a0bd-94e7fa8016ac___Crnl_L.Mold 7093.JPG,Tomato_Leaf_Mold,8,train
D:\Plant-Disease-Detection\PlantVillage\Tomato_Leaf_Mold\fa0cb20b-cafb-494d-85f5-0af1a5785671___Crnl_L.Mold 6743.JPG,Tomato_Leaf_Mold,8,train
D:\Plant-Disease-Detection\PlantVillage\Tomato_Leaf_Mold\fa2fb8f3-3561-4dad-bec1-a60555b9197d___Crnl_L.Mold 8852.JPG,Tomato_Leaf_Mold,8,train
D:\Plant-Disease-Detection\PlantVillage\Tomato_Leaf_Mold\fb0dbb23-b3fb-406f-bb7a-c5e0d45207d3___Crnl_L.Mold 8948.JPG,Tomato_Leaf_Mold,8,validation
D:\Plant-Disease-Detection\PlantVillage\Tomato_Leaf_Mold\fb134b57-4763-4598-a0ee-ec7aa7e95d35___Crnl_L.Mold 6695.JPG,Tomato_Leaf_Mold,8,train
D:\Plant-Disease-Detection\PlantVillage\Tomato_Leaf_Mold\fb7b35d0-f501-4410-902c-99ab6022ae47___Crnl_L.Mold 9163.JPG,Tomato_Leaf_Mold,8,validation
D:\Plant-Disease-Detection\PlantVillage\Tomato_Leaf_Mold\fb88e8e4-f380-4d43-a70e-0e64db8d1b64___Crnl_L.Mold 6798.JPG,Tomato_Leaf_Mold,8,train
D:\Plant-Disease-Detection\PlantVillage\Tomato_Leaf_Mold\fbd446f3-6104-4ab8-8d3f-d4f69befecef___Crnl_L.Mold 7131.JPG,Tomato_Leaf_Mold,8,train
D:\Plant-Disease-Detection\PlantVillage\Tomato_Leaf_Mold\fc3b00ae-34b4-41f4-9122-5649f1aca3d8___Crnl_L.Mold 6687.JPG,Tomato_Leaf_Mold,8,validation
D:\Plant-Disease-Detection\PlantVillage\Tomato_Leaf_Mold\fcfc6758-32cd-4e18-8d56-e3ffde988921___Crnl_L.Mold 6591.JPG,Tomato_Leaf_Mold,8,train
D:\Plant-Disease-Detection\PlantVillage\Tomato_Leaf_Mold\fd2cc427-8f4c-4551-96db-bd5d53974039___Crnl_L.Mold 6684.JPG,Tomato_Leaf_Mold,8,train
D:\Plant-Disease-Detection\PlantVillage\Tomato_Leaf_Mold\fd686c68-9a4a-4d11-98fa-7c612aff9fd4___Crnl_L.Mold 6974.JPG,Tomato_Leaf_Mold,8,train
D:\Plant-Disease-Detection\PlantVillage\Tomato_Leaf_Mold\fdec728a-c3e5-478d-9e14-ac1a717d5ffc___Crnl_L.Mold 9045.JPG,Tomato_Leaf_Mold,8,train
D:\Plant-Disease-Detection\PlantVillage\Tomato_Leaf_Mold\fe00923d-7acb-4a3b-9104-e2d429181e5d___Crnl_L.Mold 6822.JPG,Tomato_Leaf_Mold,8,train
D:\Plant-Disease-Detection\PlantVillage\Tomato_Leaf_Mold\fe0bcd7f-a7de-4155-95a5-79043190eef7___Crnl_L.Mold 7030.JPG,Tomato_Leaf_Mold,8,test
D:\Plant-Disease-Detection\PlantVillage\Tomato_Leaf_Mold\fe52f026-be65-43bf-823e-d5fc9a9b0340___Crnl_L.Mold 6774.JPG,Tomato_Leaf_Mold,8,train
D:\Plant-Disease-Detection\PlantVillage\Tomato_Leaf_Mold\fe60a756-1145-4ed4-9496-af5f387f0222___Crnl_L.Mold 8965.JPG,Tomato_Leaf_Mold,8,test
D:\Plant-Disease-Detection\PlantVillage\Tomato_Leaf_Mold\fec6ddb1-599d-4de0-905c-c4e526021314___Crnl_L.Mold 8895.JPG,Tomato_Leaf_Mold,8,train
D:\Plant-Disease-Detection\PlantVillage\Tomato_Leaf_Mold\fee0f163-ef11-48ce-9eff-5546b8ddae91___Crnl_L.Mold 6861.JPG,Tomato_Leaf_Mold,8,train
D:\Plant-Disease-Detection\PlantVillage\Tomato_Leaf_Mold\fef7ee3c-0242-4054-ab99-c010ceda9836___Crnl_L.Mold 9025.JPG,Tomato_Leaf_Mold,8,train
D:\Plant-Disease-Detection\PlantVillage\Tomato_Leaf_Mold\ff01be71-2cc9-4e83-b907-81c21d31983b___Crnl_L.Mold 9117.JPG,Tomato_Leaf_Mold,8,train
D:\Plant-Disease-Detection\PlantVillage\Tomato_Leaf_Mold\ffb2d848-e46c-485c-a633-8d6137dd3dbf___Crnl_L.Mold 8735.JPG,Tomato_Leaf_Mold,8,train
D:\Plant-Disease-Detection\PlantVillage\Tomato_Septoria_leaf_spot\006c018a-bb21-4a24-b1ff-d8b2864a7354___Matt.S_CG 6192.JPG,Tomato_Septoria_leaf_spot,9,train
D:\Plant-Disease-Detection\PlantVillage\Tomato_Septoria_leaf_spot\00f16858-f392-4d9e-ad9f-efab8049a13f___JR_Sept.L.S 8368.JPG,Tomato_Septoria_leaf_spot,9,train
D:\Plant-Disease-Detection\PlantVillage\Tomato_Septoria_leaf_spot\021f9747-f308-4694-859b-10f541a0e63c___JR_Sept.L.S 2506.JPG,Tomato_Septoria_leaf_spot,9,train
D:\Plant-Disease-Detection\PlantVillage\Tomato_Septoria_leaf_spot\02d2c484-8bdb-4ef2-8d07-0bdb3ac330cc___Matt.S_CG 0975.JPG,Tomato_Septoria_leaf_spot,9,validation
D:\Plant-Disease-Detection\PlantVillage\Tomato_Septoria_leaf_spot\03b3e88f-63ad-49e1-88c2-b8bfffd6aaf6___Matt.S_CG 1226.JPG,Tomato_Septoria_leaf_spot,9,test
D:\Plant-Disease-Detection\PlantVillage\Tomato_Septoria_leaf_spot\04c912dc-3e26-43ff-a6e3-69de49a6e529___JR_Sept.L.S 8519.JPG,Tomato_Septoria_leaf_spot,9,train
D:\Plant-Disease-Detection\PlantVillage\Tomato_Septoria_leaf_spot\04eb9fee-df68-4917-a639-d68e12c08bbc___JR_Sept.L.S 8475.JPG,Tomato_Septoria_leaf_spot,9,validation
D:\Plant-Disease-Detection\PlantVillage\Tomato_Septoria_leaf_spot\08e2c0d9-5e08-4845-b456-3cce0599b767___Keller.St_CG 1977.JPG,Tomato_Septoria_leaf_spot,9,train
D:\Plant-Disease-Detection\PlantVillage\Tomato_Septoria_leaf_spot\0a146952-538a-41e5-a422-b5d50e91771e___Matt.S_CG 6079.JPG,Tomato_Septoria_leaf_spot,9,train
D:\Plant-Disease-Detection\PlantVillage\Tomato_Septoria_leaf_spot\0a25f893-1b5f-4845-baa1-f68ac03d96ac___Matt.S_CG 7863.JPG,Tomato_Septoria_leaf_spot,9,train
D:\Plant-Disease-Detection\PlantVillage\Tomato_Septoria_leaf_spot\0a5edec2-e297-4a25-86fc-78f03772c100___JR_Sept.L.S 8468.JPG,Tomato_Septoria_leaf_spot,9,train
D:\Plant-Disease-Detection\PlantVillage\Tomato_Septoria_leaf_spot\0a68a294-30d1-4422-ab7e-a1909ec277f7___JR_Sept.L.S 8443.JPG,Tomato_Septoria_leaf_spot,9,test
D:\Plant-Disease-Detection\PlantVillage\Tomato_Septoria_leaf_spot\0a70601b-8511-4a56-9562-c95c46372874___Matt.S_CG 1032.JPG,Tomato_Septoria_leaf_spot,9,train
D:\Plant-Disease-Detection\PlantVillage\Tomato_Septoria_leaf_spot\0a76257e-6a78-459b-8f51-a266805121eb___Matt.S_CG 2527.JPG,Tomato_Septoria_leaf_spot,9,test
D:\Plant-Disease-Detection\PlantVillage\Tomato_Septoria_leaf_spot\0a95b5b7-7bfb-4201-9320-dae33498081a___JR_Sept.L.S 2482.JPG,Tomato_Septoria_leaf_spot,9,train
D:\Plant-Disease-Detection\PlantVillage\Tomato_Septoria_leaf_spot\0aa486df-97b6-4764-89a9-d193e16aabbb___Keller.St_CG 1931.JPG,Tomato_Septoria_leaf_spot,9,train
D:\Plant-Disease-Detection\PlantVillage\Tomato_Septoria_leaf_spot\0ab271a7-765e-4675-8bfc-e249c0c86fdd___Keller.St_CG 1778.JPG,Tomato_Septoria_leaf_spot,9,validation
D:\Plant-Disease-Detection\PlantVillage\Tomato_Septoria_leaf_spot\0af9f990-ad92-4411-8623-4498ca4805ce___Keller.St_CG 1942.JPG,Tomato_Septoria_leaf_spot,9,train
D:\Plant-Disease-Detection\PlantVillage\Tomato_Septoria_leaf_spot\0b23b869-cfa6-40d7-a683-f4637d91ebff___Matt.S_CG 1286.JPG,Tomato_Septoria_leaf_spot,9,train
D:\Plant-Disease-Detection\PlantVillage\Tomato_Septoria_leaf_spot\0b36c5a2-6c9f-40d9-af4b-d4b0e66997da___Matt.S_CG 6653.JPG,Tomato_Septoria_leaf_spot,9,test
D:\Plant-Disease-Detection\PlantVillage\Tomato_Septoria_leaf_spot\0b4886e5-a065-44c1-aa19-bd166922d3de___JR_Sept.L.S 8498.JPG,Tomato_Septoria_leaf_spot,9,train
D:\Plant-Disease-Detection\PlantVillage\Tomato_Septoria_leaf_spot\0b6a9374-858d-49ce-8a94-ab57c957718c___Matt.S_CG 2488.JPG,Tomato_Septoria_leaf_spot,9,train
D:\Plant-Disease-Detection\PlantVillage\Tomato_Septoria_leaf_spot\0bbf4db7-38a1-4d5c-8fd7-503e9f37ef8f___Matt.S_CG 7848.JPG,Tomato_Septoria_leaf_spot,9,train
D:\Plant-Disease-Detection\PlantVillage\Tomato_Septoria_leaf_spot\0bcb24a9-bf45-4008-b9df-1c729f977b17___Matt.S_CG 7835.JPG,Tomato_Septoria_leaf_spot,9,train
D:\Plant-Disease-Detection\PlantVillage\Tomato_Septoria_leaf_spot\0c1aa7e5-a820-4fb8-8bc2-623a6056e749___JR_Sept.L.S 2659.JPG,Tomato_Septoria_leaf_spot,9,test
D:\Plant-Disease-Detection\PlantVillage\Tomato_Septoria_leaf_spot\0c48052c-232b-4ea7-b77d-322f5f642612___Matt.S_CG 7724.JPG,Tomato_Septoria_leaf_spot,9,train
D:\Plant-Disease-Detection\PlantVillage\Tomato_Septoria_leaf_spot\0c4935b6-8f13-4148-b5e6-19404d49fc78___Matt.S_CG 2733.JPG,Tomato_Septoria_leaf_spot,9,train
D:\Plant-Disease-Detection\PlantVillage\Tomato_Septoria_leaf_spot\0c8fd2f4-9c26-4e6d-90b5-fae10602579c___Matt.S_CG 1072.JPG,Tomato_Septoria_leaf_spot,9,train
D:\Plant-Disease-Detection\PlantVillage\Tomato_Septoria_leaf_spot\0ca7ed02-4540-47df-b01d-194b23226a2d___Matt.S_CG 1733.JPG,Tomato_Septoria_leaf_spot,9,train
D:\Plant-Disease-Detection\PlantVillage\Tomato_Septoria_leaf_spot\0cba2d69-c73b-472b-9fc1-beca9b3f02a0___JR_Sept.L.S 8369.JPG,Tomato_Septoria_leaf_spot,9,train
D:\Plant-Disease-Detection\PlantVillage\Tomato_Septoria_leaf_spot\0cff7307-2103-4aaf-b2af-899221b15e34___Matt.S_CG 7756.JPG,Tomato_Septoria_leaf_spot,9,validation
D:\Plant-Disease-Detection\PlantVillage\Tomato_Septoria_leaf_spot\0d12d6ee-bc90-413e-8638-e476cd8ba8ee___Keller.St_CG 1840.JPG,Tomato_Septoria_leaf_spot,9,train
D:\Plant-Disease-Detection\PlantVillage\Tomato_Septoria_leaf_spot\0d1ab917-ea01-43d7-8a63-232bffcfbb08___Keller.St_CG 1769.JPG,Tomato_Septoria_leaf_spot,9,train
D:\Plant-Disease-Detection\PlantVillage\Tomato_Septoria_leaf_spot\0d1d305a-e4d1-4037-b0bd-1276c5200488___Matt.S_CG 1542.JPG,Tomato_Septoria_leaf_spot,9,train
D:\Plant-Disease-Detection\PlantVillage\Tomato_Septoria_leaf_spot\0d60ecc0-bb8e-4c07-9ad7-5e78aed53b1c___Matt.S_CG 6645.JPG,Tomato_Septoria_leaf_spot,9,train
D:\Plant-Disease-Detection\PlantVillage\Tomato_Septoria_leaf_spot\0d8187e2-00e2-40e7-b1a5-c94db561057c___JR_Sept.L.S 8439.JPG,Tomato_Septoria_leaf_spot,9,train
D:\Plant-Disease-Detection\PlantVillage\Tomato_Septoria_leaf_spot\0df95a30-e5bd-4fec-8271-c2de4e79a7e7___Keller.St_CG 1978.JPG,Tomato_Septoria_leaf_spot,9,train
D:\Plant-Disease-Detection\PlantVillage\Tomato_Septoria_leaf_spot\0ea612c0-8416-4771-a8bb-d5d255800f94___JR_Sept.L.S 8533.JPG,Tomato_Septoria_leaf_spot,9,validation
D:\Plant-Disease-Detection\PlantVillage\Tomato_Septoria_leaf_spot\0ea8a7c0-74f4-404b-81f4-233e501dab60___Matt.S_CG 6731.JPG,Tomato_Septoria_leaf_spot,9,train
D:\Plant-Disease-Detection\PlantVillage\Tomato_Septoria_leaf_spot\0ebf0c98-aeb9-4630-afa0-0c9a2dc32995___Matt.S_CG 6233.JPG,Tomato_Septoria_leaf_spot,9,validation
D:\Plant-Disease-Detection\PlantVillage\Tomato_Septoria_leaf_spot\0edb366d-1253-4498-a05a-8f666405edc6___Matt.S_CG 7862.JPG,Tomato_Septoria_leaf_spot,9,train
D:\Plant-Disease-Detection\PlantVillage\Tomato_Septoria_leaf_spot\0ef9804e-d695-40e4-8950-08551255fa05___JR_Sept.L.S 8540.JPG,Tomato_Septoria_leaf_spot,9,validation
D:\Plant-Disease-Detection\PlantVillage\Tomato_Septoria_leaf_spot\1a02cfc4-375a-4be1-82a6-fa7ec5117ced___Matt.S_CG 6049.JPG,Tomato_Septoria_leaf_spot,9,test
D:\Plant-Disease-Detection\PlantVillage\Tomato_Septoria_leaf_spot\1a10c809-8303-4457-9875-bedd4eb9625b___Matt.S_CG 7777.JPG,Tomato_Septoria_leaf_spot,9,train
D:\Plant-Disease-Detection\PlantVillage\Tomato_Septoria_leaf_spot\1a2ce36b-89e9-43ea-9e54-b2da024c08fc___JR_Sept.L.S 8532.JPG,Tomato_Septoria_leaf_spot,9,train
D:\Plant-Disease-Detection\PlantVillage\Tomato_Septoria_leaf_spot\1a3965e0-423a-4003-ae8d-2fb639d02008___JR_Sept.L.S 8449.JPG,Tomato_Septoria_leaf_spot,9,train
D:\Plant-Disease-Detection\PlantVillage\Tomato_Septoria_leaf_spot\1a555e99-78f6-459f-8572-b877b2e7b73c___Matt.S_CG 7415.JPG,Tomato_Septoria_leaf_spot,9,train
D:\Plant-Disease-Detection\PlantVillage\Tomato_Septoria_leaf_spot\1a88e419-7d5c-45c7-a10f-4e1f80280cd2___Matt.S_CG 1584.JPG,Tomato_Septoria_leaf_spot,9,train
D:\Plant-Disease-Detection\PlantVillage\Tomato_Septoria_leaf_spot\1ab6abd3-f48e-4176-9871-84e611f5b53f___Matt.S_CG 1363.JPG,Tomato_Septoria_leaf_spot,9,test
D:\Plant-Disease-Detection\PlantVillage\Tomato_Septoria_leaf_spot\1ad425d4-caa9-44da-b99f-a951fda7ec94___Keller.St_CG 1835.JPG,Tomato_Septoria_leaf_spot,9,train
D:\Plant-Disease-Detection\PlantVillage\Tomato_Septoria_leaf_spot\1b3e0904-291b-45b4-8823-44084b96808c___Matt.S_CG 6582.JPG,Tomato_Septoria_leaf_spot,9,train
D:\Plant-Disease-Detection\PlantVillage\Tomato_Septoria_leaf_spot\1b6fd6e2-8917-473f-9c8c-b14f639e13a9___JR_Sept.L.S 2709.JPG,Tomato_Septoria_leaf_spot,9,train
D:\Plant-Disease-Detection\PlantVillage\Tomato_Septoria_leaf_spot\1bd1e4bf-3f5e-4954-a265-edb058f2db96___Matt.S_CG 1215.JPG,Tomato_Septoria_leaf_spot,9,train
D:\Plant-Disease-Detection\PlantVillage\Tomato_Septoria_leaf_spot\1bdd9bcf-49b6-4a59-90ed-5e053de56994___JR_Sept.L.S 2587.JPG,Tomato_Septoria_leaf_spot,9,train
D:\Plant-Disease-Detection\PlantVillage\Tomato_Septoria_leaf_spot\1c1dd567-a2fd-4dc5-8034-aee3c4a259a0___Matt.S_CG 7799.JPG,Tomato_Septoria_leaf_spot,9,train
D:\Plant-Disease-Detection\PlantVillage\Tomato_Septoria_leaf_spot\22b43447-5aed-4a33-ba5c-d422d6f6bbce___JR_Sept.L.S 8421.JPG,Tomato_Septoria_leaf_spot,9,test
D:\Plant-Disease-Detection\PlantVillage\Tomato_Septoria_leaf_spot\22c8fb41-70e6-4fcc-b77b-81511cba9001___Matt.S_CG 1512.JPG,Tomato_Septoria_leaf_spot,9,train
D:\Plant-Disease-Detection\PlantVillage\Tomato_Septoria_leaf_spot\22e12bfe-129c-4afe-bfd3-6cb467b1dd7f___Matt.S_CG 0794.JPG,Tomato_Septoria_leaf_spot,9,train
D:\Plant-Disease-Detection\PlantVillage\Tomato_Septoria_leaf_spot\23af22d9-856c-41ba-a63d-9643b1ef9156___Matt.S_CG 1091.JPG,Tomato_Septoria_leaf_spot,9,train
D:\Plant-Disease-Detection\PlantVillage\Tomato_Septoria_leaf_spot\23e043f7-9634-44e5-a49a-25d4ee7e151a___Matt.S_CG 7798.JPG,Tomato_Septoria_leaf_spot,9,validation
D:\Plant-Disease-Detection\PlantVillage\Tomato_Septoria_leaf_spot\2d3f0833-4493-456b-a333-610ec35c92d0___JR_Sept.L.S 2705.JPG,Tomato_Septoria_leaf_spot,9,train
D:\Plant-Disease-Detection\PlantVillage\Tomato_Septoria_leaf_spot\2d640131-6b73-4b67-bb77-00266ff41bb8___JR_Sept.L.S 8531.JPG,Tomato_Septoria_leaf_spot,9,train
D:\Plant-Disease-Detection\PlantVillage\Tomato_Septoria_leaf_spot\2d6af601-172c-4f61-b4f7-838cd63bcbb6___Matt.S_CG 6921.JPG,Tomato_Septoria_leaf_spot,9,train
D:\Plant-Disease-Detection\PlantVillage\Tomato_Septoria_leaf_spot\2d9f575c-7ce7-43d7-be22-fbbf53361ba5___Matt.S_CG 6855.JPG,Tomato_Septoria_leaf_spot,9,train
D:\Plant-Disease-Detection\PlantVillage\Tomato_Septoria_leaf_spot\2dbb244d-4879-4607-82e9-1cd28ebee0da___Matt.S_CG 7813.JPG,Tomato_Septoria_leaf_spot,9,train
D:\Plant-Disease-Detection\PlantVillage\Tomato_Septoria_leaf_spot\2dd57351-b1c3-43c0-a15c-506bab1e803f___JR_Sept.L.S 2507.JPG,Tomato_Septoria_leaf_spot,9,validation
D:\Plant-Disease-Detection\PlantVillage\Tomato_Septoria_leaf_spot\2dd9eb69-138d-4cb6-98f6-e328c5ea25e1___Matt.S_CG 1359.JPG,Tomato_Septoria_leaf_spot,9,validation
D:\Plant-Disease-Detection\PlantVillage\Tomato_Septoria_leaf_spot\2e129fc6-f9d3-41d3-a562-c69e72871006___Matt.S_CG 0982.JPG,Tomato_Septoria_leaf_spot,9,test
D:\Plant-Disease-Detection\PlantVillage\Tomato_Septoria_leaf_spot\2e147de4-c279-492b-93ef-affbe2e3e6ea___Keller.St_CG 1770.JPG,Tomato_Septoria_leaf_spot,9,train
D:\Plant-Disease-Detection\PlantVillage\Tomato_Septoria_leaf_spot\2e656e51-9eab-4873-9a8e-f27811215256___Matt.S_CG 2509.JPG,Tomato_Septoria_leaf_spot,9,train
D:\Plant-Disease-Detection\PlantVillage\Tomato_Septoria_leaf_spot\2e679a03-6f3e-45f9-a567-7ecc4a631d76___Keller.St_CG 1907.JPG,Tomato_Septoria_leaf_spot,9,train
D:\Plant-Disease-Detection\PlantVillage\Tomato_Septoria_leaf_spot\2e69e7bc-a60d-43b4-84f9-637c90eb71bb___JR_Sept.L.S 8538.JPG,Tomato_Septoria_leaf_spot,9,train
D:\Plant-Disease-Detection\PlantVillage\Tomato_Septoria_leaf_spot\2e8ffaaa-1ddd-436d-8672-b3274acf0067___Matt.S_CG 7806.JPG,Tomato_Septoria_leaf_spot,9,test
D:\Plant-Disease-Detection\PlantVillage\Tomato_Septoria_leaf_spot\2e9928ec-5f57-4587-bbc3-18e30d2938e3___JR_Sept.L.S 8373.JPG,Tomato_Septoria_leaf_spot,9,train
D:\Plant-Disease-Detection\PlantVillage\Tomato_Septoria_leaf_spot\2eabb4bc-329d-4d5d-a4ee-a7a28d15faae___Matt.S_CG 1493.JPG,Tomato_Septoria_leaf_spot,9,train
D:\Plant-Disease-Detection\PlantVillage\Tomato_Septoria_leaf_spot\2eb010be-cfb9-40cf-9b69-0521e5ecf2a1___Matt.S_CG 1263.JPG,Tomato_Septoria_leaf_spot,9,train
D:\Plant-Disease-Detection\PlantVillage\Tomato_Septoria_leaf_spot\2ee8fa50-545b-4de2-9b26-6af401c46ede___JR_Sept.L.S 2696.JPG,Tomato_Septoria_leaf_spot,9,train
D:\Plant-Disease-Detection\PlantVillage\Tomato_Septoria_leaf_spot\2f161206-d4aa-4e2a-a0a5-96213d42198d___JR_Sept.L.S 2589.JPG,Tomato_Septoria_leaf_spot,9,train
D:\Plant-Disease-Detection\PlantVillage\Tomato_Septoria_leaf_spot\2f4afdee-f957-400f-8515-4ea92173d00d___Matt.S_CG 0667.JPG,Tomato_Septoria_leaf_spot,9,validation
D:\Plant-Disease-Detection\PlantVillage\Tomato_Septoria_leaf_spot\2f5e144b-cf8f-4882-8ee5-10eafb8778cc___Matt.S_CG 7579.JPG,Tomato_Septoria_leaf_spot,9,test
D:\Plant-Disease-Detection\PlantVillage\Tomato_Septoria_leaf_spot\2f8bcf08-19de-4aa3-a60d-fa6593a53359___JR_Sept.L.S 2679.JPG,Tomato_Septoria_leaf_spot,9,train
D:\Plant-Disease-Detection\PlantVillage\Tomato_Septoria_leaf_spot\2fed0190-d484-415f-9ae2-84707eb8a294___Matt.S_CG 1617.JPG,Tomato_Septoria_leaf_spot,9,test
D:\Plant-Disease-Detection\PlantVillage\Tomato_Septoria_leaf_spot\2ff033e7-73ea-49aa-b81a-164963cc464d___Matt.S_CG 6638.JPG,Tomato_Septoria_leaf_spot,9,test
D:\Plant-Disease-Detection\PlantVillage\Tomato_Septoria_leaf_spot\3a1f89c1-9f3b-47ec-aafc-7f2ba2558d6d___Matt.S_CG 6856.JPG,Tomato_Septoria_leaf_spot,9,test
D:\Plant-Disease-Detection\PlantVillage\Tomato_Septoria_leaf_spot\3a287000-0306-4202-8eca-41ead0c1634c___Matt.S_CG 2440.JPG,Tomato_Septoria_leaf_spot,9,train
D:\Plant-Disease-Detection\PlantVillage\Tomato_Septoria_leaf_spot\3a89c017-4b4b-4f64-a018-05c98a2fa611___Matt.S_CG 1219.JPG,Tomato_Septoria_leaf_spot,9,train
D:\Plant-Disease-Detection\PlantVillage\Tomato_Septoria_leaf_spot\3acde329-875f-4fab-b09f-513714612d5c___Matt.S_CG 7476.JPG,Tomato_Septoria_leaf_spot,9,train
D:\Plant-Disease-Detection\PlantVillage\Tomato_Septoria_leaf_spot\3af1fd7b-aca5-405e-b4ab-3615eaa6c0df___Matt.S_CG 6915.JPG,Tomato_Septoria_leaf_spot,9,train
D:\Plant-Disease-Detection\PlantVillage\Tomato_Septoria_leaf_spot\3b0062a2-2013-4dc6-9d61-4c74ae4b295a___JR_Sept.L.S 2484.JPG,Tomato_Septoria_leaf_spot,9,train
D:\Plant-Disease-Detection\PlantVillage\Tomato_Septoria_leaf_spot\3b746726-44a4-450e-b8e7-1bf33d5d8d4b___Matt.S_CG 7852.JPG,Tomato_Septoria_leaf_spot,9,train
D:\Plant-Disease-Detection\PlantVillage\Tomato_Septoria_leaf_spot\3b7f264d-4d60-46c4-9e36-f4f032d47c5b___Matt.S_CG 1523.JPG,Tomato_Septoria_leaf_spot,9,train
D:\Plant-Disease-Detection\PlantVillage\Tomato_Septoria_leaf_spot\3b8e8f98-bbc7-446d-82a9-5130e10f1b4a___Matt.S_CG 6618.JPG,Tomato_Septoria_leaf_spot,9,test
D:\Plant-Disease-Detection\PlantVillage\Tomato_Septoria_leaf_spot\3ba26d58-4f12-49ac-b818-e32b953a81ee___JR_Sept.L.S 2655.JPG,Tomato_Septoria_leaf_spot,9,train
D:\Plant-Disease-Detection\PlantVillage\Tomato_Septoria_leaf_spot\3c128fd7-83d2-4202-b612-7e29f1ac4357___Matt.S_CG 2437.JPG,Tomato_Septoria_leaf_spot,9,train
D:\Plant-Disease-Detection\PlantVillage\Tomato_Septoria_leaf_spot\3c27af36-d824-4251-97ca-0dc1f0c60d61___Matt.S_CG 7685.JPG,Tomato_Septoria_leaf_spot,9,test
D:\Plant-Disease-Detection\PlantVillage\Tomato_Septoria_leaf_spot\3c435f7e-e3cf-4a74-805b-b679ae96e25e___JR_Sept.L.S 2463.JPG,Tomato_Septoria_leaf_spot,9,validation
D:\Plant-Disease-Detection\PlantVillage\Tomato_Septoria_leaf_spot\3c553993-c2e9-40f3-b65e-5fa1170b5bb7___Keller.St_CG 1839.JPG,Tomato_Septoria_leaf_spot,9,test
D:\Plant-Disease-Detection\PlantVillage\Tomato_Septoria_leaf_spot\3c70a1cb-bb92-4bf1-a742-0622d1616003___Keller.St_CG 1915.JPG,Tomato_Septoria_leaf_spot,9,train
D:\Plant-Disease-Detection\PlantVillage\Tomato_Septoria_leaf_spot\3d42d770-69c1-421e-ae00-56f8d0bd500f___Matt.S_CG 7414.JPG,Tomato_Septoria_leaf_spot,9,validation
D:\Plant-Disease-Detection\PlantVillage\Tomato_Septoria_leaf_spot\3d638a43-43eb-4f93-85bf-b1cc41ab117f___Matt.S_CG 0751.JPG,Tomato_Septoria_leaf_spot,9,train
D:\Plant-Disease-Detection\PlantVillage\Tomato_Septoria_leaf_spot\3d91b473-6309-4310-9acd-e66dacaf789f___Keller.St_CG 1991.JPG,Tomato_Septoria_leaf_spot,9,test
D:\Plant-Disease-Detection\PlantVillage\Tomato_Septoria_leaf_spot\3d9cf11d-eb78-481a-a94a-ca6629b757a0___Matt.S_CG 7453.JPG,Tomato_Septoria_leaf_spot,9,train
D:\Plant-Disease-Detection\PlantVillage\Tomato_Septoria_leaf_spot\3dd0d199-7106-4d78-8594-18d01a00aff3___JR_Sept.L.S 8539.JPG,Tomato_Septoria_leaf_spot,9,test
D:\Plant-Disease-Detection\PlantVillage\Tomato_Septoria_leaf_spot\3dd32fea-62e8-4ae9-b307-5513e845b519___JR_Sept.L.S 2663.JPG,Tomato_Septoria_leaf_spot,9,train
D:\Plant-Disease-Detection\PlantVillage\Tomato_Septoria_leaf_spot\3ddb7094-9ee7-473d-8a01-b48ce8eda506___Matt.S_CG 6719.JPG,Tomato_Septoria_leaf_spot,9,train
D:\Plant-Disease-Detection\PlantVillage\Tomato_Septoria_leaf_spot\3e06fe16-f6e0-4681-8049-f362ee0aafba___Matt.S_CG 2505.JPG,Tomato_Septoria_leaf_spot,9,train
D:\Plant-Disease-Detection\PlantVillage\Tomato_Septoria_leaf_spot\3e36cafb-f2f4-4c51-9853-85fd7f1eb817___Keller.St_CG 1795.JPG,Tomato_Septoria_leaf_spot,9,train
D:\Plant-Disease-Detection\PlantVillage\Tomato_Septoria_leaf_spot\3ebeb76c-9be7-4e35-b06a-6402276b04bd___Matt.S_CG 6730.JPG,Tomato_Septoria_leaf_spot,9,train
D:\Plant-Disease-Detection\PlantVillage\Tomato_Septoria_leaf_spot\3ed40b55-9410-41c7-91cd-1e2f771d5888___Matt.S_CG 7723.JPG,Tomato_Septoria_leaf_spot,9,train
D:\Plant-Disease-Detection\PlantVillage\Tomato_Septoria_leaf_spot\3edb3c6a-ff33-4ace-a754-0d807ef8019a___Matt.S_CG 2578.JPG,Tomato_Septoria_leaf_spot,9,validation
D:\Plant-Disease-Detection\PlantVillage\Tomato_Septoria_leaf_spot\3f310f1d-9837-4e44-ab1e-cfd22cae224b___JR_Sept.L.S 8386.JPG,Tomato_Septoria_leaf_spot,9,train
D:\Plant-Disease-Detection\PlantVillage\Tomato_Septoria_leaf_spot\3f4788c4-a2fe-4c9f-907c-5d5dd4f5395c___Matt.S_CG 1143.JPG,Tomato_Septoria_leaf_spot,9,train
D:\Plant-Disease-Detection\PlantVillage\Tomato_Septoria_leaf_spot\3f6c0ef0-068b-4566-a643-9a368d50bdc4___JR_Sept.L.S 8380.JPG,Tomato_Septoria_leaf_spot,9,train
D:\Plant-Disease-Detection\PlantVillage\Tomato_Septoria_leaf_spot\3fc4d8fe-a68b-4d84-b987-be97052f0436___Matt.S_CG 6570.JPG,Tomato_Septoria_leaf_spot,9,validation
D:\Plant-Disease-Detection\PlantVillage\Tomato_Septoria_leaf_spot\3fc5146d-71b5-4764-8a78-481e098e661e___Matt.S_CG 2752.JPG,Tomato_Septoria_leaf_spot,9,validation
D:\Plant-Disease-Detection\PlantVillage\Tomato_Septoria_leaf_spot\3ff747b1-7cec-42e2-a938-9af10afeab8c___Matt.S_CG 1285.JPG,Tomato_Septoria_leaf_spot,9,train
D:\Plant-Disease-Detection\PlantVillage\Tomato_Septoria_leaf_spot\4a07823f-bbfe-4880-bbae-59fd1ae9de33___Matt.S_CG 6687.JPG,Tomato_Septoria_leaf_spot,9,validation
D:\Plant-Disease-Detection\PlantVillage\Tomato_Septoria_leaf_spot\4a0b5c52-3bd4-4f31-836d-5bf512587a3e___Matt.S_CG 6300.JPG,Tomato_Septoria_leaf_spot,9,train
D:\Plant-Disease-Detection\PlantVillage\Tomato_Septoria_leaf_spot\4a2f0e3e-8769-4550-a111-7755bc2c74db___Matt.S_CG 7846.JPG,Tomato_Septoria_leaf_spot,9,train
D:\Plant-Disease-Detection\PlantVillage\Tomato_Septoria_leaf_spot\4a699992-4610-4a4f-98d3-942fc402731a___Matt.S_CG 2679.JPG,Tomato_Septoria_leaf_spot,9,train
D:\Plant-Disease-Detection\PlantVillage\Tomato_Septoria_leaf_spot\4ae88e50-d807-45d7-b587-5242a2464764___JR_Sept.L.S 2618.JPG,Tomato_Septoria_leaf_spot,9,train
D:\Plant-Disease-Detection\PlantVillage\Tomato_Septoria_leaf_spot\4b0ff251-1da4-4f9c-bf92-46441043c6cf___Keller.St_CG 1951.JPG,Tomato_Septoria_leaf_spot,9,train
D:\Plant-Disease-Detection\PlantVillage\Tomato_Septoria_leaf_spot\4b712088-62f3-43ff-8358-6f07279f0b8c___Keller.St_CG 1961.JPG,Tomato_Septoria_leaf_spot,9,train
D:\Plant-Disease-Detection\PlantVillage\Tomato_Septoria_leaf_spot\4bdfdc7b-5822-45b6-8c3f-65df82717447___Keller.St_CG 1897.JPG,Tomato_Septoria_leaf_spot,9,test
D:\Plant-Disease-Detection\PlantVillage\Tomato_Septoria_leaf_spot\4bf63128-b5bc-4518-8d0b-ec5113f508c6___Matt.S_CG 2502.JPG,Tomato_Septoria_leaf_spot,9,train
D:\Plant-Disease-Detection\PlantVillage\Tomato_Septoria_leaf_spot\4c17268b-94cd-4cc6-979a-d84a81c9fa7f___Matt.S_CG 1503.JPG,Tomato_Septoria_leaf_spot,9,train
D:\Plant-Disease-Detection\PlantVillage\Tomato_Septoria_leaf_spot\4c245d49-912e-4521-a1ee-53df9f9a6959___Matt.S_CG 6295.JPG,Tomato_Septoria_leaf_spot,9,train
D:\Plant-Disease-Detection\PlantVillage\Tomato_Septoria_leaf_spot\4c3efc57-6a59-4d52-bd77-1dd4efbfba72___JR_Sept.L.S 2614.JPG,Tomato_Septoria_leaf_spot,9,validation
D:\Plant-Disease-Detection\PlantVillage\Tomato_Septoria_leaf_spot\4c764c63-9353-46cc-9afb-08de31110043___Matt.S_CG 7535.JPG,Tomato_Septoria_leaf_spot,9,train
D:\Plant-Disease-Detection\PlantVillage\Tomato_Septoria_leaf_spot\4c7b64ad-9bc8-4f71-b481-13ab966f8d6a___Matt.S_CG 7393.JPG,Tomato_Septoria_leaf_spot,9,test
D:\Plant-Disease-Detection\PlantVillage\Tomato_Septoria_leaf_spot\4c81baad-0278-40ad-a3ca-38a24cffb956___Keller.St_CG 1818.JPG,Tomato_Septoria_leaf_spot,9,train
D:\Plant-Disease-Detection\PlantVillage\Tomato_Septoria_leaf_spot\4ca205ed-57b5-4d2a-ba00-a706e9b9ffed___Keller.St_CG 1966.JPG,Tomato_Septoria_leaf_spot,9,train
D:\Plant-Disease-Detection\PlantVillage\Tomato_Septoria_leaf_spot\4cf0ee3d-a8b5-47f5-be25-e578d60b6cfd___Matt.S_CG 7373.JPG,Tomato_Septoria_leaf_spot,9,train
D:\Plant-Disease-Detection\PlantVillage\Tomato_Septoria_leaf_spot\4d0c8277-60cc-4c70-862c-6abc58e6de4c___Keller.St_CG 1854.JPG,Tomato_Septoria_leaf_spot,9,validation
D:\Plant-Disease-Detection\PlantVillage\Tomato_Septoria_leaf_spot\4d114914-9a79-4556-8b94-ae1a2df053cc___Matt.S_CG 0717.JPG,Tomato_Septoria_leaf_spot,9,train
D:\Plant-Disease-Detection\PlantVillage\Tomato_Septoria_leaf_spot\4d19cd34-0257-4c33-99eb-c1036c018b71___Matt.S_CG 7843.JPG,Tomato_Septoria_leaf_spot,9,train
D:\Plant-Disease-Detection\PlantVillage\Tomato_Septoria_leaf_spot\4d4d398a-daf4-4013-9f92-f39dd34abf35___Keller.St_CG 2010.JPG,Tomato_Septoria_leaf_spot,9,train
D:\Plant-Disease-Detection\PlantVillage\Tomato_Septoria_leaf_spot\4dc663c9-994d-4204-ae40-30d5eab53bc9___Matt.S_CG 0678.JPG,Tomato_Septoria_leaf_spot,9,train
D:\Plant-Disease-Detection\PlantVillage\Tomato_Septoria_leaf_spot\4dca99fe-1184-4728-874c-f902bc48f934___JR_Sept.L.S 8453.JPG,Tomato_Septoria_leaf_spot,9,train
D:\Plant-Disease-Detection\PlantVillage\Tomato_Septoria_leaf_spot\4e41fd20-20df-48ef-9e9b-d916950ceda8___Matt.S_CG 1309.JPG,Tomato_Septoria_leaf_spot,9,train
D:\Plant-Disease-Detection\PlantVillage\Tomato_Septoria_leaf_spot\4e868db4-c951-461f-ab77-562aa6456746___JR_Sept.L.S 8553.JPG,Tomato_Septoria_leaf_spot,9,validation
D:\Plant-Disease-Detection\PlantVillage\Tomato_Septoria_leaf_spot\4e91dd84-5a88-4b2f-8c08-b48a1c0bfc4c___Matt.S_CG 6575.JPG,Tomato_Septoria_leaf_spot,9,test
D:\Plant-Disease-Detection\PlantVillage\Tomato_Septoria_leaf_spot\4ebf92f9-6f78-4a23-a244-35c89106ea18___Keller.St_CG 1808.JPG,Tomato_Septoria_leaf_spot,9,test
D:\Plant-Disease-Detection\PlantVillage\Tomato_Septoria_leaf_spot\4f35adfa-03b3-4562-b970-19548dda84d1___Matt.S_CG 2457.JPG,Tomato_Septoria_leaf_spot,9,test
D:\Plant-Disease-Detection\PlantVillage\Tomato_Septoria_leaf_spot\4f45a4b4-342b-4422-87b9-8386a6801ba1___JR_Sept.L.S 2566.JPG,Tomato_Septoria_leaf_spot,9,train
D:\Plant-Disease-Detection\PlantVillage\Tomato_Septoria_leaf_spot\4f59ff40-d287-4620-b9b2-d62bf49ae0bf___JR_Sept.L.S 8367.JPG,Tomato_Septoria_leaf_spot,9,validation
D:\Plant-Disease-Detection\PlantVillage\Tomato_Septoria_leaf_spot\4ff32de5-d688-468f-b6db-9cb89e12f6f4___Matt.S_CG 2762.JPG,Tomato_Septoria_leaf_spot,9,train
D:\Plant-Disease-Detection\PlantVillage\Tomato_Septoria_leaf_spot\4ff7ff02-1fce-4994-bea2-bc46bd60fa4f___JR_Sept.L.S 8501.JPG,Tomato_Septoria_leaf_spot,9,train
D:\Plant-Disease-Detection\PlantVillage\Tomato_Septoria_leaf_spot\5a43b236-f091-4e4b-8b17-b7fe3a6515d3___JR_Sept.L.S 8390.JPG,Tomato_Septoria_leaf_spot,9,test
D:\Plant-Disease-Detection\PlantVillage\Tomato_Septoria_leaf_spot\5a79c447-4d9d-4daf-81a6-c23a00480a93___Matt.S_CG 2473.JPG,Tomato_Septoria_leaf_spot,9,train
D:\Plant-Disease-Detection\PlantVillage\Tomato_Septoria_leaf_spot\5a821b14-10d8-49ad-9e16-be2eeef81d4f___Matt.S_CG 7434.JPG,Tomato_Septoria_leaf_spot,9,test
D:\Plant-Disease-Detection\PlantVillage\Tomato_Septoria_leaf_spot\5b01bfdf-a1ef-49c8-9247-c98eac4ec5fb___JR_Sept.L.S 8422.JPG,Tomato_Septoria_leaf_spot,9,train
D:\Plant-Disease-Detection\PlantVillage\Tomato_Septoria_leaf_spot\5b0cd135-94b9-4591-966c-0257a0beea5e___JR_Sept.L.S 8486.JPG,Tomato_Septoria_leaf_spot,9,train
D:\Plant-Disease-Detection\PlantVillage\Tomato_Septoria_leaf_spot\5b1c13ef-e560-4479-869c-8d52ac4cf559___JR_Sept.L.S 2517.JPG,Tomato_Septoria_leaf_spot,9,validation
D:\Plant-Disease-Detection\PlantVillage\Tomato_Septoria_leaf_spot\5b1cddec-5f48-441e-b9ad-1675d021c601___Matt.S_CG 6508.JPG,Tomato_Septoria_leaf_spot,9,train
D:\Plant-Disease-Detection\PlantVillage\Tomato_Septoria_leaf_spot\5b70236c-4228-4c9a-b1c5-783225d6b3bb___JR_Sept.L.S 2519.JPG,Tomato_Septoria_leaf_spot,9,validation
D:\Plant-Disease-Detection\PlantVillage\Tomato_Septoria_leaf_spot\5b7a00b3-b25d-49c9-9ce5-e0f4e2921e38___Matt.S_CG 2718.JPG,Tomato_Septoria_leaf_spot,9,train
D:\Plant-Disease-Detection\PlantVillage\Tomato_Septoria_leaf_spot\5ba3b6f4-7b05-4588-8063-078c48268e88___Keller.St_CG 1935.JPG,Tomato_Septoria_leaf_spot,9,test
D:\Plant-Disease-Detection\PlantVillage\Tomato_Septoria_leaf_spot\5bd0232d-e941-400e-8b38-fa47a26d49a6___JR_Sept.L.S 2544.JPG,Tomato_Septoria_leaf_spot,9,train
D:\Plant-Disease-Detection\PlantVillage\Tomato_Septoria_leaf_spot\5be70ee0-f463-488c-b0e5-377994a0cf45___JR_Sept.L.S 2502.JPG,Tomato_Septoria_leaf_spot,9,test
D:\Plant-Disease-Detection\PlantVillage\Tomato_Septoria_leaf_spot\5bf5bfc0-8efe-4f29-814d-c6e594af2ba2___Matt.S_CG 7844.JPG,Tomato_Septoria_leaf_spot,9,validation
D:\Plant-Disease-Detection\PlantVillage\Tomato_Septoria_leaf_spot\5c1e834e-f555-4ca5-b67b-330027937e1d___Matt.S_CG 1405.JPG,Tomato_Septoria_leaf_spot,9,train
D:\Plant-Disease-Detection\PlantVillage\Tomato_Septoria_leaf_spot\5c2f5353-dfee-4a06-83a9-55b219eca458___Matt.S_CG 1262.JPG,Tomato_Septoria_leaf_spot,9,test
D:\Plant-Disease-Detection\PlantVillage\Tomato_Septoria_leaf_spot\5cf704c0-88d3-46fd-9cab-196a86adbcfd___JR_Sept.L.S 2558.JPG,Tomato_Septoria_leaf_spot,9,test
D:\Plant-Disease-Detection\PlantVillage\Tomato_Septoria_leaf_spot\5d1cc870-27d2-4442-bc2a-a8788543d326___JR_Sept.L.S 2578.JPG,Tomato_Septoria_leaf_spot,9,train
D:\Plant-Disease-Detection\PlantVillage\Tomato_Septoria_leaf_spot\5d323cba-03e6-402c-b2fd-19d00f751c31___Matt.S_CG 6742.JPG,Tomato_Septoria_leaf_spot,9,validation
D:\Plant-Disease-Detection\PlantVillage\Tomato_Septoria_leaf_spot\5d4fc217-1da5-4459-86af-14d60427f77d___Keller.St_CG 1850.JPG,Tomato_Septoria_leaf_spot,9,train
D:\Plant-Disease-Detection\PlantVillage\Tomato_Septoria_leaf_spot\5d5f6d49-535c-489c-956f-0604a0aacf61___Matt.S_CG 2705.JPG,Tomato_Septoria_leaf_spot,9,train
D:\Plant-Disease-Detection\PlantVillage\Tomato_Septoria_leaf_spot\5d6bdcbf-b75a-4562-917f-4d902fa3b6b0___JR_Sept.L.S 2620.JPG,Tomato_Septoria_leaf_spot,9,train
D:\Plant-Disease-Detection\PlantVillage\Tomato_Septoria_leaf_spot\5db7fb7d-8e2b-4763-a5a3-aa794ed3ae6a___Matt.S_CG 0719.JPG,Tomato_Septoria_leaf_spot,9,train
D:\Plant-Disease-Detection\PlantVillage\Tomato_Septoria_leaf_spot\5e23a1a8-d7b8-4bf4-9f02-941159d8ed44___JR_Sept.L.S 8382.JPG,Tomato_Septoria_leaf_spot,9,train
D:\Plant-Disease-Detection\PlantVillage\Tomato_Septoria_leaf_spot\5e53810f-d7fe-40af-aaa4-7753d1f265e2___JR_Sept.L.S 2528.JPG,Tomato_Septoria_leaf_spot,9,train
D:\Plant-Disease-Detection\PlantVillage\Tomato_Septoria_leaf_spot\5e53b114-be67-4f52-9727-904f7521451a___Matt.S_CG 0694.JPG,Tomato_Septoria_leaf_spot,9,validation
D:\Plant-Disease-Detection\PlantVillage\Tomato_Septoria_leaf_spot\5e8d580c-23b6-44e4-bfef-488708a95dab___Matt.S_CG 6186.JPG,Tomato_Septoria_leaf_spot,9,train
D:\Plant-Disease-Detection\PlantVillage\Tomato_Septoria_leaf_spot\5e94a35b-bce1-4db7-a31d-86a73847e4c2___Matt.S_CG 1065.JPG,Tomato_Septoria_leaf_spot,9,train
D:\Plant-Disease-Detection\PlantVillage\Tomato_Septoria_leaf_spot\5ec061cf-53c5-40a6-84ee-e4926c264549___Matt.S_CG 1708.JPG,Tomato_Septoria_leaf_spot,9,train
D:\Plant-Disease-Detection\PlantVillage\Tomato_Septoria_leaf_spot\5eceb9db-6355-445e-96b6-1644fab0dea7___Matt.S_CG 2774.JPG,Tomato_Septoria_leaf_spot,9,train
D:\Plant-Disease-Detection\PlantVillage\Tomato_Septoria_leaf_spot\5ef12ea0-b2bc-4c2c-a5e4-7cc26e57c626___Keller.St_CG 1768.JPG,Tomato_Septoria_leaf_spot,9,test
D:\Plant-Disease-Detection\PlantVillage\Tomato_Septoria_leaf_spot\5f021626-60b3-40a4-8c2c-11a53d93b0ca___Matt.S_CG 7586.JPG,Tomato_Septoria_leaf_spot,9,train
D:\Plant-Disease-Detection\PlantVillage\Tomato_Septoria_leaf_spot\5f2b2f49-dc97-43ae-9213-5d8a19a0e61d___Matt.S_CG 7372.JPG,Tomato_Septoria_leaf_spot,9,validation
D:\Plant-Disease-Detection\PlantVillage\Tomato_Septoria_leaf_spot\5f6a639a-a545-4778-b5e8-c45a62cacfe2___Matt.S_CG 0812.JPG,Tomato_Septoria_leaf_spot,9,train
D:\Plant-Disease-Detection\PlantVillage\Tomato_Septoria_leaf_spot\5f7491e4-9eff-428c-a20d-06717a46e6a6___Matt.S_CG 7396.JPG,Tomato_Septoria_leaf_spot,9,train
D:\Plant-Disease-Detection\PlantVillage\Tomato_Septoria_leaf_spot\5feacc6a-587b-47e0-97cc-91fa25a0087b___JR_Sept.L.S 2685.JPG,Tomato_Septoria_leaf_spot,9,train
D:\Plant-Disease-Detection\PlantVillage\Tomato_Septoria_leaf_spot\5fee3101-f7de-40d2-8609-637736d8df24___Keller.St_CG 1869.JPG,Tomato_Septoria_leaf_spot,9,train
D:\Plant-Disease-Detection\PlantVillage\Tomato_Septoria_leaf_spot\6a04517f-4377-4f85-a0de-96cdf3491896___Matt.S_CG 6236.JPG,Tomato_Septoria_leaf_spot,9,train
D:\Plant-Disease-Detection\PlantVillage\Tomato_Septoria_leaf_spot\6a29f136-d22e-470f-9ea1-447c5f3d410d___Matt.S_CG 7471.JPG,Tomato_Septoria_leaf_spot,9,train
D:\Plant-Disease-Detection\PlantVillage\Tomato_Septoria_leaf_spot\6a3ae349-27f8-468c-a1ad-7ddfc31e3435___JR_Sept.L.S 2471.JPG,Tomato_Septoria_leaf_spot,9,train
D:\Plant-Disease-Detection\PlantVillage\Tomato_Septoria_leaf_spot\6a4518f8-37a5-4c96-ab5d-5cb75f6e24b2___JR_Sept.L.S 8444.JPG,Tomato_Septoria_leaf_spot,9,train
D:\Plant-Disease-Detection\PlantVillage\Tomato_Septoria_leaf_spot\6aad1489-2ff3-4b26-a037-45e56f572ad7___JR_Sept.L.S 2690.JPG,Tomato_Septoria_leaf_spot,9,train
D:\Plant-Disease-Detection\PlantVillage\Tomato_Septoria_leaf_spot\6ab1d41b-ce72-4019-9852-5627d34aa0e2___JR_Sept.L.S 2711.JPG,Tomato_Septoria_leaf_spot,9,test
D:\Plant-Disease-Detection\PlantVillage\Tomato_Septoria_leaf_spot\6b1b7993-cac0-458a-a7d3-e807f9008083___JR_Sept.L.S 2683.JPG,Tomato_Septoria_leaf_spot,9,train
D:\Plant-Disease-Detection\PlantVillage\Tomato_Septoria_leaf_spot\6b4bcc3a-93f3-4b30-aa76-4af6113377a9___Keller.St_CG 1928.JPG,Tomato_Septoria_leaf_spot,9,train
D:\Plant-Disease-Detection\PlantVillage\Tomato_Septoria_leaf_spot\6bb03663-2989-4c0b-8aba-bedc9e3430eb___JR_Sept.L.S 2607.JPG,Tomato_Septoria_leaf_spot,9,train
D:\Plant-Disease-Detection\PlantVillage\Tomato_Septoria_leaf_spot\6bda66a5-562c-4ad9-9e14-7d76dcbd4eef___Keller.St_CG 1880.JPG,Tomato_Septoria_leaf_spot,9,train
D:\Plant-Disease-Detection\PlantVillage\Tomato_Septoria_leaf_spot\6c1b63f7-56c7-41e0-a0f3-757775cd6fea___Matt.S_CG 7855.JPG,Tomato_Septoria_leaf_spot,9,train
D:\Plant-Disease-Detection\PlantVillage\Tomato_Septoria_leaf_spot\6c4377ee-cf37-4ca9-a377-4e4cf7a221da___Matt.S_CG 7412.JPG,Tomato_Septoria_leaf_spot,9,validation
D:\Plant-Disease-Detection\PlantVillage\Tomato_Septoria_leaf_spot\6c9cd159-1f95-4459-a308-fde523b58c89___Matt.S_CG 7559.JPG,Tomato_Septoria_leaf_spot,9,train
D:\Plant-Disease-Detection\PlantVillage\Tomato_Septoria_leaf_spot\6caf6191-1845-4ab6-abc2-66b371355679___Matt.S_CG 1572.JPG,Tomato_Septoria_leaf_spot,9,train
D:\Plant-Disease-Detection\PlantVillage\Tomato_Septoria_leaf_spot\6cafca52-cbe9-46cb-aeeb-d588dd8c14af___Matt.S_CG 5982.JPG,Tomato_Septoria_leaf_spot,9,train
D:\Plant-Disease-Detection\PlantVillage\Tomato_Septoria_leaf_spot\6cd819ce-a0e5-46b4-b0ed-1991580f0fd4___Matt.S_CG 2493.JPG,Tomato_Septoria_leaf_spot,9,train
D:\Plant-Disease-Detection\PlantVillage\Tomato_Septoria_leaf_spot\6cebad3a-afa4-4c38-9bcc-3977af4434d1___Matt.S_CG 2793.JPG,Tomato_Septoria_leaf_spot,9,train
D:\Plant-Disease-Detection\PlantVillage\Tomato_Septoria_leaf_spot\6d01e191-a269-45c0-9212-53a678c037b3___Keller.St_CG 1932.JPG,Tomato_Septoria_leaf_spot,9,train
D:\Plant-Disease-Detection\PlantVillage\Tomato_Septoria_leaf_spot\6d1173c5-9374-46a5-ba0d-e2f72b95e6b2___Matt.S_CG 7851.JPG,Tomato_Septoria_leaf_spot,9,train
D:\Plant-Disease-Detection\PlantVillage\Tomato_Septoria_leaf_spot\6d7faf0d-1f04-4aba-a0aa-21c36ed89881___Matt.S_CG 6775.JPG,Tomato_Septoria_leaf_spot,9,train
D:\Plant-Disease-Detection\PlantVillage\Tomato_Septoria_leaf_spot\6d8ec33d-fbf6-433d-acd9-feaa72ab839a___Matt.S_CG 7609.JPG,Tomato_Septoria_leaf_spot,9,train
D:\Plant-Disease-Detection\PlantVillage\Tomato_Septoria_leaf_spot\6dcca219-2671-49d7-82f4-dac9571aae01___Matt.S_CG 1030.JPG,Tomato_Septoria_leaf_spot,9,validation
D:\Plant-Disease-Detection\PlantVillage\Tomato_Septoria_leaf_spot\6dd10d1f-99af-4292-be90-aa038682da34___Matt.S_CG 1006.JPG,Tomato_Septoria_leaf_spot,9,train
D:\Plant-Disease-Detection\PlantVillage\Tomato_Septoria_leaf_spot\6de3f347-a423-4c54-aa6f-bd80efa674e2___Matt.S_CG 6164.JPG,Tomato_Septoria_leaf_spot,9,train
D:\Plant-Disease-Detection\PlantVillage\Tomato_Septoria_leaf_spot\6df33a72-0479-4e76-9299-d1bb8745fc34___Matt.S_CG 6092.JPG,Tomato_Septoria_leaf_spot,9,train
D:\Plant-Disease-Detection\PlantVillage\Tomato_Septoria_leaf_spot\6e179382-44e9-4032-b6cb-81c631134922___JR_Sept.L.S 8359.JPG,Tomato_Septoria_leaf_spot,9,train
D:\Plant-Disease-Detection\PlantVillage\Tomato_Septoria_leaf_spot\6e28615d-e735-42e3-8eef-96bf10a4908d___Matt.S_CG 1514.JPG,Tomato_Septoria_leaf_spot,9,train
D:\Plant-Disease-Detection\PlantVillage\Tomato_Septoria_leaf_spot\6e2dd387-240a-4b31-995e-3389310d8db3___Matt.S_CG 2542.JPG,Tomato_Septoria_leaf_spot,9,train
D:\Plant-Disease-Detection\PlantVillage\Tomato_Septoria_leaf_spot\6e40537e-a6c8-404c-b493-f8f2e0895efc___JR_Sept.L.S 8410.JPG,Tomato_Septoria_leaf_spot,9,train
D:\Plant-Disease-Detection\PlantVillage\Tomato_Septoria_leaf_spot\6e585c69-cde5-4a6c-ac40-24951f72e16a___Keller.St_CG 1964.JPG,Tomato_Septoria_leaf_spot,9,train
D:\Plant-Disease-Detection\PlantVillage\Tomato_Septoria_leaf_spot\6e62204d-cfcf-4b46-8889-b98fc1821b47___Keller.St_CG 1872.JPG,Tomato_Septoria_leaf_spot,9,train
D:\Plant-Disease-Detection\PlantVillage\Tomato_Septoria_leaf_spot\6e99980a-8268-46ae-8f19-301f7b674638___Matt.S_CG 6073.JPG,Tomato_Septoria_leaf_spot,9,test
D:\Plant-Disease-Detection\PlantVillage\Tomato_Septoria_leaf_spot\6e9a45b0-7c4e-4b6b-abb4-6a2667810679___Keller.St_CG 1960.JPG,Tomato_Septoria_leaf_spot,9,train
D:\Plant-Disease-Detection\PlantVillage\Tomato_Septoria_leaf_spot\6ee71e64-8b63-4f36-9bad-2893317445b4___Matt.S_CG 0685.JPG,Tomato_Septoria_leaf_spot,9,train
D:\Plant-Disease-Detection\PlantVillage\Tomato_Septoria_leaf_spot\6eefe3d9-fe0a-4e1c-a297-4009e7d37d56___Matt.S_CG 6490.JPG,Tomato_Septoria_leaf_spot,9,train
D:\Plant-Disease-Detection\PlantVillage\Tomato_Septoria_leaf_spot\6f0bbcfb-bb4b-465e-a6c4-35e715bea1d2___Matt.S_CG 6686.JPG,Tomato_Septoria_leaf_spot,9,train
D:\Plant-Disease-Detection\PlantVillage\Tomato_Septoria_leaf_spot\6f564ce5-7595-469a-8db2-cfa8523ae647___Matt.S_CG 1546.JPG,Tomato_Septoria_leaf_spot,9,train
D:\Plant-Disease-Detection\PlantVillage\Tomato_Septoria_leaf_spot\6f9a003a-b2c7-4f96-9845-fc1ecacaeaa2___Matt.S_CG 0844.JPG,Tomato_Septoria_leaf_spot,9,train
D:\Plant-Disease-Detection\PlantVillage\Tomato_Septoria_leaf_spot\6fa4e32f-6cf3-48d7-9adb-b0282f3da27b___Matt.S_CG 7460.JPG,Tomato_Septoria_leaf_spot,9,train
D:\Plant-Disease-Detection\PlantVillage\Tomato_Septoria_leaf_spot\8a8675be-3990-4089-b64d-a5c5d28aacde___Keller.St_CG 2033.JPG,Tomato_Septoria_leaf_spot,9,train
D:\Plant-Disease-Detection\PlantVillage\Tomato_Septoria_leaf_spot\8a90ed3e-79fb-40e4-b3f6-005013452e32___JR_Sept.L.S 2565.JPG,Tomato_Septoria_leaf_spot,9,train
D:\Plant-Disease-Detection\PlantVillage\Tomato_Septoria_leaf_spot\8aa69183-3423-4d4e-88a2-640508f2ed4b___Matt.S_CG 6613.JPG,Tomato_Septoria_leaf_spot,9,test
D:\Plant-Disease-Detection\PlantVillage\Tomato_Septoria_leaf_spot\8aad671a-ce18-4cdb-9744-63eb859d40b7___Matt.S_CG 7650.JPG,Tomato_Septoria_leaf_spot,9,train
D:\Plant-Disease-Detection\PlantVillage\Tomato_Septoria_leaf_spot\8ae83365-7729-450a-9a49-328ae36155af___JR_Sept.L.S 2510.JPG,Tomato_Septoria_leaf_spot,9,train
D:\Plant-Disease-Detection\PlantVillage\Tomato_Septoria_leaf_spot\8b3906bb-538e-4a7e-83c0-a6a7fef3b2f1___JR_Sept.L.S 8420.JPG,Tomato_Septoria_leaf_spot,9,train
D:\Plant-Disease-Detection\PlantVillage\Tomato_Septoria_leaf_spot\8b676993-b491-4580-ab66-d620c060d79e___Matt.S_CG 7456.JPG,Tomato_Septoria_leaf_spot,9,train
D:\Plant-Disease-Detection\PlantVillage\Tomato_Septoria_leaf_spot\8b94c375-1eaf-4e17-b7ae-7718ab4c0b29___Matt.S_CG 5984.JPG,Tomato_Septoria_leaf_spot,9,validation
D:\Plant-Disease-Detection\PlantVillage\Tomato_Septoria_leaf_spot\8b9ca191-719d-40cf-9077-89d9534dee6b___JR_Sept.L.S 8457.JPG,Tomato_Septoria_leaf_spot,9,train
D:\Plant-Disease-Detection\PlantVillage\Tomato_Septoria_leaf_spot\8bcab1d2-d0fe-497d-9419-765c99ac6989___JR_Sept.L.S 8541.JPG,Tomato_Septoria_leaf_spot,9,train
D:\Plant-Disease-Detection\PlantVillage\Tomato_Septoria_leaf_spot\8bcfea5e-26a6-4a7a-9a36-068298b89029___JR_Sept.L.S 8429.JPG,Tomato_Septoria_leaf_spot,9,train
D:\Plant-Disease-Detection\PlantVillage\Tomato_Septoria_leaf_spot\8be9c468-c2d3-40cd-bfc9-21c94fc81d0a___JR_Sept.L.S 2564.JPG,Tomato_Septoria_leaf_spot,9,train
D:\Plant-Disease-Detection\PlantVillage\Tomato_Septoria_leaf_spot\8bf151ef-d3ca-47f9-b2d0-685ba9c5f229___Matt.S_CG 1453.JPG,Tomato_Septoria_leaf_spot,9,train
D:\Plant-Disease-Detection\PlantVillage\Tomato_Septoria_leaf_spot\8bf6fb90-0c85-4adf-a416-1c4c54ea5782___Matt.S_CG 6009.JPG,Tomato_Septoria_leaf_spot,9,test
D:\Plant-Disease-Detection\PlantVillage\Tomato_Septoria_leaf_spot\8c4da308-2be0-4f8b-8899-dac9eb728ad5___Matt.S_CG 1438.JPG,Tomato_Septoria_leaf_spot,9,test
D:\Plant-Disease-Detection\PlantVillage\Tomato_Septoria_leaf_spot\8c5a5ad2-1ac9-4a19-a5ea-26ae87e0f4c4___JR_Sept.L.S 2538.JPG,Tomato_Septoria_leaf_spot,9,validation
D:\Plant-Disease-Detection\PlantVillage\Tomato_Septoria_leaf_spot\8c73d17b-4821-4e52-9627-3914f7c89bce___JR_Sept.L.S 8481.JPG,Tomato_Septoria_leaf_spot,9,train
D:\Plant-Disease-Detection\PlantVillage\Tomato_Septoria_leaf_spot\8c8912bd-b691-492e-9a41-3df02195e544___Matt.S_CG 2583.JPG,Tomato_Septoria_leaf_spot,9,train
D:\Plant-Disease-Detection\PlantVillage\Tomato_Septoria_leaf_spot\8cbaba7f-8b0b-4eea-a4ed-afd375a7c55a___JR_Sept.L.S 2720.JPG,Tomato_Septoria_leaf_spot,9,train
D:\Plant-Disease-Detection\PlantVillage\Tomato_Septoria_leaf_spot\8cf044ea-2e31-49b3-942e-2a74ce20dfe1___Matt.S_CG 7417.JPG,Tomato_Septoria_leaf_spot,9,train
D:\Plant-Disease-Detection\PlantVillage\Tomato_Septoria_leaf_spot\8cfa4da1-02a0-4d53-80cb-ca8f92b05f47___Matt.S_CG 2880.JPG,Tomato_Septoria_leaf_spot,9,test
D:\Plant-Disease-Detection\PlantVillage\Tomato_Septoria_leaf_spot\8d370ca1-f143-4298-bede-e495da068cc0___Matt.S_CG 1315.JPG,Tomato_Septoria_leaf_spot,9,validation
D:\Plant-Disease-Detection\PlantVillage\Tomato_Septoria_leaf_spot\8d5130bd-a47d-449e-a18a-6074d768011a___Matt.S_CG 6785.JPG,Tomato_Septoria_leaf_spot,9,train
D:\Plant-Disease-Detection\PlantVillage\Tomato_Septoria_leaf_spot\8d8730db-4a12-4324-8218-47a86ea6b44e___Matt.S_CG 7708.JPG,Tomato_Septoria_leaf_spot,9,test
D:\Plant-Disease-Detection\PlantVillage\Tomato_Septoria_leaf_spot\8d9de432-48bb-4a21-9288-6ea97064edb8___Keller.St_CG 1917.JPG,Tomato_Septoria_leaf_spot,9,train
D:\Plant-Disease-Detection\PlantVillage\Tomato_Septoria_leaf_spot\8ddb1dc4-2a3b-47d1-aff4-53272713f514___JR_Sept.L.S 2603.JPG,Tomato_Septoria_leaf_spot,9,test
D:\Plant-Disease-Detection\PlantVillage\Tomato_Septoria_leaf_spot\8ddc7884-3f79-4284-8b11-bd68e156c5bf___Matt.S_CG 6554.JPG,Tomato_Septoria_leaf_spot,9,train
D:\Plant-Disease-Detection\PlantVillage\Tomato_Septoria_leaf_spot\8e15b503-716a-4aa4-83f8-62c7d9aae2f1___Matt.S_CG 7655.JPG,Tomato_Septoria_leaf_spot,9,train
D:\Plant-Disease-Detection\PlantVillage\Tomato_Septoria_leaf_spot\8e20ced5-3f32-475d-abd9-6db81cab76c1___Matt.S_CG 6743.JPG,Tomato_Septoria_leaf_spot,9,train
D:\Plant-Disease-Detection\PlantVillage\Tomato_Septoria_leaf_spot\8e31852e-12b6-413d-9f09-c4d7608326b5___JR_Sept.L.S 2487.JPG,Tomato_Septoria_leaf_spot,9,validation
D:\Plant-Disease-Detection\PlantVillage\Tomato_Septoria_leaf_spot\8e394ac6-15a5-4b49-ad6c-52b3d146457e___Matt.S_CG 1531.JPG,Tomato_Septoria_leaf_spot,9,validation
D:\Plant-Disease-Detection\PlantVillage\Tomato_Septoria_leaf_spot\8e5a724e-60a2-4cb7-9c77-639c36739b20___Matt.S_CG 7398.JPG,Tomato_Septoria_leaf_spot,9,train
D:\Plant-Disease-Detection\PlantVillage\Tomato_Septoria_leaf_spot\8e674c81-54a9-4da9-b764-db74f3f377fc___Matt.S_CG 6791.JPG,Tomato_Septoria_leaf_spot,9,validation
D:\Plant-Disease-Detection\PlantVillage\Tomato_Septoria_leaf_spot\8ea5ab78-1e1f-4f6b-97b0-84550af26040___Keller.St_CG 2039.JPG,Tomato_Septoria_leaf_spot,9,train
D:\Plant-Disease-Detection\PlantVillage\Tomato_Septoria_leaf_spot\8eb8581e-fe35-432a-bb91-6e4d01e20d86___Matt.S_CG 7696.JPG,Tomato_Septoria_leaf_spot,9,validation
D:\Plant-Disease-Detection\PlantVillage\Tomato_Septoria_leaf_spot\8eeef084-da1d-4b7d-af5e-ded3d7061b1d___Matt.S_CG 0797.JPG,Tomato_Septoria_leaf_spot,9,train
D:\Plant-Disease-Detection\PlantVillage\Tomato_Septoria_leaf_spot\8f2c9096-f0af-4f68-a0cb-9343ac4eacb2___Matt.S_CG 1228.JPG,Tomato_Septoria_leaf_spot,9,train
D:\Plant-Disease-Detection\PlantVillage\Tomato_Septoria_leaf_spot\8f3956a3-1d30-4df2-bac5-993ca9d335f8___Keller.St_CG 1886.JPG,Tomato_Septoria_leaf_spot,9,train
D:\Plant-Disease-Detection\PlantVillage\Tomato_Septoria_leaf_spot\8f4a967e-a423-42a1-9e61-b665ff9b9cf9___Matt.S_CG 2606.JPG,Tomato_Septoria_leaf_spot,9,validation
D:\Plant-Disease-Detection\PlantVillage\Tomato_Septoria_leaf_spot\8f5a4a7c-445b-4bb2-aa73-2c736733f82b___Matt.S_CG 7573.JPG,Tomato_Septoria_leaf_spot,9,train
D:\Plant-Disease-Detection\PlantVillage\Tomato_Septoria_leaf_spot\8f7043f7-a79e-4c9b-86d2-80b032b659b6___JR_Sept.L.S 2684.JPG,Tomato_Septoria_leaf_spot,9,train
D:\Plant-Disease-Detection\PlantVillage\Tomato_Septoria_leaf_spot\8f8c3234-855a-4841-8ec0-5d644ba8743a___JR_Sept.L.S 8506.JPG,Tomato_Septoria_leaf_spot,9,train
D:\Plant-Disease-Detection\PlantVillage\Tomato_Septoria_leaf_spot\8fabb9ea-8048-406a-be78-a64123654212___JR_Sept.L.S 2591.JPG,Tomato_Septoria_leaf_spot,9,validation
D:\Plant-Disease-Detection\PlantVillage\Tomato_Septoria_leaf_spot\8fdc83d8-f6f8-481d-bd09-e1baecddc6cf___JR_Sept.L.S 2611.JPG,Tomato_Septoria_leaf_spot,9,test
D:\Plant-Disease-Detection\PlantVillage\Tomato_Septoria_leaf_spot\8fe7631a-a0b5-4658-99a6-9cebcdb0e7f1___Matt.S_CG 1671.JPG,Tomato_Septoria_leaf_spot,9,train
D:\Plant-Disease-Detection\PlantVillage\Tomato_Septoria_leaf_spot\9a14bf02-01b4-4107-9254-998b5967e209___Matt.S_CG 6194.JPG,Tomato_Septoria_leaf_spot,9,train
D:\Plant-Disease-Detection\PlantVillage\Tomato_Septoria_leaf_spot\9a453d1c-52cd-4ff5-8114-fdb1231a3789___Keller.St_CG 1859.JPG,Tomato_Septoria_leaf_spot,9,validation
D:\Plant-Disease-Detection\PlantVillage\Tomato_Septoria_leaf_spot\c06b05f0-b428-45ee-bc9f-df042d171e81___JR_Sept.L.S 8529.JPG,Tomato_Septoria_leaf_spot,9,train
D:\Plant-Disease-Detection\PlantVillage\Tomato_Septoria_leaf_spot\c06b8139-8834-4755-b335-d1041d082aae___JR_Sept.L.S 2536.JPG,Tomato_Septoria_leaf_spot,9,test
D:\Plant-Disease-Detection\PlantVillage\Tomato_Septoria_leaf_spot\c14b6d69-3c57-417a-aad6-bfc540af2007___Matt.S_CG 0764.JPG,Tomato_Septoria_leaf_spot,9,train
D:\Plant-Disease-Detection\PlantVillage\Tomato_Septoria_leaf_spot\c1b84438-4e69-4366-b5be-ecb64351e836___JR_Sept.L.S 8441.JPG,Tomato_Septoria_leaf_spot,9,train
D:\Plant-Disease-Detection\PlantVillage\Tomato_Septoria_leaf_spot\c1df5a2c-d5ce-4e96-902e-ca7b15490e70___Matt.S_CG 0778.JPG,Tomato_Septoria_leaf_spot,9,train
D:\Plant-Disease-Detection\PlantVillage\Tomato_Septoria_leaf_spot\c1e4747a-8752-49e5-83a8-c9aac9b4216a___Matt.S_CG 7592.JPG,Tomato_Septoria_leaf_spot,9,test
D:\Plant-Disease-Detection\PlantVillage\Tomato_Septoria_leaf_spot\c1fdb307-b716-4638-93c6-ebf8185c5414___JR_Sept.L.S 2508.JPG,Tomato_Septoria_leaf_spot,9,train
D:\Plant-Disease-Detection\PlantVillage\Tomato_Septoria_leaf_spot\c20c23c7-ceeb-4a0a-b137-cb00f2156449___JR_Sept.L.S 2695.JPG,Tomato_Septoria_leaf_spot,9,train
D:\Plant-Disease-Detection\PlantVillage\Tomato_Septoria_leaf_spot\c2c33819-8bcc-479b-8ee0-2b2858165764___Matt.S_CG 6345.JPG,Tomato_Septoria_leaf_spot,9,train
D:\Plant-Disease-Detection\PlantVillage\Tomato_Septoria_leaf_spot\c2f1a5c9-63f5-4e18-8b33-891145c7a2be___Matt.S_CG 7539.JPG,Tomato_Septoria_leaf_spot,9,train
D:\Plant-Disease-Detection\PlantVillage\Tomato_Septoria_leaf_spot\c38a2c2c-8f40-4a27-83a7-c6848639fb73___Keller.St_CG 1954.JPG,Tomato_Septoria_leaf_spot,9,validation
D:\Plant-Disease-Detection\PlantVillage\Tomato_Septoria_leaf_spot\c3cb0263-de2c-43cb-98bf-28cb853386b7___Matt.S_CG 6910.JPG,Tomato_Septoria_leaf_spot,9,train
D:\Plant-Disease-Detection\PlantVillage\Tomato_Septoria_leaf_spot\c3e87759-e952-417b-9377-4d723cbe96d2___JR_Sept.L.S 2604.JPG,Tomato_Septoria_leaf_spot,9,train
D:\Plant-Disease-Detection\PlantVillage\Tomato_Septoria_leaf_spot\c3ea49c4-d133-49cd-82df-e347d7bb0c24___Matt.S_CG 1141.JPG,Tomato_Septoria_leaf_spot,9,validation
D:\Plant-Disease-Detection\PlantVillage\Tomato_Septoria_leaf_spot\c4a7c2db-f42f-4fb7-a833-9ef575e9aa8e___Keller.St_CG 1803.JPG,Tomato_Septoria_leaf_spot,9,validation
D:\Plant-Disease-Detection\PlantVillage\Tomato_Septoria_leaf_spot\c4c91080-210d-432d-8536-bf5a2e361528___Matt.S_CG 2866.JPG,Tomato_Septoria_leaf_spot,9,test
D:\Plant-Disease-Detection\PlantVillage\Tomato_Septoria_leaf_spot\c4ffa72c-748c-4697-9034-75abe541f5c7___JR_Sept.L.S 2472.JPG,Tomato_Septoria_leaf_spot,9,train
D:\Plant-Disease-Detection\PlantVillage\Tomato_Septoria_leaf_spot\c5dda767-1685-414e-bcfe-4f0f09328c0b___JR_Sept.L.S 2521.JPG,Tomato_Septoria_leaf_spot,9,test
D:\Plant-Disease-Detection\PlantVillage\Tomato_Septoria_leaf_spot\c6c3b881-6770-4bcc-8262-cc0f0b85b121___Keller.St_CG 2037.JPG,Tomato_Septoria_leaf_spot,9,test
D:\Plant-Disease-Detection\PlantVillage\Tomato_Septoria_leaf_spot\c6cdcab7-12bb-48e1-9434-377ef63eb24f___JR_Sept.L.S 8446.JPG,Tomato_Septoria_leaf_spot,9,train
D:\Plant-Disease-Detection\PlantVillage\Tomato_Septoria_leaf_spot\c6d86577-e132-46f6-8f49-5085daca84b4___Matt.S_CG 6200.JPG,Tomato_Septoria_leaf_spot,9,test
D:\Plant-Disease-Detection\PlantVillage\Tomato_Septoria_leaf_spot\c7a53353-a534-4dfc-b2d6-72782b34c294___JR_Sept.L.S 8385.JPG,Tomato_Septoria_leaf_spot,9,validation
D:\Plant-Disease-Detection\PlantVillage\Tomato_Septoria_leaf_spot\c7b40855-4938-49bd-9b74-02d3cb06c1a3___Matt.S_CG 6555.JPG,Tomato_Septoria_leaf_spot,9,train
D:\Plant-Disease-Detection\PlantVillage\Tomato_Septoria_leaf_spot\c7c2e116-d4da-4b0f-a2dc-24d3ecedf587___Keller.St_CG 1846.JPG,Tomato_Septoria_leaf_spot,9,validation
D:\Plant-Disease-Detection\PlantVillage\Tomato_Septoria_leaf_spot\c7ce1816-e41a-433b-9fd5-e933d0253d69___JR_Sept.L.S 2662.JPG,Tomato_Septoria_leaf_spot,9,train
D:\Plant-Disease-Detection\PlantVillage\Tomato_Septoria_leaf_spot\c7f91b1e-7ce9-41ec-9f51-2306168bf43e___JR_Sept.L.S 2598.JPG,Tomato_Septoria_leaf_spot,9,train
D:\Plant-Disease-Detection\PlantVillage\Tomato_Septoria_leaf_spot\c8a40d22-b47a-48a3-8450-e17dafd9a095___Matt.S_CG 7610.JPG,Tomato_Septoria_leaf_spot,9,train
D:\Plant-Disease-Detection\PlantVillage\Tomato_Septoria_leaf_spot\c8bccda1-45c8-4c33-b293-6c4e538bbc74___JR_Sept.L.S 8361.JPG,Tomato_Septoria_leaf_spot,9,train
D:\Plant-Disease-Detection\PlantVillage\Tomato_Septoria_leaf_spot\c9ae9fb3-4504-4a1c-8abd-e4e3ca22f707___Matt.S_CG 2720.JPG,Tomato_Septoria_leaf_spot,9,validation
D:\Plant-Disease-Detection\PlantVillage\Tomato_Septoria_leaf_spot\c9cc01b8-20f0-4556-9c62-21d2eead2ed1___JR_Sept.L.S 8423.JPG,Tomato_Septoria_leaf_spot,9,train
D:\Plant-Disease-Detection\PlantVillage\Tomato_Septoria_leaf_spot\cb6929ff-8e9b-42f2-97d4-ec388a5a6b06___JR_Sept.L.S 8461.JPG,Tomato_Septoria_leaf_spot,9,train
D:\Plant-Disease-Detection\PlantVillage\Tomato_Septoria_leaf_spot\cb8d79da-8394-46ee-896c-70906127d4ad___JR_Sept.L.S 8537.JPG,Tomato_Septoria_leaf_spot,9,test
D:\Plant-Disease-Detection\PlantVillage\Tomato_Septoria_leaf_spot\cba8fd06-5896-4944-a6d5-77300f74f11d___Keller.St_CG 1948.JPG,Tomato_Septoria_leaf_spot,9,train
D:\Plant-Disease-Detection\PlantVillage\Tomato_Septoria_leaf_spot\cbb28fe8-58fe-49e4-ad76-efc3826e0049___Keller.St_CG 1791.JPG,Tomato_Septoria_leaf_spot,9,validation
D:\Plant-Disease-Detection\PlantVillage\Tomato_Septoria_leaf_spot\cbb5096f-9a1f-4ffc-8b08-cfc4d9712f07___Matt.S_CG 1148.JPG,Tomato_Septoria_leaf_spot,9,train
D:\Plant-Disease-Detection\PlantVillage\Tomato_Septoria_leaf_spot\cbc521e4-3e95-4c0d-a806-56519afd72df___JR_Sept.L.S 8561.JPG,Tomato_Septoria_leaf_spot,9,train
D:\Plant-Disease-Detection\PlantVillage\Tomato_Septoria_leaf_spot\cbf33493-c9d7-486c-90c7-0e1117aec294___Matt.S_CG 7472.JPG,Tomato_Septoria_leaf_spot,9,train
D:\Plant-Disease-Detection\PlantVillage\Tomato_Septoria_leaf_spot\cc2256d7-6e78-4597-a532-e698af7fd12d___Keller.St_CG 1924.JPG,Tomato_Septoria_leaf_spot,9,train
D:\Plant-Disease-Detection\PlantVillage\Tomato_Septoria_leaf_spot\cc24a097-d7aa-46b3-808d-d31acc19c97b___Matt.S_CG 2645.JPG,Tomato_Septoria_leaf_spot,9,test
D:\Plant-Disease-Detection\PlantVillage\Tomato_Septoria_leaf_spot\cc2c7bfd-1c41-470d-91e6-e899126483e7___Matt.S_CG 7387.JPG,Tomato_Septoria_leaf_spot,9,train
D:\Plant-Disease-Detection\PlantVillage\Tomato_Septoria_leaf_spot\cc446d29-cb74-4c2d-b9c4-a08632ea045b___Matt.S_CG 7850.JPG,Tomato_Septoria_leaf_spot,9,test
D:\Plant-Disease-Detection\PlantVillage\Tomato_Septoria_leaf_spot\cc997e01-8e1e-4d98-973d-d8a6e9703840___Matt.S_CG 6576.JPG,Tomato_Septoria_leaf_spot,9,train
D:\Plant-Disease-Detection\PlantVillage\Tomato_Septoria_leaf_spot\ccfd6b0f-5f54-45ea-8567-cf0cc63403bf___Matt.S_CG 2568.JPG,Tomato_Septoria_leaf_spot,9,train
D:\Plant-Disease-Detection\PlantVillage\Tomato_Septoria_leaf_spot\cd2cd0c6-bf72-4bfb-9647-58f5358638d4___Matt.S_CG 6020.JPG,Tomato_Septoria_leaf_spot,9,train
D:\Plant-Disease-Detection\PlantVillage\Tomato_Septoria_leaf_spot\cd3b1a93-f5b4-406f-aa8a-640280edf543___Keller.St_CG 1860.JPG,Tomato_Septoria_leaf_spot,9,train
D:\Plant-Disease-Detection\PlantVillage\Tomato_Septoria_leaf_spot\cd6c24ea-037a-4d83-b2c8-24616da8ff46___Keller.St_CG 1883.JPG,Tomato_Septoria_leaf_spot,9,validation
D:\Plant-Disease-Detection\PlantVillage\Tomato_Septoria_leaf_spot\cd83759b-c7da-4406-8794-9b311ab05871___Matt.S_CG 6684.JPG,Tomato_Septoria_leaf_spot,9,train
D:\Plant-Disease-Detection\PlantVillage\Tomato_Septoria_leaf_spot\cd89e385-73ad-46bb-9f59-10e44880b2ce___Matt.S_CG 6835.JPG,Tomato_Septoria_leaf_spot,9,validation
D:\Plant-Disease-Detection\PlantVillage\Tomato_Septoria_leaf_spot\cda009cd-6374-4de5-af6c-de0b1bf35758___Keller.St_CG 1969.JPG,Tomato_Septoria_leaf_spot,9,test
D:\Plant-Disease-Detection\PlantVillage\Tomato_Septoria_leaf_spot\cde3269d-4c8f-4ea8-9b3c-e5b1d4529022___Matt.S_CG 2522.JPG,Tomato_Septoria_leaf_spot,9,train
D:\Plant-Disease-Detection\PlantVillage\Tomato_Septoria_leaf_spot\cded6e08-aa66-43bc-a190-3d83a229b273___Matt.S_CG 1564.JPG,Tomato_Septoria_leaf_spot,9,train
D:\Plant-Disease-Detection\PlantVillage\Tomato_Septoria_leaf_spot\cdf046be-8d54-4e89-babf-425b7f7ac27c___Matt.S_CG 7437.JPG,Tomato_Septoria_leaf_spot,9,train
D:\Plant-Disease-Detection\PlantVillage\Tomato_Septoria_leaf_spot\cdf6e7c1-419f-4bfe-aaaa-9e2872ee8fa3___JR_Sept.L.S 2642.JPG,Tomato_Septoria_leaf_spot,9,validation
D:\Plant-Disease-Detection\PlantVillage\Tomato_Septoria_leaf_spot\cdf7e54e-1bc9-4107-a49c-77be805c52be___Matt.S_CG 7730.JPG,Tomato_Septoria_leaf_spot,9,train
D:\Plant-Disease-Detection\PlantVillage\Tomato_Septoria_leaf_spot\d12cfd6a-ecd5-44cd-89fe-85ce877d31f9___JR_Sept.L.S 2470.JPG,Tomato_Septoria_leaf_spot,9,validation
D:\Plant-Disease-Detection\PlantVillage\Tomato_Septoria_leaf_spot\d13b42e1-25f4-4d5e-9289-3806a53c5405___Keller.St_CG 1775.JPG,Tomato_Septoria_leaf_spot,9,train
D:\Plant-Disease-Detection\PlantVillage\Tomato_Septoria_leaf_spot\d16a363b-66e1-4206-89f8-31b2b4fadd5b___Matt.S_CG 7491.JPG,Tomato_Septoria_leaf_spot,9,train
D:\Plant-Disease-Detection\PlantVillage\Tomato_Septoria_leaf_spot\d32e7797-bc8e-4042-a170-bb2d2a415d75___JR_Sept.L.S 8399.JPG,Tomato_Septoria_leaf_spot,9,train
D:\Plant-Disease-Detection\PlantVillage\Tomato_Septoria_leaf_spot\d34bb16c-4890-499a-8bcd-7fbd6c540a91___Matt.S_CG 7546.JPG,Tomato_Septoria_leaf_spot,9,train
D:\Plant-Disease-Detection\PlantVillage\Tomato_Septoria_leaf_spot\d37daba6-3681-4b5f-961f-07bef457325f___Matt.S_CG 7522.JPG,Tomato_Septoria_leaf_spot,9,test
D:\Plant-Disease-Detection\PlantVillage\Tomato_Septoria_leaf_spot\d40b9be4-3d8c-464d-b948-5245b60f38ab___JR_Sept.L.S 2672.JPG,Tomato_Septoria_leaf_spot,9,train
D:\Plant-Disease-Detection\PlantVillage\Tomato_Septoria_leaf_spot\d40f02b5-280d-49f7-8aad-a3379e2fbd07___JR_Sept.L.S 2474.JPG,Tomato_Septoria_leaf_spot,9,train
D:\Plant-Disease-Detection\PlantVillage\Tomato_Septoria_leaf_spot\d42bee1e-15b3-4351-a2cb-1e062359e011___Keller.St_CG 1849.JPG,Tomato_Septoria_leaf_spot,9,validation
D:\Plant-Disease-Detection\PlantVillage\Tomato_Septoria_leaf_spot\d43c1014-1f3d-4e80-bd34-e1f5243ac21e___JR_Sept.L.S 2664.JPG,Tomato_Septoria_leaf_spot,9,validation
D:\Plant-Disease-Detection\PlantVillage\Tomato_Septoria_leaf_spot\d5a1e4e1-f646-408e-b0af-e64262e492d8___Matt.S_CG 0884.JPG,Tomato_Septoria_leaf_spot,9,train
D:\Plant-Disease-Detection\PlantVillage\Tomato_Septoria_leaf_spot\d5aea5fd-511a-4b5a-92d5-b4063c2c9615___Matt.S_CG 0669.JPG,Tomato_Septoria_leaf_spot,9,train
D:\Plant-Disease-Detection\PlantVillage\Tomato_Septoria_leaf_spot\d5daea6b-a0cf-4a40-9cef-3cb43c63f6a9___Matt.S_CG 7776.JPG,Tomato_Septoria_leaf_spot,9,train
D:\Plant-Disease-Detection\PlantVillage\Tomato_Septoria_leaf_spot\d5e0bb6d-149c-4750-b7ed-8d92cd419720___Matt.S_CG 7688.JPG,Tomato_Septoria_leaf_spot,9,train
D:\Plant-Disease-Detection\PlantVillage\Tomato_Septoria_leaf_spot\d7d247bb-ea19-452f-952a-5919d167e33c___Matt.S_CG 0932.JPG,Tomato_Septoria_leaf_spot,9,train
D:\Plant-Disease-Detection\PlantVillage\Tomato_Septoria_leaf_spot\d7faf499-18df-4481-8d07-3d7168c83022___Matt.S_CG 7785.JPG,Tomato_Septoria_leaf_spot,9,train
D:\Plant-Disease-Detection\PlantVillage\Tomato_Septoria_leaf_spot\d8c33d6a-3aad-4714-9eec-3353a008e67f___Keller.St_CG 1980.JPG,Tomato_Septoria_leaf_spot,9,train
D:\Plant-Disease-Detection\PlantVillage\Tomato_Septoria_leaf_spot\d9b157de-5e30-4233-8fbe-dc3c69730aed___JR_Sept.L.S 2657.JPG,Tomato_Septoria_leaf_spot,9,train
D:\Plant-Disease-Detection\PlantVillage\Tomato_Spider_mites_Two_spotted_spider_mite\002835d1-c18e-4471-aa6e-8d8c29585e9b___Com.G_SpM_FL 8584.JPG,Tomato_Spider_mites_Two_spotted_spider_mite,10,train
D:\Plant-Disease-Detection\PlantVillage\Tomato_Spider_mites_Two_spotted_spider_mite\01027422-5838-4aaf-a517-01ea4e2cb6b9___Com.G_SpM_FL 9256.JPG,Tomato_Spider_mites_Two_spotted_spider_mite,10,train
D:\Plant-Disease-Detection\PlantVillage\Tomato_Spider_mites_Two_spotted_spider_mite\0247236f-c1ae-4b3f-92b3-9077fe5cb3c3___Com.G_SpM_FL 8505.JPG,Tomato_Spider_mites_Two_spotted_spider_mite,10,test
D:\Plant-Disease-Detection\PlantVillage\Tomato_Spider_mites_Two_spotted_spider_mite\0315776d-6d0d-4ae2-b102-4fd0feebaa51___Com.G_SpM_FL 9375.JPG,Tomato_Spider_mites_Two_spotted_spider_mite,10,test
D:\Plant-Disease-Detection\PlantVillage\Tomato_Spider_mites_Two_spotted_spider_mite\05138887-688c-4efe-a78f-f4416c1d63b0___Com.G_SpM_FL 8767.JPG,Tomato_Spider_mites_Two_spotted_spider_mite,10,train
D:\Plant-Disease-Detection\PlantVillage\Tomato_Spider_mites_Two_spotted_spider_mite\07843665-3d98-4371-873a-21b4bbe30a9d___Com.G_SpM_FL 8458.JPG,Tomato_Spider_mites_Two_spotted_spider_mite,10,train
D:\Plant-Disease-Detection\PlantVillage\Tomato_Spider_mites_Two_spotted_spider_mite\089621fa-9c68-4401-a964-ee3383a31cd6___Com.G_SpM_FL 8554.JPG,Tomato_Spider_mites_Two_spotted_spider_mite,10,train
D:\Plant-Disease-Detection\PlantVillage\Tomato_Spider_mites_Two_spotted_spider_mite\0a167675-0317-4105-b885-b707b6ea52cf___Com.G_SpM_FL 9327.JPG,Tomato_Spider_mites_Two_spotted_spider_mite,10,train
D:\Plant-Disease-Detection\PlantVillage\Tomato_Spider_mites_Two_spotted_spider_mite\0a1c03ea-1a2d-449e-bcc4-4a8b62febf88___Com.G_SpM_FL 9433.JPG,Tomato_Spider_mites_Two_spotted_spider_mite,10,train
D:\Plant-Disease-Detection\PlantVillage\Tomato_Spider_mites_Two_spotted_spider_mite\0a246e71-0551-4603-a017-d1dfc4ea06be___Com.G_SpM_FL 1178.JPG,Tomato_Spider_mites_Two_spotted_spider_mite,10,train
D:\Plant-Disease-Detection\PlantVillage\Tomato_Spider_mites_Two_spotted_spider_mite\0a2b122a-0f23-4c92-8b7a-21b274dffbe5___Com.G_SpM_FL 9350.JPG,Tomato_Spider_mites_Two_spotted_spider_mite,10,train
D:\Plant-Disease-Detection\PlantVillage\Tomato_Spider_mites_Two_spotted_spider_mite\0a3ec09c-ccf4-49ab-bae2-f82f913aa9c8___Com.G_SpM_FL 9444.JPG,Tomato_Spider_mites_Two_spotted_spider_mite,10,train
D:\Plant-Disease-Detection\PlantVillage\Tomato_Spider_mites_Two_spotted_spider_mite\0a7714a4-530b-49e0-821f-be8d33c588ac___Com.G_SpM_FL 1775.JPG,Tomato_Spider_mites_Two_spotted_spider_mite,10,train
D:\Plant-Disease-Detection\PlantVillage\Tomato_Spider_mites_Two_spotted_spider_mite\105833d3-690a-44fa-abd7-0a8c6245f7b0___Com.G_SpM_FL 1277.JPG,Tomato_Spider_mites_Two_spotted_spider_mite,10,validation
D:\Plant-Disease-Detection\PlantVillage\Tomato_Spider_mites_Two_spotted_spider_mite\10742761-050e-4a3b-b3ef-cbbde8cd6d2a___Com.G_SpM_FL 8445.JPG,Tomato_Spider_mites_Two_spotted_spider_mite,10,train
D:\Plant-Disease-Detection\PlantVillage\Tomato_Spider_mites_Two_spotted_spider_mite\11337458-8442-4322-b615-31a57e7a8323___Com.G_SpM_FL 8840.JPG,Tomato_Spider_mites_Two_spotted_spider_mite,10,train
D:\Plant-Disease-Detection\PlantVillage\Tomato_Spider_mites_Two_spotted_spider_mite\116999e1-33f4-41bc-a3a3-fbb3332bf143___Com.G_SpM_FL 1603.JPG,Tomato_Spider_mites_Two_spotted_spider_mite,10,test
D:\Plant-Disease-Detection\PlantVillage\Tomato_Spider_mites_Two_spotted_spider_mite\123223d5-ec90-4df4-8a65-e474c88fda19___Com.G_SpM_FL 1664.JPG,Tomato_Spider_mites_Two_spotted_spider_mite,10,train
D:\Plant-Disease-Detection\PlantVillage\Tomato_Spider_mites_Two_spotted_spider_mite\128451c9-2ad2-44b3-8188-82ee11bcb6d5___Com.G_SpM_FL 1157.JPG,Tomato_Spider_mites_Two_spotted_spider_mite,10,test
D:\Plant-Disease-Detection\PlantVillage\Tomato_Spider_mites_Two_spotted_spider_mite\129160ba-d6f0-434c-b399-735d61a39a16___Com.G_SpM_FL 8628.JPG,Tomato_Spider_mites_Two_spotted_spider_mite,10,validation
D:\Plant-Disease-Detection\PlantVillage\Tomato_Spider_mites_Two_spotted_spider_mite\140136da-2b1c-4a29-b984-31e693c10d1c___Com.G_SpM_FL 9442.JPG,Tomato_Spider_mites_Two_spotted_spider_mite,10,train
D:\Plant-Disease-Detection\PlantVillage\Tomato_Spider_mites_Two_spotted_spider_mite\1744606c-1817-494d-bb7c-6ea74c9f07ec___Com.G_SpM_FL 8770.JPG,Tomato_Spider_mites_Two_spotted_spider_mite,10,train
D:\Plant-Disease-Detection\PlantVillage\Tomato_Spider_mites_Two_spotted_spider_mite\185427fc-b158-483e-8bbf-3579fc49c8dc___Com.G_SpM_FL 1428.JPG,Tomato_Spider_mites_Two_spotted_spider_mite,10,train
D:\Plant-Disease-Detection\PlantVillage\Tomato_Spider_mites_Two_spotted_spider_mite\18663563-6c5e-43f0-bed8-72e7c9adc3ee___Com.G_SpM_FL 8831.JPG,Tomato_Spider_mites_Two_spotted_spider_mite,10,test
D:\Plant-Disease-Detection\PlantVillage\Tomato_Spider_mites_Two_spotted_spider_mite\200410b0-390d-406f-aa66-5573ec4d8e04___Com.G_SpM_FL 1214.JPG,Tomato_Spider_mites_Two_spotted_spider_mite,10,train
D:\Plant-Disease-Detection\PlantVillage\Tomato_Spider_mites_Two_spotted_spider_mite\2035804b-547e-473b-a510-7773a7ff2c58___Com.G_SpM_FL 9359.JPG,Tomato_Spider_mites_Two_spotted_spider_mite,10,train
D:\Plant-Disease-Detection\PlantVillage\Tomato_Spider_mites_Two_spotted_spider_mite\20630492-00f2-4da5-bda0-97c3a0bbdcc8___Com.G_SpM_FL 1150.JPG,Tomato_Spider_mites_Two_spotted_spider_mite,10,train
D:\Plant-Disease-Detection\PlantVillage\Tomato_Spider_mites_Two_spotted_spider_mite\207097b4-b76a-41dc-b80f-db4f2c9f2616___Com.G_SpM_FL 1408.JPG,Tomato_Spider_mites_Two_spotted_spider_mite,10,train
D:\Plant-Disease-Detection\PlantVillage\Tomato_Spider_mites_Two_spotted_spider_mite\2141c98c-1ff5-405e-9fe7-06dd14099edc___Com.G_SpM_FL 8984.JPG,Tomato_Spider_mites_Two_spotted_spider_mite,10,train
D:\Plant-Disease-Detection\PlantVillage\Tomato_Spider_mites_Two_spotted_spider_mite\2150b3d6-e3fe-4a45-8355-107954d843c8___Com.G_SpM_FL 8578.JPG,Tomato_Spider_mites_Two_spotted_spider_mite,10,validation
D:\Plant-Disease-Detection\PlantVillage\Tomato_Spider_mites_Two_spotted_spider_mite\2191359a-e985-4bf9-abe2-8f4e00685701___Com.G_SpM_FL 9645.JPG,Tomato_Spider_mites_Two_spotted_spider_mite,10,train
D:\Plant-Disease-Detection\PlantVillage\Tomato_Spider_mites_Two_spotted_spider_mite\21941596-620a-443c-97f9-cf4c98a4e3c5___Com.G_SpM_FL 1581.JPG,Tomato_Spider_mites_Two_spotted_spider_mite,10,train
D:\Plant-Disease-Detection\PlantVillage\Tomato_Spider_mites_Two_spotted_spider_mite\2252552c-aa8f-45a4-8c26-f79fa3febf9d___Com.G_SpM_FL 8955.JPG,Tomato_Spider_mites_Two_spotted_spider_mite,10,train
D:\Plant-Disease-Detection\PlantVillage\Tomato_Spider_mites_Two_spotted_spider_mite\230070e0-c6a3-497a-8e3a-77831300087d___Com.G_SpM_FL 1403.JPG,Tomato_Spider_mites_Two_spotted_spider_mite,10,train
D:\Plant-Disease-Detection\PlantVillage\Tomato_Spider_mites_Two_spotted_spider_mite\2305cbc5-4e95-4258-810d-e68e7a58b6f2___Com.G_SpM_FL 1454.JPG,Tomato_Spider_mites_Two_spotted_spider_mite,10,train
D:\Plant-Disease-Detection\PlantVillage\Tomato_Spider_mites_Two_spotted_spider_mite\2323078c-6ad7-4135-8310-e4bc33be299d___Com.G_SpM_FL 9647.JPG,Tomato_Spider_mites_Two_spotted_spider_mite,10,train
D:\Plant-Disease-Detection\PlantVillage\Tomato_Spider_mites_Two_spotted_spider_mite\2339bb0d-0389-46c0-9c13-dd5689506143___Com.G_SpM_FL 8516.JPG,Tomato_Spider_mites_Two_spotted_spider_mite,10,test
D:\Plant-Disease-Detection\PlantVillage\Tomato_Spider_mites_Two_spotted_spider_mite\2451545c-3a36-49ad-ad97-b81008d9e198___Com.G_SpM_FL 1654.JPG,Tomato_Spider_mites_Two_spotted_spider_mite,10,test
D:\Plant-Disease-Detection\PlantVillage\Tomato_Spider_mites_Two_spotted_spider_mite\2482ef02-b513-41ee-95df-81ae24ef55dd___Com.G_SpM_FL 8562.JPG,Tomato_Spider_mites_Two_spotted_spider_mite,10,train
D:\Plant-Disease-Detection\PlantVillage\Tomato_Spider_mites_Two_spotted_spider_mite\25942223-0e8b-43f0-af12-f156ff075486___Com.G_SpM_FL 1560.JPG,Tomato_Spider_mites_Two_spotted_spider_mite,10,train
D:\Plant-Disease-Detection\PlantVillage\Tomato_Spider_mites_Two_spotted_spider_mite\2885962a-dc26-4951-a934-34c726bc32a5___Com.G_SpM_FL 8657.JPG,Tomato_Spider_mites_Two_spotted_spider_mite,10,train
D:\Plant-Disease-Detection\PlantVillage\Tomato_Spider_mites_Two_spotted_spider_mite\3203380e-f2a7-4111-8e27-3e935bc63a31___Com.G_SpM_FL 8593.JPG,Tomato_Spider_mites_Two_spotted_spider_mite,10,train
D:\Plant-Disease-Detection\PlantVillage\Tomato_Spider_mites_Two_spotted_spider_mite\3472596b-2763-4b57-a0af-43c294f7ba93___Com.G_SpM_FL 1575.JPG,Tomato_Spider_mites_Two_spotted_spider_mite,10,train
D:\Plant-Disease-Detection\PlantVillage\Tomato_Spider_mites_Two_spotted_spider_mite\354777cd-2631-4633-a227-37a7c823a1e1___Com.G_SpM_FL 8727.JPG,Tomato_Spider_mites_Two_spotted_spider_mite,10,train
D:\Plant-Disease-Detection\PlantVillage\Tomato_Spider_mites_Two_spotted_spider_mite\3753178e-eee8-405a-93b3-8f34728d7210___Com.G_SpM_FL 9410.JPG,Tomato_Spider_mites_Two_spotted_spider_mite,10,train
D:\Plant-Disease-Detection\PlantVillage\Tomato_Spider_mites_Two_spotted_spider_mite\3816382b-fc42-4661-b2fe-de651d2ca2ba___Com.G_SpM_FL 9294.JPG,Tomato_Spider_mites_Two_spotted_spider_mite,10,train
D:\Plant-Disease-Detection\PlantVillage\Tomato_Spider_mites_Two_spotted_spider_mite\39528564-9273-41d9-96d4-2170096eb649___Com.G_SpM_FL 8756.JPG,Tomato_Spider_mites_Two_spotted_spider_mite,10,test
D:\Plant-Disease-Detection\PlantVillage\Tomato_Spider_mites_Two_spotted_spider_mite\410683ba-d91f-4494-b19c-1a39f142e54b___Com.G_SpM_FL 8556.JPG,Tomato_Spider_mites_Two_spotted_spider_mite,10,train
D:\Plant-Disease-Detection\PlantVillage\Tomato_Spider_mites_Two_spotted_spider_mite\4136897a-cf67-4e88-b588-60585499820a___Com.G_SpM_FL 1510.JPG,Tomato_Spider_mites_Two_spotted_spider_mite,10,validation
D:\Plant-Disease-Detection\PlantVillage\Tomato_Spider_mites_Two_spotted_spider_mite\41894074-149c-4543-9f3d-a022cc884b20___Com.G_SpM_FL 9429.JPG,Tomato_Spider_mites_Two_spotted_spider_mite,10,train
D:\Plant-Disease-Detection\PlantVillage\Tomato_Spider_mites_Two_spotted_spider_mite\42338037-ae62-45f9-a040-ea9e900272a9___Com.G_SpM_FL 8464.JPG,Tomato_Spider_mites_Two_spotted_spider_mite,10,train
D:\Plant-Disease-Detection\PlantVillage\Tomato_Spider_mites_Two_spotted_spider_mite\428945fc-56c2-4e5a-a69d-c5e5bb52e45f___Com.G_SpM_FL 1366.JPG,Tomato_Spider_mites_Two_spotted_spider_mite,10,train
D:\Plant-Disease-Detection\PlantVillage\Tomato_Spider_mites_Two_spotted_spider_mite\434368e8-214e-4c1e-a1c1-aad66e7f069b___Com.G_SpM_FL 1570.JPG,Tomato_Spider_mites_Two_spotted_spider_mite,10,train
D:\Plant-Disease-Detection\PlantVillage\Tomato_Spider_mites_Two_spotted_spider_mite\43723714-f919-49eb-a0c5-0dd8b1aacf1f___Com.G_SpM_FL 1232.JPG,Tomato_Spider_mites_Two_spotted_spider_mite,10,test
D:\Plant-Disease-Detection\PlantVillage\Tomato_Spider_mites_Two_spotted_spider_mite\44276721-fa2c-44b1-a44c-bbe408bd129e___Com.G_SpM_FL 8496.JPG,Tomato_Spider_mites_Two_spotted_spider_mite,10,test
D:\Plant-Disease-Detection\PlantVillage\Tomato_Spider_mites_Two_spotted_spider_mite\44755960-f542-4f8e-a1a0-94cf3cad8c21___Com.G_SpM_FL 1498.JPG,Tomato_Spider_mites_Two_spotted_spider_mite,10,validation
D:\Plant-Disease-Detection\PlantVillage\Tomato_Spider_mites_Two_spotted_spider_mite\4507779d-5b5d-4c5d-83d4-8eea46679249___Com.G_SpM_FL 9324.JPG,Tomato_Spider_mites_Two_spotted_spider_mite,10,validation
D:\Plant-Disease-Detection\PlantVillage\Tomato_Spider_mites_Two_spotted_spider_mite\45248234-50eb-465e-a7e1-7b80140db3d3___Com.G_SpM_FL 9509.JPG,Tomato_Spider_mites_Two_spotted_spider_mite,10,test
D:\Plant-Disease-Detection\PlantVillage\Tomato_Spider_mites_Two_spotted_spider_mite\466043c2-30e9-4ac4-a8c7-89b56a43fbbb___Com.G_SpM_FL 1275.JPG,Tomato_Spider_mites_Two_spotted_spider_mite,10,train
D:\Plant-Disease-Detection\PlantVillage\Tomato_Spider_mites_Two_spotted_spider_mite\473578ed-99da-4f7f-9eff-25b067e6c761___Com.G_SpM_FL 1545.JPG,Tomato_Spider_mites_Two_spotted_spider_mite,10,validation
D:\Plant-Disease-Detection\PlantVillage\Tomato_Spider_mites_Two_spotted_spider_mite\47690528-03cd-4c8f-bd9d-22a87f9227b4___Com.G_SpM_FL 8718.JPG,Tomato_Spider_mites_Two_spotted_spider_mite,10,train
D:\Plant-Disease-Detection\PlantVillage\Tomato_Spider_mites_Two_spotted_spider_mite\48607635-07da-4682-893a-d163e7abc3ae___Com.G_SpM_FL 1402.JPG,Tomato_Spider_mites_Two_spotted_spider_mite,10,train
D:\Plant-Disease-Detection\PlantVillage\Tomato_Spider_mites_Two_spotted_spider_mite\491846cf-0ae0-41f5-aacb-b686b60f0f63___Com.G_SpM_FL 1183.JPG,Tomato_Spider_mites_Two_spotted_spider_mite,10,test
D:\Plant-Disease-Detection\PlantVillage\Tomato_Spider_mites_Two_spotted_spider_mite\497393f6-55bc-4e2b-b208-fa0f54ba8c92___Com.G_SpM_FL 1420.JPG,Tomato_Spider_mites_Two_spotted_spider_mite,10,train
D:\Plant-Disease-Detection\PlantVillage\Tomato_Spider_mites_Two_spotted_spider_mite\498314ae-6c7f-4c5a-998a-ad0dab8456f6___Com.G_SpM_FL 8923.JPG,Tomato_Spider_mites_Two_spotted_spider_mite,10,train
D:\Plant-Disease-Detection\PlantVillage\Tomato_Spider_mites_Two_spotted_spider_mite\529646d8-5a02-4db8-b693-dd8232dd189f___Com.G_SpM_FL 8592.JPG,Tomato_Spider_mites_Two_spotted_spider_mite,10,train
D:\Plant-Disease-Detection\PlantVillage\Tomato_Spider_mites_Two_spotted_spider_mite\53135776-95ce-433b-ba86-79b18856a676___Com.G_SpM_FL 8601.JPG,Tomato_Spider_mites_Two_spotted_spider_mite,10,train
D:\Plant-Disease-Detection\PlantVillage\Tomato_Spider_mites_Two_spotted_spider_mite\5325808a-1f2d-4824-9175-3d47e5104810___Com.G_SpM_FL 1539.JPG,Tomato_Spider_mites_Two_spotted_spider_mite,10,train
D:\Plant-Disease-Detection\PlantVillage\Tomato_Spider_mites_Two_spotted_spider_mite\53465364-cf45-422d-89f7-fa8fb1ce2bfe___Com.G_SpM_FL 9270.JPG,Tomato_Spider_mites_Two_spotted_spider_mite,10,train
D:\Plant-Disease-Detection\PlantVillage\Tomato_Spider_mites_Two_spotted_spider_mite\54461621-21aa-4ae7-92e1-800c74162441___Com.G_SpM_FL 1721.JPG,Tomato_Spider_mites_Two_spotted_spider_mite,10,validation
D:\Plant-Disease-Detection\PlantVillage\Tomato_Spider_mites_Two_spotted_spider_mite\551162cb-5559-4805-9ab9-a2c597df47b4___Com.G_SpM_FL 1274.JPG,Tomato_Spider_mites_Two_spotted_spider_mite,10,validation
D:\Plant-Disease-Detection\PlantVillage\Tomato_Spider_mites_Two_spotted_spider_mite\569439e7-56a7-4978-b937-cc6e4ef5ef8e___Com.G_SpM_FL 1165.JPG,Tomato_Spider_mites_Two_spotted_spider_mite,10,train
D:\Plant-Disease-Detection\PlantVillage\Tomato_Spider_mites_Two_spotted_spider_mite\56987d4c-c263-4b31-ba40-679cc228d35b___Com.G_SpM_FL 1343.JPG,Tomato_Spider_mites_Two_spotted_spider_mite,10,train
D:\Plant-Disease-Detection\PlantVillage\Tomato_Spider_mites_Two_spotted_spider_mite\573544ad-029a-487b-98bb-2beaa9007b22___Com.G_SpM_FL 8771.JPG,Tomato_Spider_mites_Two_spotted_spider_mite,10,train
D:\Plant-Disease-Detection\PlantVillage\Tomato_Spider_mites_Two_spotted_spider_mite\57649e25-07c1-4435-9084-6da48a1cc72f___Com.G_SpM_FL 1734.JPG,Tomato_Spider_mites_Two_spotted_spider_mite,10,test
D:\Plant-Disease-Detection\PlantVillage\Tomato_Spider_mites_Two_spotted_spider_mite\5792673e-ed65-4ff0-b119-bfdf795251cb___Com.G_SpM_FL 1682.JPG,Tomato_Spider_mites_Two_spotted_spider_mite,10,test
D:\Plant-Disease-Detection\PlantVillage\Tomato_Spider_mites_Two_spotted_spider_mite\57947620-7dfb-4197-8e9a-c78b56e43ba4___Com.G_SpM_FL 9527.JPG,Tomato_Spider_mites_Two_spotted_spider_mite,10,train
D:\Plant-Disease-Detection\PlantVillage\Tomato_Spider_mites_Two_spotted_spider_mite\58444bc2-3da1-4ac2-9beb-d09234f64d4b___Com.G_SpM_FL 8704.JPG,Tomato_Spider_mites_Two_spotted_spider_mite,10,train
D:\Plant-Disease-Detection\PlantVillage\Tomato_Spider_mites_Two_spotted_spider_mite\591766a1-bce5-433c-a33c-4c9d6fd1f27a___Com.G_SpM_FL 9413.JPG,Tomato_Spider_mites_Two_spotted_spider_mite,10,train
D:\Plant-Disease-Detection\PlantVillage\Tomato_Spider_mites_Two_spotted_spider_mite\61425a6d-4f24-4306-b085-f91143e04be9___Com.G_SpM_FL 1385.JPG,Tomato_Spider_mites_Two_spotted_spider_mite,10,validation
D:\Plant-Disease-Detection\PlantVillage\Tomato_Spider_mites_Two_spotted_spider_mite\61563795-d070-46c1-99ad-2ed3cde171f7___Com.G_SpM_FL 9556.JPG,Tomato_Spider_mites_Two_spotted_spider_mite,10,train
D:\Plant-Disease-Detection\PlantVillage\Tomato_Spider_mites_Two_spotted_spider_mite\6199353f-27d9-4f9f-be4c-cf6ce1bdbb08___Com.G_SpM_FL 1152.JPG,Tomato_Spider_mites_Two_spotted_spider_mite,10,validation
D:\Plant-Disease-Detection\PlantVillage\Tomato_Spider_mites_Two_spotted_spider_mite\6217205d-283e-4ee9-9b4a-15d4eed299c9___Com.G_SpM_FL 1737.JPG,Tomato_Spider_mites_Two_spotted_spider_mite,10,train
D:\Plant-Disease-Detection\PlantVillage\Tomato_Spider_mites_Two_spotted_spider_mite\628066de-63be-46b5-95fb-daf6096d4d6d___Com.G_SpM_FL 1566.JPG,Tomato_Spider_mites_Two_spotted_spider_mite,10,train
D:\Plant-Disease-Detection\PlantVillage\Tomato_Spider_mites_Two_spotted_spider_mite\63384c82-1527-482a-93e4-51841ad0506c___Com.G_SpM_FL 1373.JPG,Tomato_Spider_mites_Two_spotted_spider_mite,10,train
D:\Plant-Disease-Detection\PlantVillage\Tomato_Spider_mites_Two_spotted_spider_mite\64212dd5-5bcd-4abf-bc24-a1c13c81d60b___Com.G_SpM_FL 9290.JPG,Tomato_Spider_mites_Two_spotted_spider_mite,10,train
D:\Plant-Disease-Detection\PlantVillage\Tomato_Spider_mites_Two_spotted_spider_mite\643048b3-fcbc-46d2-9799-7e2f8fd9b57f___Com.G_SpM_FL 9652.JPG,Tomato_Spider_mites_Two_spotted_spider_mite,10,train
D:\Plant-Disease-Detection\PlantVillage\Tomato_Spider_mites_Two_spotted_spider_mite\64338ca4-e33c-473a-86b5-58a4e76149a9___Com.G_SpM_FL 8632.JPG,Tomato_Spider_mites_Two_spotted_spider_mite,10,train
D:\Plant-Disease-Detection\PlantVillage\Tomato_Spider_mites_Two_spotted_spider_mite\64603741-48ad-46ad-96fd-33b1f1269a38___Com.G_SpM_FL 8823.JPG,Tomato_Spider_mites_Two_spotted_spider_mite,10,train
D:\Plant-Disease-Detection\PlantVillage\Tomato_Spider_mites_Two_spotted_spider_mite\6549382d-4588-46c9-8a3f-53666af6ba03___Com.G_SpM_FL 9374.JPG,Tomato_Spider_mites_Two_spotted_spider_mite,10,train
D:\Plant-Disease-Detection\PlantVillage\Tomato_Spider_mites_Two_spotted_spider_mite\6591279c-cd57-411a-84b6-1cbe73b3d4ef___Com.G_SpM_FL 9612.JPG,Tomato_Spider_mites_Two_spotted_spider_mite,10,train
D:\Plant-Disease-Detection\PlantVillage\Tomato_Spider_mites_Two_spotted_spider_mite\67310f37-d48e-4a4f-ab4b-39035a584646___Com.G_SpM_FL 8660.JPG,Tomato_Spider_mites_Two_spotted_spider_mite,10,train
D:\Plant-Disease-Detection\PlantVillage\Tomato_Spider_mites_Two_spotted_spider_mite\68399b92-e31b-47d1-a0c0-00bb1cd1d586___Com.G_SpM_FL 1212.JPG,Tomato_Spider_mites_Two_spotted_spider_mite,10,train
D:\Plant-Disease-Detection\PlantVillage\Tomato_Spider_mites_Two_spotted_spider_mite\68692dbf-ecab-4946-b432-a79046e67cde___Com.G_SpM_FL 9658.JPG,Tomato_Spider_mites_Two_spotted_spider_mite,10,test
D:\Plant-Disease-Detection\PlantVillage\Tomato_Spider_mites_Two_spotted_spider_mite\70787448-85e1-4479-a11b-86c52893ff22___Com.G_SpM_FL 9368.JPG,Tomato_Spider_mites_Two_spotted_spider_mite,10,train
D:\Plant-Disease-Detection\PlantVillage\Tomato_Spider_mites_Two_spotted_spider_mite\70953427-6b99-4bce-9340-640c5316f52a___Com.G_SpM_FL 9589.JPG,Tomato_Spider_mites_Two_spotted_spider_mite,10,train
D:\Plant-Disease-Detection\PlantVillage\Tomato_Spider_mites_Two_spotted_spider_mite\71048e39-6d6e-4381-9113-f2b4bd71ab93___Com.G_SpM_FL 8749.JPG,Tomato_Spider_mites_Two_spotted_spider_mite,10,train
D:\Plant-Disease-Detection\PlantVillage\Tomato_Spider_mites_Two_spotted_spider_mite\71648f5c-c9ee-4757-be82-4f8dce7ca3df___Com.G_SpM_FL 1228.JPG,Tomato_Spider_mites_Two_spotted_spider_mite,10,train
D:\Plant-Disease-Detection\PlantVillage\Tomato_Spider_mites_Two_spotted_spider_mite\7167844e-1c41-4b6b-a6df-54729cc646bf___Com.G_SpM_FL 9317.JPG,Tomato_Spider_mites_Two_spotted_spider_mite,10,train
D:\Plant-Disease-Detection\PlantVillage\Tomato_Spider_mites_Two_spotted_spider_mite\71856838-2253-491f-b3d0-87a3e73476ed___Com.G_SpM_FL 9584.JPG,Tomato_Spider_mites_Two_spotted_spider_mite,10,validation
D:\Plant-Disease-Detection\PlantVillage\Tomato_Spider_mites_Two_spotted_spider_mite\73376b86-f114-44cb-9e4a-c08ad133208c___Com.G_SpM_FL 9386.JPG,Tomato_Spider_mites_Two_spotted_spider_mite,10,test
D:\Plant-Disease-Detection\PlantVillage\Tomato_Spider_mites_Two_spotted_spider_mite\7346096e-9edb-48c3-a45d-65930d45c3ba___Com.G_SpM_FL 8876.JPG,Tomato_Spider_mites_Two_spotted_spider_mite,10,train
D:\Plant-Disease-Detection\PlantVillage\Tomato_Spider_mites_Two_spotted_spider_mite\74433374-b410-426c-8752-c0e4ea7c9f71___Com.G_SpM_FL 8641.JPG,Tomato_Spider_mites_Two_spotted_spider_mite,10,validation
D:\Plant-Disease-Detection\PlantVillage\Tomato_Spider_mites_Two_spotted_spider_mite\74888991-5de0-4851-affd-dd93d6fba9ce___Com.G_SpM_FL 1658.JPG,Tomato_Spider_mites_Two_spotted_spider_mite,10,train
D:\Plant-Disease-Detection\PlantVillage\Tomato_Spider_mites_Two_spotted_spider_mite\75071acd-8658-45ff-9688-ab8a22bfad10___Com.G_SpM_FL 1675.JPG,Tomato_Spider_mites_Two_spotted_spider_mite,10,train
D:\Plant-Disease-Detection\PlantVillage\Tomato_Spider_mites_Two_spotted_spider_mite\7574028f-6e71-4038-af96-0439e7bc4b13___Com.G_SpM_FL 8605.JPG,Tomato_Spider_mites_Two_spotted_spider_mite,10,train
D:\Plant-Disease-Detection\PlantVillage\Tomato_Spider_mites_Two_spotted_spider_mite\76704cf7-f216-49f4-83d6-7a2c7bc5beba___Com.G_SpM_FL 1251.JPG,Tomato_Spider_mites_Two_spotted_spider_mite,10,train
D:\Plant-Disease-Detection\PlantVillage\Tomato_Spider_mites_Two_spotted_spider_mite\77659538-6771-4e5d-95a5-be6c55c8f308___Com.G_SpM_FL 9614.JPG,Tomato_Spider_mites_Two_spotted_spider_mite,10,train
D:\Plant-Disease-Detection\PlantVillage\Tomato_Spider_mites_Two_spotted_spider_mite\779193cc-e88e-45e4-8f77-4b922d2f487d___Com.G_SpM_FL 9547.JPG,Tomato_Spider_mites_Two_spotted_spider_mite,10,test
D:\Plant-Disease-Detection\PlantVillage\Tomato_Spider_mites_Two_spotted_spider_mite\791891fa-a130-475d-b39a-f224bef3d67f___Com.G_SpM_FL 8931.JPG,Tomato_Spider_mites_Two_spotted_spider_mite,10,validation
D:\Plant-Disease-Detection\PlantVillage\Tomato_Spider_mites_Two_spotted_spider_mite\80288a30-b830-4bb8-8477-4491a125368d___Com.G_SpM_FL 1475.JPG,Tomato_Spider_mites_Two_spotted_spider_mite,10,validation
D:\Plant-Disease-Detection\PlantVillage\Tomato_Spider_mites_Two_spotted_spider_mite\8052041c-f635-49ad-b264-89a7cfc0348c___Com.G_SpM_FL 8732.JPG,Tomato_Spider_mites_Two_spotted_spider_mite,10,train
D:\Plant-Disease-Detection\PlantVillage\Tomato_Spider_mites_Two_spotted_spider_mite\81427abe-1327-4957-9ba1-b2202cf214c9___Com.G_SpM_FL 1711.JPG,Tomato_Spider_mites_Two_spotted_spider_mite,10,test
D:\Plant-Disease-Detection\PlantVillage\Tomato_Spider_mites_Two_spotted_spider_mite\81694ba2-5158-48aa-8b54-80ab5cae801c___Com.G_SpM_FL 9308.JPG,Tomato_Spider_mites_Two_spotted_spider_mite,10,train
D:\Plant-Disease-Detection\PlantVillage\Tomato_Spider_mites_Two_spotted_spider_mite\82306885-f863-4d0c-983b-9c479a0ff83f___Com.G_SpM_FL 9478.JPG,Tomato_Spider_mites_Two_spotted_spider_mite,10,train
D:\Plant-Disease-Detection\PlantVillage\Tomato_Spider_mites_Two_spotted_spider_mite\82565e82-32e7-482c-a1ab-68f4853e5dcb___Com.G_SpM_FL 8836.JPG,Tomato_Spider_mites_Two_spotted_spider_mite,10,test
D:\Plant-Disease-Detection\PlantVillage\Tomato_Spider_mites_Two_spotted_spider_mite\8267018a-a4fa-420b-9cdb-6f44b150459f___Com.G_SpM_FL 8832.JPG,Tomato_Spider_mites_Two_spotted_spider_mite,10,validation
D:\Plant-Disease-Detection\PlantVillage\Tomato_Spider_mites_Two_spotted_spider_mite\83066a1d-3c45-452b-af6e-55d6782c152d___Com.G_SpM_FL 9398.JPG,Tomato_Spider_mites_Two_spotted_spider_mite,10,train
D:\Plant-Disease-Detection\PlantVillage\Tomato_Spider_mites_Two_spotted_spider_mite\84399e4f-1c78-4e26-8e7b-961ee21fa3c2___Com.G_SpM_FL 1586.JPG,Tomato_Spider_mites_Two_spotted_spider_mite,10,test
D:\Plant-Disease-Detection\PlantVillage\Tomato_Spider_mites_Two_spotted_spider_mite\84576436-8772-4a27-8575-47a0e45adb81___Com.G_SpM_FL 1229.JPG,Tomato_Spider_mites_Two_spotted_spider_mite,10,test
D:\Plant-Disease-Detection\PlantVillage\Tomato_Spider_mites_Two_spotted_spider_mite\84838a39-2c68-42ed-a423-04e4398460b6___Com.G_SpM_FL 1781.JPG,Tomato_Spider_mites_Two_spotted_spider_mite,10,train
D:\Plant-Disease-Detection\PlantVillage\Tomato_Spider_mites_Two_spotted_spider_mite\85013fcf-15cc-4365-8536-735de6d9be7b___Com.G_SpM_FL 1576.JPG,Tomato_Spider_mites_Two_spotted_spider_mite,10,train
D:\Plant-Disease-Detection\PlantVillage\Tomato_Spider_mites_Two_spotted_spider_mite\85247ca8-8c30-4c83-9315-0755cd4be8c2___Com.G_SpM_FL 9503.JPG,Tomato_Spider_mites_Two_spotted_spider_mite,10,train
D:\Plant-Disease-Detection\PlantVillage\Tomato_Spider_mites_Two_spotted_spider_mite\86219f47-e739-479c-890d-622d000bcee1___Com.G_SpM_FL 1333.JPG,Tomato_Spider_mites_Two_spotted_spider_mite,10,train
D:\Plant-Disease-Detection\PlantVillage\Tomato_Spider_mites_Two_spotted_spider_mite\86508eec-6019-4504-a97e-285e5e910dc7___Com.G_SpM_FL 8723.JPG,Tomato_Spider_mites_Two_spotted_spider_mite,10,test
D:\Plant-Disease-Detection\PlantVillage\Tomato_Spider_mites_Two_spotted_spider_mite\8745069c-b83d-4672-8f04-03d33e276cd7___Com.G_SpM_FL 9028.JPG,Tomato_Spider_mites_Two_spotted_spider_mite,10,train
D:\Plant-Disease-Detection\PlantVillage\Tomato_Spider_mites_Two_spotted_spider_mite\87457821-e967-41c9-bda0-4e375fdeaa59___Com.G_SpM_FL 1609.JPG,Tomato_Spider_mites_Two_spotted_spider_mite,10,train
D:\Plant-Disease-Detection\PlantVillage\Tomato_Spider_mites_Two_spotted_spider_mite\88dd407b-4ff6-4106-92a6-76d758e88c58___Com.G_SpM_FL 9027.JPG,Tomato_Spider_mites_Two_spotted_spider_mite,10,train
D:\Plant-Disease-Detection\PlantVillage\Tomato_Spider_mites_Two_spotted_spider_mite\88edbc3c-7373-46fd-b08b-e99408ea58db___Com.G_SpM_FL 1569.JPG,Tomato_Spider_mites_Two_spotted_spider_mite,10,train
D:\Plant-Disease-Detection\PlantVillage\Tomato_Spider_mites_Two_spotted_spider_mite\88f30e10-a3c3-47d3-ba7c-fbe87ee1910b___Com.G_SpM_FL 1653.JPG,Tomato_Spider_mites_Two_spotted_spider_mite,10,train
D:\Plant-Disease-Detection\PlantVillage\Tomato_Spider_mites_Two_spotted_spider_mite\89188288-ad6b-4327-b712-3c3dbe08e5eb___Com.G_SpM_FL 8495.JPG,Tomato_Spider_mites_Two_spotted_spider_mite,10,train
D:\Plant-Disease-Detection\PlantVillage\Tomato_Spider_mites_Two_spotted_spider_mite\89281d6e-f76e-4945-89b9-bec3c83e23bd___Com.G_SpM_FL 9355.JPG,Tomato_Spider_mites_Two_spotted_spider_mite,10,test
D:\Plant-Disease-Detection\PlantVillage\Tomato_Spider_mites_Two_spotted_spider_mite\89956d0e-2500-4ed8-87a5-8b221c5b8f6b___Com.G_SpM_FL 8914.JPG,Tomato_Spider_mites_Two_spotted_spider_mite,10,train
D:\Plant-Disease-Detection\PlantVillage\Tomato_Spider_mites_Two_spotted_spider_mite\89f2d406-7506-4cd0-b075-cdbba849d8a8___Com.G_SpM_FL 8897.JPG,Tomato_Spider_mites_Two_spotted_spider_mite,10,train
D:\Plant-Disease-Detection\PlantVillage\Tomato_Spider_mites_Two_spotted_spider_mite\89f4682e-96b6-4eba-a8ce-b485b42175ef___Com.G_SpM_FL 8541.JPG,Tomato_Spider_mites_Two_spotted_spider_mite,10,train
D:\Plant-Disease-Detection\PlantVillage\Tomato_Spider_mites_Two_spotted_spider_mite\900034b9-3cd5-4456-b75b-39e645e25a43___Com.G_SpM_FL 8751.JPG,Tomato_Spider_mites_Two_spotted_spider_mite,10,train
D:\Plant-Disease-Detection\PlantVillage\Tomato_Spider_mites_Two_spotted_spider_mite\900402d8-2d24-4d8b-b7b2-556bf2124e1b___Com.G_SpM_FL 9437.JPG,Tomato_Spider_mites_Two_spotted_spider_mite,10,train
D:\Plant-Disease-Detection\PlantVillage\Tomato_Spider_mites_Two_spotted_spider_mite\90b28f76-c548-4b20-8421-fc0a6687f755___Com.G_SpM_FL 1756.JPG,Tomato_Spider_mites_Two_spotted_spider_mite,10,validation
D:\Plant-Disease-Detection\PlantVillage\Tomato_Spider_mites_Two_spotted_spider_mite\913333d7-2858-4bb0-b3c1-65b33667e0db___Com.G_SpM_FL 1432.JPG,Tomato_Spider_mites_Two_spotted_spider_mite,10,train
D:\Plant-Disease-Detection\PlantVillage\Tomato_Spider_mites_Two_spotted_spider_mite\92984828-1f93-49c5-89d4-039c434c5737___Com.G_SpM_FL 8500.JPG,Tomato_Spider_mites_Two_spotted_spider_mite,10,train
D:\Plant-Disease-Detection\PlantVillage\Tomato_Spider_mites_Two_spotted_spider_mite\932960b9-d5f1-4636-87dd-86620488c2b4___Com.G_SpM_FL 9587.JPG,Tomato_Spider_mites_Two_spotted_spider_mite,10,train
D:\Plant-Disease-Detection\PlantVillage\Tomato_Spider_mites_Two_spotted_spider_mite\93584043-384a-48eb-885d-cb87a1e432c1___Com.G_SpM_FL 1629.JPG,Tomato_Spider_mites_Two_spotted_spider_mite,10,train
D:\Plant-Disease-Detection\PlantVillage\Tomato_Spider_mites_Two_spotted_spider_mite\9363617d-ac55-4c84-8883-38b61e06b1ec___Com.G_SpM_FL 8439.JPG,Tomato_Spider_mites_Two_spotted_spider_mite,10,train
D:\Plant-Disease-Detection\PlantVillage\Tomato_Spider_mites_Two_spotted_spider_mite\94451749-fc16-42bc-93f9-89f08e7e3a7d___Com.G_SpM_FL 8789.JPG,Tomato_Spider_mites_Two_spotted_spider_mite,10,test
D:\Plant-Disease-Detection\PlantVillage\Tomato_Spider_mites_Two_spotted_spider_mite\95259f4f-cf58-4eaf-8250-65a78d325fe0___Com.G_SpM_FL 1692.JPG,Tomato_Spider_mites_Two_spotted_spider_mite,10,train
D:\Plant-Disease-Detection\PlantVillage\Tomato_Spider_mites_Two_spotted_spider_mite\95379b0d-f7b4-4f9c-8eb4-860556e2eabb___Com.G_SpM_FL 1621.JPG,Tomato_Spider_mites_Two_spotted_spider_mite,10,test
D:\Plant-Disease-Detection\PlantVillage\Tomato_Spider_mites_Two_spotted_spider_mite\97148730-7d8d-490d-9f90-1e0afafce2a4___Com.G_SpM_FL 9631.JPG,Tomato_Spider_mites_Two_spotted_spider_mite,10,validation
D:\Plant-Disease-Detection\PlantVillage\Tomato_Spider_mites_Two_spotted_spider_mite\98916e40-9711-49d6-af8b-77c10be459e2___Com.G_SpM_FL 8551.JPG,Tomato_Spider_mites_Two_spotted_spider_mite,10,train
D:\Plant-Disease-Detection\PlantVillage\Tomato_Spider_mites_Two_spotted_spider_mite\a0229f31-ff4c-43fb-92f0-932716d1756b___Com.G_SpM_FL 9599.JPG,Tomato_Spider_mites_Two_spotted_spider_mite,10,validation
D:\Plant-Disease-Detection\PlantVillage\Tomato_Spider_mites_Two_spotted_spider_mite\a0501b8f-a2b6-424e-8208-72b779eb5654___Com.G_SpM_FL 8941.JPG,Tomato_Spider_mites_Two_spotted_spider_mite,10,validation
D:\Plant-Disease-Detection\PlantVillage\Tomato_Spider_mites_Two_spotted_spider_mite\a0900c57-a463-4412-a3bc-83b413d3eae3___Com.G_SpM_FL 1395.JPG,Tomato_Spider_mites_Two_spotted_spider_mite,10,train
D:\Plant-Disease-Detection\PlantVillage\Tomato_Spider_mites_Two_spotted_spider_mite\a09c6216-2124-479f-83d0-099422dc6f13___Com.G_SpM_FL 1171.JPG,Tomato_Spider_mites_Two_spotted_spider_mite,10,validation
D:\Plant-Disease-Detection\PlantVillage\Tomato_Spider_mites_Two_spotted_spider_mite\a14df6fa-024d-46d4-83ef-52d4d76c8f8c___Com.G_SpM_FL 8685.JPG,Tomato_Spider_mites_Two_spotted_spider_mite,10,train
D:\Plant-Disease-Detection\PlantVillage\Tomato_Spider_mites_Two_spotted_spider_mite\a1b54d81-e157-4617-9d9e-c3335c7c7efd___Com.G_SpM_FL 9634.JPG,Tomato_Spider_mites_Two_spotted_spider_mite,10,test
D:\Plant-Disease-Detection\PlantVillage\Tomato_Spider_mites_Two_spotted_spider_mite\a1dd03db-9622-4ef3-877d-278c89ada38c___Com.G_SpM_FL 1370.JPG,Tomato_Spider_mites_Two_spotted_spider_mite,10,train
D:\Plant-Disease-Detection\PlantVillage\Tomato_Spider_mites_Two_spotted_spider_mite\a1fc0694-984c-427c-89e6-11ae9b9175da___Com.G_SpM_FL 1512.JPG,Tomato_Spider_mites_Two_spotted_spider_mite,10,train
D:\Plant-Disease-Detection\PlantVillage\Tomato_Spider_mites_Two_spotted_spider_mite\a220e9d0-2c68-4692-8955-dc931924fa17___Com.G_SpM_FL 8452.JPG,Tomato_Spider_mites_Two_spotted_spider_mite,10,test
D:\Plant-Disease-Detection\PlantVillage\Tomato_Spider_mites_Two_spotted_spider_mite\a2b2e11f-9078-4fad-9629-e1f94e66611a___Com.G_SpM_FL 8424.JPG,Tomato_Spider_mites_Two_spotted_spider_mite,10,validation
D:\Plant-Disease-Detection\PlantVillage\Tomato_Spider_mites_Two_spotted_spider_mite\a2cfdb52-ba7c-4e49-bf32-54eeb4ee97c9___Com.G_SpM_FL 9345.JPG,Tomato_Spider_mites_Two_spotted_spider_mite,10,test
D:\Plant-Disease-Detection\PlantVillage\Tomato_Spider_mites_Two_spotted_spider_mite\a2dd9787-1855-44a0-8b16-50ace1be850d___Com.G_SpM_FL 1382.JPG,Tomato_Spider_mites_Two_spotted_spider_mite,10,train
D:\Plant-Disease-Detection\PlantVillage\Tomato_Spider_mites_Two_spotted_spider_mite\a36909f2-39bf-4ec8-b7bd-920cd3167042___Com.G_SpM_FL 9373.JPG,Tomato_Spider_mites_Two_spotted_spider_mite,10,train
D:\Plant-Disease-Detection\PlantVillage\Tomato_Spider_mites_Two_spotted_spider_mite\a36dc1d6-a057-4a87-bd51-ac663666ae14___Com.G_SpM_FL 1465.JPG,Tomato_Spider_mites_Two_spotted_spider_mite,10,validation
D:\Plant-Disease-Detection\PlantVillage\Tomato_Spider_mites_Two_spotted_spider_mite\a3cbf151-7473-40c5-b40f-fa27fe490b21___Com.G_SpM_FL 8722.JPG,Tomato_Spider_mites_Two_spotted_spider_mite,10,train
D:\Plant-Disease-Detection\PlantVillage\Tomato_Spider_mites_Two_spotted_spider_mite\a3e550eb-e6e8-4ec5-a2c3-9e7f34fb6292___Com.G_SpM_FL 8540.JPG,Tomato_Spider_mites_Two_spotted_spider_mite,10,train
D:\Plant-Disease-Detection\PlantVillage\Tomato_Spider_mites_Two_spotted_spider_mite\a461c5ba-c3c2-415c-a72e-10f8e6b49613___Com.G_SpM_FL 1780.JPG,Tomato_Spider_mites_Two_spotted_spider_mite,10,train
D:\Plant-Disease-Detection\PlantVillage\Tomato_Spider_mites_Two_spotted_spider_mite\a46bbe0e-2964-41df-abe5-f9c9a6934c37___Com.G_SpM_FL 1599.JPG,Tomato_Spider_mites_Two_spotted_spider_mite,10,train
D:\Plant-Disease-Detection\PlantVillage\Tomato_Spider_mites_Two_spotted_spider_mite\a4875bbb-41eb-440b-bb04-fb6549bfaff6___Com.G_SpM_FL 8794.JPG,Tomato_Spider_mites_Two_spotted_spider_mite,10,train
D:\Plant-Disease-Detection\PlantVillage\Tomato_Spider_mites_Two_spotted_spider_mite\a4bbc909-f777-44ee-bc32-8571287608ce___Com.G_SpM_FL 9004.JPG,Tomato_Spider_mites_Two_spotted_spider_mite,10,train
D:\Plant-Disease-Detection\PlantVillage\Tomato_Spider_mites_Two_spotted_spider_mite\a4d09278-0087-43a4-bb77-11b22c861d30___Com.G_SpM_FL 8699.JPG,Tomato_Spider_mites_Two_spotted_spider_mite,10,train
D:\Plant-Disease-Detection\PlantVillage\Tomato_Spider_mites_Two_spotted_spider_mite\a4f8db48-3677-438b-b06f-d1832dcefbd7___Com.G_SpM_FL 8982.JPG,Tomato_Spider_mites_Two_spotted_spider_mite,10,validation
D:\Plant-Disease-Detection\PlantVillage\Tomato_Spider_mites_Two_spotted_spider_mite\a515cf30-960a-46ec-b19a-9d66894029d6___Com.G_SpM_FL 9519.JPG,Tomato_Spider_mites_Two_spotted_spider_mite,10,train
D:\Plant-Disease-Detection\PlantVillage\Tomato_Spider_mites_Two_spotted_spider_mite\a516c588-16a6-405c-ba03-21a2f8bc400e___Com.G_SpM_FL 1508.JPG,Tomato_Spider_mites_Two_spotted_spider_mite,10,train
D:\Plant-Disease-Detection\PlantVillage\Tomato_Spider_mites_Two_spotted_spider_mite\a528e3eb-903e-42d6-8bd8-75157b2da5d8___Com.G_SpM_FL 9011.JPG,Tomato_Spider_mites_Two_spotted_spider_mite,10,validation
D:\Plant-Disease-Detection\PlantVillage\Tomato_Spider_mites_Two_spotted_spider_mite\a53c16f4-bbc6-44d5-b403-2f15d2d239a8___Com.G_SpM_FL 8631.JPG,Tomato_Spider_mites_Two_spotted_spider_mite,10,validation
D:\Plant-Disease-Detection\PlantVillage\Tomato_Spider_mites_Two_spotted_spider_mite\a56182d9-143a-45fc-a1be-946ba0d46935___Com.G_SpM_FL 9550.JPG,Tomato_Spider_mites_Two_spotted_spider_mite,10,validation
D:\Plant-Disease-Detection\PlantVillage\Tomato_Spider_mites_Two_spotted_spider_mite\a5aabead-d8cd-4739-b094-a16d94b57738___Com.G_SpM_FL 8683.JPG,Tomato_Spider_mites_Two_spotted_spider_mite,10,train
D:\Plant-Disease-Detection\PlantVillage\Tomato_Spider_mites_Two_spotted_spider_mite\a5ae43ce-cfd3-4106-80e0-46c96f201b7c___Com.G_SpM_FL 1264.JPG,Tomato_Spider_mites_Two_spotted_spider_mite,10,train
D:\Plant-Disease-Detection\PlantVillage\Tomato_Spider_mites_Two_spotted_spider_mite\a5bdf9e4-dd03-4328-a0fd-5e269f0929ed___Com.G_SpM_FL 9508.JPG,Tomato_Spider_mites_Two_spotted_spider_mite,10,train
D:\Plant-Disease-Detection\PlantVillage\Tomato_Spider_mites_Two_spotted_spider_mite\a5c94846-a321-407d-b2d9-b29d18e24911___Com.G_SpM_FL 1555.JPG,Tomato_Spider_mites_Two_spotted_spider_mite,10,train
D:\Plant-Disease-Detection\PlantVillage\Tomato_Spider_mites_Two_spotted_spider_mite\a5fc8c9f-767e-4ccd-b8ab-a9c52fde7a39___Com.G_SpM_FL 1602.JPG,Tomato_Spider_mites_Two_spotted_spider_mite,10,train
D:\Plant-Disease-Detection\PlantVillage\Tomato_Spider_mites_Two_spotted_spider_mite\a641c588-7ab4-4a6c-8547-c0ae01ff944b___Com.G_SpM_FL 8502.JPG,Tomato_Spider_mites_Two_spotted_spider_mite,10,train
D:\Plant-Disease-Detection\PlantVillage\Tomato_Spider_mites_Two_spotted_spider_mite\a6684ff9-cc11-49d4-a07a-14eb5a9b1264___Com.G_SpM_FL 1636.JPG,Tomato_Spider_mites_Two_spotted_spider_mite,10,train
D:\Plant-Disease-Detection\PlantVillage\Tomato_Spider_mites_Two_spotted_spider_mite\a67b81b4-ba9a-48eb-99cd-be36350a787e___Com.G_SpM_FL 8906.JPG,Tomato_Spider_mites_Two_spotted_spider_mite,10,train
D:\Plant-Disease-Detection\PlantVillage\Tomato_Spider_mites_Two_spotted_spider_mite\a6ab82be-a59d-4288-aec5-194d8d796a31___Com.G_SpM_FL 9322.JPG,Tomato_Spider_mites_Two_spotted_spider_mite,10,train
D:\Plant-Disease-Detection\PlantVillage\Tomato_Spider_mites_Two_spotted_spider_mite\a72e3d6b-3c1b-4e2f-83b3-26eef0e1c3f3___Com.G_SpM_FL 1311.JPG,Tomato_Spider_mites_Two_spotted_spider_mite,10,train
D:\Plant-Disease-Detection\PlantVillage\Tomato_Spider_mites_Two_spotted_spider_mite\a74561dc-37d9-407f-bb58-596344859fa3___Com.G_SpM_FL 8517.JPG,Tomato_Spider_mites_Two_spotted_spider_mite,10,test
D:\Plant-Disease-Detection\PlantVillage\Tomato_Spider_mites_Two_spotted_spider_mite\a75666ed-91d1-4f47-bcf2-554c8a5a3fd5___Com.G_SpM_FL 9551.JPG,Tomato_Spider_mites_Two_spotted_spider_mite,10,train
D:\Plant-Disease-Detection\PlantVillage\Tomato_Spider_mites_Two_spotted_spider_mite\a76a99f6-5e6d-4ca1-aabb-369019686a5e___Com.G_SpM_FL 8752.JPG,Tomato_Spider_mites_Two_spotted_spider_mite,10,validation
D:\Plant-Disease-Detection\PlantVillage\Tomato_Spider_mites_Two_spotted_spider_mite\a7e5ee11-72e4-4e8b-8a1d-1ca0ca5bfebd___Com.G_SpM_FL 8747.JPG,Tomato_Spider_mites_Two_spotted_spider_mite,10,train
D:\Plant-Disease-Detection\PlantVillage\Tomato_Spider_mites_Two_spotted_spider_mite\a8095d03-62bd-4a7e-b4df-f385f809bbc8___Com.G_SpM_FL 8637.JPG,Tomato_Spider_mites_Two_spotted_spider_mite,10,train
D:\Plant-Disease-Detection\PlantVillage\Tomato_Spider_mites_Two_spotted_spider_mite\a80f6d23-395d-4a7e-bd55-805e723f2b45___Com.G_SpM_FL 9622.JPG,Tomato_Spider_mites_Two_spotted_spider_mite,10,train
D:\Plant-Disease-Detection\PlantVillage\Tomato_Spider_mites_Two_spotted_spider_mite\a865eaa1-aeb5-4e74-9e8d-274d7295b070___Com.G_SpM_FL 1494.JPG,Tomato_Spider_mites_Two_spotted_spider_mite,10,train
D:\Plant-Disease-Detection\PlantVillage\Tomato_Spider_mites_Two_spotted_spider_mite\a8a96fef-22c8-45d9-971a-8211b91e72de___Com.G_SpM_FL 8520.JPG,Tomato_Spider_mites_Two_spotted_spider_mite,10,train
D:\Plant-Disease-Detection\PlantVillage\Tomato_Spider_mites_Two_spotted_spider_mite\a90a575f-937a-4975-a750-b83ea905900d___Com.G_SpM_FL 9337.JPG,Tomato_Spider_mites_Two_spotted_spider_mite,10,test
D:\Plant-Disease-Detection\PlantVillage\Tomato_Spider_mites_Two_spotted_spider_mite\a90a76da-5115-4423-a699-0f476b9bc1d5___Com.G_SpM_FL 1332.JPG,Tomato_Spider_mites_Two_spotted_spider_mite,10,validation
D:\Plant-Disease-Detection\PlantVillage\Tomato_Spider_mites_Two_spotted_spider_mite\a929e182-7b74-4144-90ca-4afa19bf5cd4___Com.G_SpM_FL 8916.JPG,Tomato_Spider_mites_Two_spotted_spider_mite,10,train
D:\Plant-Disease-Detection\PlantVillage\Tomato_Spider_mites_Two_spotted_spider_mite\a93fe19f-ab48-4da3-aaf8-5c68c5ccd411___Com.G_SpM_FL 1341.JPG,Tomato_Spider_mites_Two_spotted_spider_mite,10,train
D:\Plant-Disease-Detection\PlantVillage\Tomato_Spider_mites_Two_spotted_spider_mite\a9f8dc74-80c2-47d5-98e9-ac83c003b2b0___Com.G_SpM_FL 1230.JPG,Tomato_Spider_mites_Two_spotted_spider_mite,10,train
D:\Plant-Disease-Detection\PlantVillage\Tomato_Spider_mites_Two_spotted_spider_mite\f326f897-97c5-40fe-a4a5-54569877eb46___Com.G_SpM_FL 8606.JPG,Tomato_Spider_mites_Two_spotted_spider_mite,10,train
D:\Plant-Disease-Detection\PlantVillage\Tomato_Spider_mites_Two_spotted_spider_mite\f570a366-2bfa-4619-b22c-f872abcc6d81___Com.G_SpM_FL 8566.JPG,Tomato_Spider_mites_Two_spotted_spider_mite,10,train
D:\Plant-Disease-Detection\PlantVillage\Tomato_Spider_mites_Two_spotted_spider_mite\f581a55f-a154-4266-8306-aa00abd9ebe8___Com.G_SpM_FL 9301.JPG,Tomato_Spider_mites_Two_spotted_spider_mite,10,train
D:\Plant-Disease-Detection\PlantVillage\Tomato_Spider_mites_Two_spotted_spider_mite\f583df26-3eb8-431c-8171-ead493c7acfd___Com.G_SpM_FL 9035.JPG,Tomato_Spider_mites_Two_spotted_spider_mite,10,test
D:\Plant-Disease-Detection\PlantVillage\Tomato_Spider_mites_Two_spotted_spider_mite\f598ab69-e947-4664-9df0-0ba133e40b30___Com.G_SpM_FL 9504.JPG,Tomato_Spider_mites_Two_spotted_spider_mite,10,train
D:\Plant-Disease-Detection\PlantVillage\Tomato_Spider_mites_Two_spotted_spider_mite\f7494345-4bb3-42b8-8043-689059c28424___Com.G_SpM_FL 8688.JPG,Tomato_Spider_mites_Two_spotted_spider_mite,10,test
D:\Plant-Disease-Detection\PlantVillage\Tomato_Spider_mites_Two_spotted_spider_mite\f8450125-610c-4bb2-a6e5-0772951312ca___Com.G_SpM_FL 9489.JPG,Tomato_Spider_mites_Two_spotted_spider_mite,10,test
D:\Plant-Disease-Detection\PlantVillage\Tomato_Spider_mites_Two_spotted_spider_mite\f8505395-0291-442f-a735-f98b806f896e___Com.G_SpM_FL 1271.JPG,Tomato_Spider_mites_Two_spotted_spider_mite,10,train
D:\Plant-Disease-Detection\PlantVillage\Tomato_Spider_mites_Two_spotted_spider_mite\f88f405a-176b-479c-9028-913957456752___Com.G_SpM_FL 9638.JPG,Tomato_Spider_mites_Two_spotted_spider_mite,10,train
D:\Plant-Disease-Detection\PlantVillage\Tomato_Spider_mites_Two_spotted_spider_mite\f9234562-7b0a-4685-b92b-a4ee86670292___Com.G_SpM_FL 8902.JPG,Tomato_Spider_mites_Two_spotted_spider_mite,10,validation
D:\Plant-Disease-Detection\PlantVillage\Tomato_Spider_mites_Two_spotted_spider_mite\f9725539-49f8-4152-9c67-cc018fca8c87___Com.G_SpM_FL 1477.JPG,Tomato_Spider_mites_Two_spotted_spider_mite,10,train
D:\Plant-Disease-Detection\PlantVillage\Tomato_Spider_mites_Two_spotted_spider_mite\fa05ccd2-725d-4664-aaca-1c8b69d73b10___Com.G_SpM_FL 1505.JPG,Tomato_Spider_mites_Two_spotted_spider_mite,10,train
D:\Plant-Disease-Detection\PlantVillage\Tomato_Spider_mites_Two_spotted_spider_mite\fa0f71aa-5583-4376-ab17-a755cf065aaf___Com.G_SpM_FL 1520.JPG,Tomato_Spider_mites_Two_spotted_spider_mite,10,validation
D:\Plant-Disease-Detection\PlantVillage\Tomato_Spider_mites_Two_spotted_spider_mite\fa497010-52f0-46df-90ab-c40e1d9bb34b___Com.G_SpM_FL 8542.JPG,Tomato_Spider_mites_Two_spotted_spider_mite,10,train
D:\Plant-Disease-Detection\PlantVillage\Tomato_Spider_mites_Two_spotted_spider_mite\fab1a3c8-938d-474e-beb0-d34a68afdd17___Com.G_SpM_FL 1718.JPG,Tomato_Spider_mites_Two_spotted_spider_mite,10,train
D:\Plant-Disease-Detection\PlantVillage\Tomato_Spider_mites_Two_spotted_spider_mite\fab1e254-f251-41ee-9e9e-a7ef7c2541ba___Com.G_SpM_FL 1417.JPG,Tomato_Spider_mites_Two_spotted_spider_mite,10,train
D:\Plant-Disease-Detection\PlantVillage\Tomato_Spider_mites_Two_spotted_spider_mite\fb4d0983-9df9-40be-8b1c-bbd5b9aa3620___Com.G_SpM_FL 1770.JPG,Tomato_Spider_mites_Two_spotted_spider_mite,10,train
D:\Plant-Disease-Detection\PlantVillage\Tomato_Spider_mites_Two_spotted_spider_mite\fb5a5218-f752-49c5-8ae2-d54251b8177e___Com.G_SpM_FL 8701.JPG,Tomato_Spider_mites_Two_spotted_spider_mite,10,validation
